subject,model,p,v,rel,bin
abstract_algebra,codellama_codellama_34b_instruct,0.31,0.21606060606060593,1.0101010101010095,0.3-0.5
abstract_algebra,codellama_codellama_34b_instruct,0.3,0.21212121212121193,1.0101010101010093,0.1-0.3
abstract_algebra,codellama_codellama_34b_instruct,0.29,0.20797979797979768,1.0101010101010088,0.1-0.3
abstract_algebra,codellama_codellama_34b_instruct,0.31,0.21606060606060593,1.0101010101010095,0.3-0.5
abstract_algebra,codellama_codellama_34b_instruct,0.31,0.21606060606060593,1.0101010101010095,0.3-0.5
abstract_algebra,codellama_codellama_34b_instruct,0.33,0.22333333333333294,1.0101010101010084,0.3-0.5
abstract_algebra,codellama_codellama_34b_instruct,0.29,0.20797979797979768,1.0101010101010088,0.1-0.3
abstract_algebra,codellama_codellama_34b_instruct,0.34,0.22666666666666693,1.0101010101010113,0.3-0.5
abstract_algebra,codellama_codellama_34b_instruct,0.32,0.21979797979797946,1.0101010101010086,0.3-0.5
abstract_algebra,codellama_codellama_34b_instruct,0.33,0.22333333333333294,1.0101010101010084,0.3-0.5
abstract_algebra,codellama_codellama_34b_instruct,0.3,0.21212121212121193,1.0101010101010093,0.1-0.3
abstract_algebra,codellama_codellama_34b_instruct,0.35,0.2297979797979795,1.0101010101010088,0.3-0.5
abstract_algebra,codellama_codellama_34b_instruct,0.31,0.21606060606060593,1.0101010101010095,0.3-0.5
abstract_algebra,codellama_codellama_34b_instruct,0.3,0.21212121212121193,1.0101010101010093,0.1-0.3
abstract_algebra,codellama_codellama_34b_instruct,0.31,0.21606060606060593,1.0101010101010095,0.3-0.5
abstract_algebra,codellama_codellama_34b_instruct,0.3,0.21212121212121193,1.0101010101010093,0.1-0.3
abstract_algebra,codellama_codellama_34b_instruct,0.29,0.20797979797979768,1.0101010101010088,0.1-0.3
abstract_algebra,codellama_codellama_34b_instruct,0.35,0.2297979797979795,1.0101010101010088,0.3-0.5
abstract_algebra,codellama_codellama_34b_instruct,0.31,0.21606060606060595,1.0101010101010097,0.3-0.5
abstract_algebra,codellama_codellama_34b_instruct,0.33,0.22333333333333294,1.0101010101010084,0.3-0.5
abstract_algebra,codellama_codellama_34b_instruct,0.32,0.21979797979797946,1.0101010101010086,0.3-0.5
abstract_algebra,codellama_codellama_34b_instruct,0.24,0.18424242424242462,1.0101010101010122,0.1-0.3
abstract_algebra,codellama_codellama_34b_instruct,0.28,0.20363636363636345,1.010101010101009,0.1-0.3
abstract_algebra,codellama_codellama_34b_instruct,0.25,0.1893939393939394,1.0101010101010102,0.1-0.3
abstract_algebra,codellama_codellama_34b_instruct,0.28,0.20363636363636345,1.010101010101009,0.1-0.3
abstract_algebra,codellama_codellama_34b_instruct,0.28,0.20363636363636345,1.010101010101009,0.1-0.3
abstract_algebra,codellama_codellama_34b_instruct,0.26,0.1943434343434342,1.0101010101010093,0.1-0.3
abstract_algebra,codellama_codellama_34b_instruct,0.28,0.20363636363636334,1.0101010101010086,0.1-0.3
abstract_algebra,codellama_codellama_34b_instruct,0.31,0.21606060606060593,1.0101010101010095,0.3-0.5
abstract_algebra,codellama_codellama_34b_instruct,0.25,0.1893939393939394,1.0101010101010102,0.1-0.3
abstract_algebra,codellama_codellama_34b_instruct,0.26,0.1943434343434342,1.0101010101010093,0.1-0.3
abstract_algebra,codellama_codellama_34b_instruct,0.29,0.20797979797979768,1.0101010101010088,0.1-0.3
abstract_algebra,codellama_codellama_34b_instruct,0.25,0.1893939393939394,1.0101010101010102,0.1-0.3
abstract_algebra,codellama_codellama_34b_instruct,0.27,0.19909090909090937,1.0101010101010115,0.1-0.3
abstract_algebra,codellama_codellama_34b_instruct,0.29,0.20797979797979774,1.010101010101009,0.1-0.3
abstract_algebra,codellama_codellama_34b_instruct,0.28,0.20363636363636342,1.010101010101009,0.1-0.3
abstract_algebra,codellama_codellama_34b_instruct,0.28,0.2036363636363635,1.0101010101010095,0.1-0.3
abstract_algebra,codellama_codellama_34b_instruct,0.29,0.20797979797979774,1.010101010101009,0.1-0.3
abstract_algebra,codellama_codellama_34b_instruct,0.27,0.19909090909090943,1.0101010101010117,0.1-0.3
abstract_algebra,codellama_codellama_34b_instruct,0.27,0.19909090909090943,1.0101010101010117,0.1-0.3
abstract_algebra,codellama_codellama_34b_instruct,0.3,0.212121212121212,1.0101010101010095,0.1-0.3
abstract_algebra,codellama_codellama_34b_instruct,0.26,0.1943434343434343,1.0101010101010097,0.1-0.3
abstract_algebra,codellama_codellama_34b_instruct,0.27,0.19909090909090946,1.010101010101012,0.1-0.3
abstract_algebra,codellama_codellama_34b_instruct,0.26,0.1943434343434343,1.0101010101010097,0.1-0.3
abstract_algebra,codellama_codellama_34b_instruct,0.27,0.19909090909090946,1.010101010101012,0.1-0.3
abstract_algebra,codellama_codellama_34b_instruct,0.27,0.19909090909090946,1.010101010101012,0.1-0.3
abstract_algebra,codellama_codellama_34b_instruct,0.26,0.1943434343434343,1.0101010101010097,0.1-0.3
abstract_algebra,codellama_codellama_34b_instruct,0.26,0.1943434343434343,1.0101010101010097,0.1-0.3
abstract_algebra,codellama_codellama_34b_instruct,0.27,0.19909090909090943,1.0101010101010117,0.1-0.3
abstract_algebra,codellama_codellama_34b_instruct,0.26,0.1943434343434343,1.0101010101010097,0.1-0.3
abstract_algebra,codellama_codellama_34b_instruct,0.26,0.1943434343434343,1.0101010101010097,0.1-0.3
abstract_algebra,codellama_codellama_34b_instruct,0.26,0.1943434343434343,1.0101010101010097,0.1-0.3
abstract_algebra,codellama_codellama_34b_instruct,0.26,0.1943434343434343,1.0101010101010097,0.1-0.3
abstract_algebra,codellama_codellama_34b_instruct,0.32,0.2197979797979794,1.0101010101010084,0.3-0.5
abstract_algebra,codellama_codellama_34b_instruct,0.29,0.20797979797979768,1.0101010101010088,0.1-0.3
abstract_algebra,codellama_codellama_34b_instruct,0.27,0.19909090909090946,1.010101010101012,0.1-0.3
abstract_algebra,codellama_codellama_34b_instruct,0.26,0.1943434343434343,1.0101010101010097,0.1-0.3
abstract_algebra,codellama_codellama_34b_instruct,0.28,0.20363636363636345,1.010101010101009,0.1-0.3
abstract_algebra,codellama_codellama_34b_instruct,0.28,0.20363636363636345,1.010101010101009,0.1-0.3
abstract_algebra,codellama_codellama_34b_instruct,0.26,0.1943434343434342,1.0101010101010093,0.1-0.3
abstract_algebra,codellama_codellama_34b_instruct,0.31,0.21606060606060593,1.0101010101010095,0.3-0.5
abstract_algebra,codellama_codellama_34b_instruct,0.27,0.19909090909090937,1.0101010101010115,0.1-0.3
abstract_algebra,codellama_codellama_34b_instruct,0.27,0.19909090909090937,1.0101010101010115,0.1-0.3
abstract_algebra,codellama_codellama_34b_instruct,0.28,0.20363636363636345,1.010101010101009,0.1-0.3
abstract_algebra,codellama_codellama_34b_instruct,0.31,0.21606060606060593,1.0101010101010095,0.3-0.5
abstract_algebra,codellama_codellama_34b_instruct,0.27,0.19909090909090943,1.0101010101010117,0.1-0.3
abstract_algebra,codellama_codellama_34b_instruct,0.25,0.1893939393939394,1.0101010101010102,0.1-0.3
abstract_algebra,codellama_codellama_34b_instruct,0.27,0.19909090909090943,1.0101010101010117,0.1-0.3
abstract_algebra,codellama_codellama_34b_instruct,0.26,0.1943434343434343,1.0101010101010097,0.1-0.3
abstract_algebra,codellama_codellama_34b_instruct,0.27,0.19909090909090943,1.0101010101010117,0.1-0.3
abstract_algebra,codellama_codellama_34b_instruct,0.25,0.1893939393939394,1.0101010101010102,0.1-0.3
abstract_algebra,codellama_codellama_34b_instruct,0.3,0.21212121212121193,1.0101010101010093,0.1-0.3
abstract_algebra,codellama_codellama_34b_instruct,0.26,0.19434343434343426,1.0101010101010095,0.1-0.3
abstract_algebra,codellama_codellama_34b_instruct,0.27,0.19909090909090937,1.0101010101010115,0.1-0.3
abstract_algebra,codellama_codellama_34b_instruct,0.25,0.1893939393939394,1.0101010101010102,0.1-0.3
abstract_algebra,codellama_codellama_34b_instruct,0.26,0.1943434343434343,1.0101010101010097,0.1-0.3
abstract_algebra,codellama_codellama_34b_instruct,0.25,0.1893939393939394,1.0101010101010102,0.1-0.3
abstract_algebra,codellama_codellama_34b_instruct,0.25,0.1893939393939394,1.0101010101010102,0.1-0.3
abstract_algebra,codellama_codellama_34b_instruct,0.25,0.1893939393939394,1.0101010101010102,0.1-0.3
abstract_algebra,codellama_codellama_34b_instruct,0.27,0.19909090909090937,1.0101010101010115,0.1-0.3
abstract_algebra,codellama_codellama_34b_instruct,0.32,0.2197979797979794,1.0101010101010084,0.3-0.5
abstract_algebra,codellama_codellama_34b_instruct,0.31,0.21606060606060593,1.0101010101010095,0.3-0.5
abstract_algebra,codellama_codellama_34b_instruct,0.3,0.21212121212121193,1.0101010101010093,0.1-0.3
abstract_algebra,codellama_codellama_34b_instruct,0.32,0.21979797979797946,1.0101010101010086,0.3-0.5
abstract_algebra,codellama_codellama_34b_instruct,0.31,0.21606060606060593,1.0101010101010095,0.3-0.5
abstract_algebra,codellama_codellama_34b_instruct,0.3,0.21212121212121193,1.0101010101010093,0.1-0.3
abstract_algebra,codellama_codellama_34b_instruct,0.31,0.21606060606060593,1.0101010101010095,0.3-0.5
abstract_algebra,codellama_codellama_34b_instruct,0.3,0.21212121212121193,1.0101010101010093,0.1-0.3
abstract_algebra,codellama_codellama_34b_instruct,0.31,0.21606060606060593,1.0101010101010095,0.3-0.5
abstract_algebra,codellama_codellama_34b_instruct,0.31,0.21606060606060593,1.0101010101010095,0.3-0.5
abstract_algebra,codellama_codellama_34b_instruct,0.27,0.19909090909090943,1.0101010101010117,0.1-0.3
abstract_algebra,codellama_codellama_34b_instruct,0.27,0.19909090909090937,1.0101010101010115,0.1-0.3
abstract_algebra,codellama_codellama_34b_instruct,0.25,0.1893939393939394,1.0101010101010102,0.1-0.3
abstract_algebra,codellama_codellama_34b_instruct,0.3,0.21212121212121193,1.0101010101010093,0.1-0.3
abstract_algebra,codellama_codellama_34b_instruct,0.3,0.21212121212121193,1.0101010101010093,0.1-0.3
abstract_algebra,codellama_codellama_34b_instruct,0.28,0.20363636363636342,1.010101010101009,0.1-0.3
abstract_algebra,codellama_codellama_34b_instruct,0.27,0.19909090909090937,1.0101010101010115,0.1-0.3
abstract_algebra,codellama_codellama_34b_instruct,0.28,0.20363636363636345,1.010101010101009,0.1-0.3
abstract_algebra,codellama_codellama_34b_instruct,0.26,0.1943434343434343,1.0101010101010097,0.1-0.3
abstract_algebra,codellama_codellama_34b_instruct,0.26,0.1943434343434343,1.0101010101010097,0.1-0.3
abstract_algebra,google_flan_t5_xl,0.18,0.14909090909090958,1.0101010101010133,0.1-0.3
abstract_algebra,google_flan_t5_xl,0.23,0.17888888888888876,1.0101010101010093,0.1-0.3
abstract_algebra,google_flan_t5_xl,0.17,0.14252525252525267,1.010101010101011,0.1-0.3
abstract_algebra,google_flan_t5_xl,0.24,0.18424242424242468,1.0101010101010124,0.1-0.3
abstract_algebra,google_flan_t5_xl,0.21,0.16757575757575777,1.0101010101010113,0.1-0.3
abstract_algebra,google_flan_t5_xl,0.16,0.13575757575757608,1.0101010101010126,0.1-0.3
abstract_algebra,google_flan_t5_xl,0.18,0.14909090909090947,1.0101010101010126,0.1-0.3
abstract_algebra,google_flan_t5_xl,0.21,0.16757575757575777,1.0101010101010113,0.1-0.3
abstract_algebra,google_flan_t5_xl,0.21,0.16757575757575777,1.0101010101010113,0.1-0.3
abstract_algebra,google_flan_t5_xl,0.23,0.17888888888888876,1.0101010101010093,0.1-0.3
abstract_algebra,google_flan_t5_xl,0.18,0.14909090909090958,1.0101010101010133,0.1-0.3
abstract_algebra,google_flan_t5_xl,0.22,0.17333333333333376,1.0101010101010126,0.1-0.3
abstract_algebra,google_flan_t5_xl,0.27,0.19909090909090943,1.0101010101010117,0.1-0.3
abstract_algebra,google_flan_t5_xl,0.18,0.14909090909090947,1.0101010101010126,0.1-0.3
abstract_algebra,google_flan_t5_xl,0.28,0.2036363636363633,1.0101010101010084,0.1-0.3
abstract_algebra,google_flan_t5_xl,0.21,0.16757575757575777,1.0101010101010113,0.1-0.3
abstract_algebra,google_flan_t5_xl,0.18,0.14909090909090955,1.010101010101013,0.1-0.3
abstract_algebra,google_flan_t5_xl,0.21,0.16757575757575777,1.0101010101010113,0.1-0.3
abstract_algebra,google_flan_t5_xl,0.23,0.1788888888888887,1.010101010101009,0.1-0.3
abstract_algebra,google_flan_t5_xl,0.17,0.14252525252525267,1.010101010101011,0.1-0.3
abstract_algebra,google_flan_t5_xl,0.16,0.13575757575757608,1.0101010101010126,0.1-0.3
abstract_algebra,google_flan_t5_xl,0.19,0.15545454545454512,1.010101010101008,0.1-0.3
abstract_algebra,google_flan_t5_xl,0.29,0.20797979797979768,1.0101010101010088,0.1-0.3
abstract_algebra,google_flan_t5_xl,0.18,0.14909090909090958,1.0101010101010133,0.1-0.3
abstract_algebra,google_flan_t5_xl,0.15,0.12878787878787917,1.010101010101013,0.1-0.3
abstract_algebra,google_flan_t5_xl,0.15,0.12878787878787917,1.010101010101013,0.1-0.3
abstract_algebra,google_flan_t5_xl,0.21,0.16757575757575777,1.0101010101010113,0.1-0.3
abstract_algebra,google_flan_t5_xl,0.28,0.20363636363636334,1.0101010101010086,0.1-0.3
abstract_algebra,google_flan_t5_xl,0.24,0.18424242424242465,1.0101010101010124,0.1-0.3
abstract_algebra,google_flan_t5_xl,0.26,0.1943434343434342,1.0101010101010093,0.1-0.3
abstract_algebra,google_flan_t5_xl,0.24,0.18424242424242468,1.0101010101010124,0.1-0.3
abstract_algebra,google_flan_t5_xl,0.21,0.16757575757575777,1.0101010101010113,0.1-0.3
abstract_algebra,google_flan_t5_xl,0.19,0.15545454545454512,1.010101010101008,0.1-0.3
abstract_algebra,google_flan_t5_xl,0.27,0.19909090909090943,1.0101010101010117,0.1-0.3
abstract_algebra,google_flan_t5_xl,0.18,0.14909090909090958,1.0101010101010133,0.1-0.3
abstract_algebra,google_flan_t5_xl,0.22,0.17333333333333376,1.0101010101010126,0.1-0.3
abstract_algebra,google_flan_t5_xl,0.21,0.16757575757575777,1.0101010101010113,0.1-0.3
abstract_algebra,google_flan_t5_xl,0.23,0.1788888888888887,1.010101010101009,0.1-0.3
abstract_algebra,google_flan_t5_xl,0.23,0.1788888888888887,1.010101010101009,0.1-0.3
abstract_algebra,google_flan_t5_xl,0.23,0.1788888888888887,1.010101010101009,0.1-0.3
abstract_algebra,google_flan_t5_xl,0.27,0.19909090909090943,1.0101010101010117,0.1-0.3
abstract_algebra,google_flan_t5_xl,0.26,0.19434343434343415,1.010101010101009,0.1-0.3
abstract_algebra,google_flan_t5_xl,0.25,0.1893939393939394,1.0101010101010102,0.1-0.3
abstract_algebra,google_flan_t5_xl,0.26,0.19434343434343415,1.010101010101009,0.1-0.3
abstract_algebra,google_flan_t5_xl,0.17,0.14252525252525267,1.010101010101011,0.1-0.3
abstract_algebra,google_flan_t5_xl,0.18,0.14909090909090958,1.0101010101010133,0.1-0.3
abstract_algebra,google_flan_t5_xl,0.25,0.1893939393939394,1.0101010101010102,0.1-0.3
abstract_algebra,google_flan_t5_xl,0.17,0.14252525252525267,1.010101010101011,0.1-0.3
abstract_algebra,google_flan_t5_xl,0.24,0.18424242424242465,1.0101010101010124,0.1-0.3
abstract_algebra,google_flan_t5_xl,0.22,0.17333333333333376,1.0101010101010126,0.1-0.3
abstract_algebra,google_flan_t5_xl,0.18,0.14909090909090947,1.0101010101010126,0.1-0.3
abstract_algebra,google_flan_t5_xl,0.17,0.14252525252525264,1.0101010101010108,0.1-0.3
abstract_algebra,google_flan_t5_xl,0.22,0.1733333333333338,1.0101010101010128,0.1-0.3
abstract_algebra,google_flan_t5_xl,0.19,0.15545454545454523,1.0101010101010086,0.1-0.3
abstract_algebra,google_flan_t5_xl,0.27,0.19909090909090943,1.0101010101010117,0.1-0.3
abstract_algebra,google_flan_t5_xl,0.28,0.2036363636363633,1.0101010101010084,0.1-0.3
abstract_algebra,google_flan_t5_xl,0.28,0.20363636363636334,1.0101010101010086,0.1-0.3
abstract_algebra,google_flan_t5_xl,0.27,0.19909090909090943,1.0101010101010117,0.1-0.3
abstract_algebra,google_flan_t5_xl,0.27,0.19909090909090943,1.0101010101010117,0.1-0.3
abstract_algebra,google_flan_t5_xl,0.25,0.1893939393939394,1.0101010101010102,0.1-0.3
abstract_algebra,google_flan_t5_xl,0.18,0.14909090909090955,1.010101010101013,0.1-0.3
abstract_algebra,google_flan_t5_xl,0.16,0.1357575757575761,1.0101010101010128,0.1-0.3
abstract_algebra,google_flan_t5_xl,0.17,0.14252525252525264,1.0101010101010108,0.1-0.3
abstract_algebra,google_flan_t5_xl,0.21,0.16757575757575777,1.0101010101010113,0.1-0.3
abstract_algebra,google_flan_t5_xl,0.15,0.12878787878787917,1.010101010101013,0.1-0.3
abstract_algebra,google_flan_t5_xl,0.15,0.12878787878787917,1.010101010101013,0.1-0.3
abstract_algebra,google_flan_t5_xl,0.17,0.14252525252525267,1.010101010101011,0.1-0.3
abstract_algebra,google_flan_t5_xl,0.22,0.17333333333333376,1.0101010101010126,0.1-0.3
abstract_algebra,google_flan_t5_xl,0.23,0.17888888888888876,1.0101010101010093,0.1-0.3
abstract_algebra,google_flan_t5_xl,0.22,0.17333333333333376,1.0101010101010126,0.1-0.3
abstract_algebra,google_flan_t5_xl,0.22,0.17333333333333376,1.0101010101010126,0.1-0.3
abstract_algebra,google_flan_t5_xl,0.2,0.1616161616161612,1.0101010101010073,0.1-0.3
abstract_algebra,google_flan_t5_xl,0.24,0.18424242424242465,1.0101010101010124,0.1-0.3
abstract_algebra,google_flan_t5_xl,0.28,0.2036363636363633,1.0101010101010084,0.1-0.3
abstract_algebra,google_flan_t5_xl,0.21,0.16757575757575777,1.0101010101010113,0.1-0.3
abstract_algebra,google_flan_t5_xl,0.3,0.21212121212121193,1.0101010101010093,0.1-0.3
abstract_algebra,google_flan_t5_xl,0.2,0.1616161616161612,1.0101010101010073,0.1-0.3
abstract_algebra,google_flan_t5_xl,0.2,0.1616161616161612,1.0101010101010073,0.1-0.3
abstract_algebra,google_flan_t5_xl,0.21,0.16757575757575777,1.0101010101010113,0.1-0.3
abstract_algebra,google_flan_t5_xl,0.21,0.16757575757575777,1.0101010101010113,0.1-0.3
abstract_algebra,google_flan_t5_xl,0.26,0.1943434343434342,1.0101010101010093,0.1-0.3
abstract_algebra,google_flan_t5_xl,0.22,0.17333333333333373,1.0101010101010124,0.1-0.3
abstract_algebra,google_flan_t5_xl,0.21,0.16757575757575777,1.0101010101010113,0.1-0.3
abstract_algebra,google_flan_t5_xl,0.22,0.17333333333333376,1.0101010101010126,0.1-0.3
abstract_algebra,google_flan_t5_xl,0.18,0.14909090909090947,1.0101010101010126,0.1-0.3
abstract_algebra,google_flan_t5_xl,0.23,0.17888888888888876,1.0101010101010093,0.1-0.3
abstract_algebra,google_flan_t5_xl,0.26,0.1943434343434342,1.0101010101010093,0.1-0.3
abstract_algebra,google_flan_t5_xl,0.21,0.16757575757575777,1.0101010101010113,0.1-0.3
abstract_algebra,google_flan_t5_xl,0.22,0.17333333333333376,1.0101010101010126,0.1-0.3
abstract_algebra,google_flan_t5_xl,0.25,0.1893939393939394,1.0101010101010102,0.1-0.3
abstract_algebra,google_flan_t5_xl,0.23,0.17888888888888876,1.0101010101010093,0.1-0.3
abstract_algebra,google_flan_t5_xl,0.21,0.16757575757575777,1.0101010101010113,0.1-0.3
abstract_algebra,google_flan_t5_xl,0.22,0.17333333333333376,1.0101010101010126,0.1-0.3
abstract_algebra,google_flan_t5_xl,0.23,0.1788888888888888,1.0101010101010095,0.1-0.3
abstract_algebra,google_flan_t5_xl,0.25,0.1893939393939394,1.0101010101010102,0.1-0.3
abstract_algebra,google_flan_t5_xl,0.22,0.17333333333333376,1.0101010101010126,0.1-0.3
abstract_algebra,google_flan_t5_xl,0.2,0.16161616161616127,1.0101010101010077,0.1-0.3
abstract_algebra,google_flan_t5_xl,0.17,0.14252525252525264,1.0101010101010108,0.1-0.3
abstract_algebra,google_flan_t5_xl,0.23,0.17888888888888876,1.0101010101010093,0.1-0.3
abstract_algebra,google_flan_t5_xl,0.23,0.17888888888888876,1.0101010101010093,0.1-0.3
abstract_algebra,google_gemma_7b_it,0.27,0.19909090909090932,1.0101010101010113,0.1-0.3
abstract_algebra,google_gemma_7b_it,0.29,0.20797979797979776,1.0101010101010093,0.1-0.3
abstract_algebra,google_gemma_7b_it,0.31,0.21606060606060593,1.0101010101010095,0.3-0.5
abstract_algebra,google_gemma_7b_it,0.31,0.2160606060606059,1.0101010101010095,0.3-0.5
abstract_algebra,google_gemma_7b_it,0.3,0.21212121212121193,1.0101010101010093,0.1-0.3
abstract_algebra,google_gemma_7b_it,0.26,0.19434343434343426,1.0101010101010095,0.1-0.3
abstract_algebra,google_gemma_7b_it,0.24,0.1842424242424246,1.010101010101012,0.1-0.3
abstract_algebra,google_gemma_7b_it,0.23,0.1788888888888887,1.010101010101009,0.1-0.3
abstract_algebra,google_gemma_7b_it,0.29,0.20797979797979774,1.010101010101009,0.1-0.3
abstract_algebra,google_gemma_7b_it,0.29,0.2079797979797978,1.0101010101010093,0.1-0.3
abstract_algebra,google_gemma_7b_it,0.26,0.19434343434343437,1.0101010101010102,0.1-0.3
abstract_algebra,google_gemma_7b_it,0.28,0.20363636363636345,1.010101010101009,0.1-0.3
abstract_algebra,google_gemma_7b_it,0.26,0.1943434343434342,1.0101010101010093,0.1-0.3
abstract_algebra,google_gemma_7b_it,0.27,0.19909090909090935,1.0101010101010115,0.1-0.3
abstract_algebra,google_gemma_7b_it,0.27,0.19909090909090937,1.0101010101010115,0.1-0.3
abstract_algebra,google_gemma_7b_it,0.25,0.1893939393939394,1.0101010101010102,0.1-0.3
abstract_algebra,google_gemma_7b_it,0.26,0.19434343434343432,1.01010101010101,0.1-0.3
abstract_algebra,google_gemma_7b_it,0.26,0.1943434343434342,1.0101010101010093,0.1-0.3
abstract_algebra,google_gemma_7b_it,0.28,0.2036363636363635,1.0101010101010095,0.1-0.3
abstract_algebra,google_gemma_7b_it,0.23,0.1788888888888888,1.0101010101010095,0.1-0.3
abstract_algebra,google_gemma_7b_it,0.24,0.18424242424242468,1.0101010101010124,0.1-0.3
abstract_algebra,google_gemma_7b_it,0.26,0.1943434343434342,1.0101010101010093,0.1-0.3
abstract_algebra,google_gemma_7b_it,0.27,0.19909090909090935,1.0101010101010115,0.1-0.3
abstract_algebra,google_gemma_7b_it,0.22,0.1733333333333337,1.0101010101010122,0.1-0.3
abstract_algebra,google_gemma_7b_it,0.26,0.1943434343434343,1.0101010101010097,0.1-0.3
abstract_algebra,google_gemma_7b_it,0.26,0.1943434343434343,1.0101010101010097,0.1-0.3
abstract_algebra,google_gemma_7b_it,0.26,0.19434343434343437,1.0101010101010102,0.1-0.3
abstract_algebra,google_gemma_7b_it,0.27,0.19909090909090935,1.0101010101010115,0.1-0.3
abstract_algebra,google_gemma_7b_it,0.28,0.20363636363636356,1.0101010101010097,0.1-0.3
abstract_algebra,google_gemma_7b_it,0.24,0.1842424242424246,1.010101010101012,0.1-0.3
abstract_algebra,google_gemma_7b_it,0.26,0.19434343434343426,1.0101010101010095,0.1-0.3
abstract_algebra,google_gemma_7b_it,0.23,0.17888888888888868,1.0101010101010088,0.1-0.3
abstract_algebra,google_gemma_7b_it,0.27,0.19909090909090937,1.0101010101010115,0.1-0.3
abstract_algebra,google_gemma_7b_it,0.27,0.19909090909090935,1.0101010101010115,0.1-0.3
abstract_algebra,google_gemma_7b_it,0.25,0.1893939393939394,1.0101010101010102,0.1-0.3
abstract_algebra,google_gemma_7b_it,0.28,0.20363636363636362,1.01010101010101,0.1-0.3
abstract_algebra,google_gemma_7b_it,0.27,0.19909090909090943,1.0101010101010117,0.1-0.3
abstract_algebra,google_gemma_7b_it,0.28,0.20363636363636362,1.01010101010101,0.1-0.3
abstract_algebra,google_gemma_7b_it,0.26,0.19434343434343437,1.0101010101010102,0.1-0.3
abstract_algebra,google_gemma_7b_it,0.26,0.19434343434343437,1.0101010101010102,0.1-0.3
abstract_algebra,google_gemma_7b_it,0.24,0.18424242424242462,1.0101010101010122,0.1-0.3
abstract_algebra,google_gemma_7b_it,0.29,0.2079797979797978,1.0101010101010093,0.1-0.3
abstract_algebra,google_gemma_7b_it,0.3,0.21212121212121193,1.0101010101010093,0.1-0.3
abstract_algebra,google_gemma_7b_it,0.29,0.20797979797979785,1.0101010101010095,0.1-0.3
abstract_algebra,google_gemma_7b_it,0.28,0.20363636363636362,1.01010101010101,0.1-0.3
abstract_algebra,google_gemma_7b_it,0.26,0.19434343434343426,1.0101010101010095,0.1-0.3
abstract_algebra,google_gemma_7b_it,0.26,0.19434343434343437,1.0101010101010102,0.1-0.3
abstract_algebra,google_gemma_7b_it,0.25,0.1893939393939394,1.0101010101010102,0.1-0.3
abstract_algebra,google_gemma_7b_it,0.25,0.1893939393939394,1.0101010101010102,0.1-0.3
abstract_algebra,google_gemma_7b_it,0.28,0.20363636363636356,1.0101010101010097,0.1-0.3
abstract_algebra,google_gemma_7b_it,0.25,0.1893939393939394,1.0101010101010102,0.1-0.3
abstract_algebra,google_gemma_7b_it,0.25,0.1893939393939394,1.0101010101010102,0.1-0.3
abstract_algebra,google_gemma_7b_it,0.25,0.1893939393939394,1.0101010101010102,0.1-0.3
abstract_algebra,google_gemma_7b_it,0.28,0.20363636363636356,1.0101010101010097,0.1-0.3
abstract_algebra,google_gemma_7b_it,0.28,0.20363636363636356,1.0101010101010097,0.1-0.3
abstract_algebra,google_gemma_7b_it,0.27,0.19909090909090943,1.0101010101010117,0.1-0.3
abstract_algebra,google_gemma_7b_it,0.26,0.19434343434343437,1.0101010101010102,0.1-0.3
abstract_algebra,google_gemma_7b_it,0.27,0.19909090909090943,1.0101010101010117,0.1-0.3
abstract_algebra,google_gemma_7b_it,0.27,0.19909090909090943,1.0101010101010117,0.1-0.3
abstract_algebra,google_gemma_7b_it,0.29,0.2079797979797978,1.0101010101010093,0.1-0.3
abstract_algebra,google_gemma_7b_it,0.24,0.1842424242424246,1.010101010101012,0.1-0.3
abstract_algebra,google_gemma_7b_it,0.28,0.20363636363636356,1.0101010101010097,0.1-0.3
abstract_algebra,google_gemma_7b_it,0.28,0.20363636363636356,1.0101010101010097,0.1-0.3
abstract_algebra,google_gemma_7b_it,0.26,0.19434343434343426,1.0101010101010095,0.1-0.3
abstract_algebra,google_gemma_7b_it,0.3,0.21212121212121193,1.0101010101010093,0.1-0.3
abstract_algebra,google_gemma_7b_it,0.28,0.20363636363636362,1.01010101010101,0.1-0.3
abstract_algebra,google_gemma_7b_it,0.3,0.21212121212121193,1.0101010101010093,0.1-0.3
abstract_algebra,google_gemma_7b_it,0.25,0.1893939393939394,1.0101010101010102,0.1-0.3
abstract_algebra,google_gemma_7b_it,0.24,0.1842424242424246,1.010101010101012,0.1-0.3
abstract_algebra,google_gemma_7b_it,0.28,0.20363636363636356,1.0101010101010097,0.1-0.3
abstract_algebra,google_gemma_7b_it,0.21,0.16757575757575777,1.0101010101010113,0.1-0.3
abstract_algebra,google_gemma_7b_it,0.27,0.19909090909090937,1.0101010101010115,0.1-0.3
abstract_algebra,google_gemma_7b_it,0.28,0.20363636363636353,1.0101010101010095,0.1-0.3
abstract_algebra,google_gemma_7b_it,0.26,0.1943434343434343,1.0101010101010097,0.1-0.3
abstract_algebra,google_gemma_7b_it,0.26,0.19434343434343437,1.0101010101010102,0.1-0.3
abstract_algebra,google_gemma_7b_it,0.27,0.19909090909090935,1.0101010101010115,0.1-0.3
abstract_algebra,google_gemma_7b_it,0.25,0.1893939393939394,1.0101010101010102,0.1-0.3
abstract_algebra,google_gemma_7b_it,0.25,0.1893939393939394,1.0101010101010102,0.1-0.3
abstract_algebra,google_gemma_7b_it,0.28,0.20363636363636353,1.0101010101010095,0.1-0.3
abstract_algebra,google_gemma_7b_it,0.25,0.1893939393939394,1.0101010101010102,0.1-0.3
abstract_algebra,google_gemma_7b_it,0.27,0.19909090909090943,1.0101010101010117,0.1-0.3
abstract_algebra,google_gemma_7b_it,0.29,0.20797979797979774,1.010101010101009,0.1-0.3
abstract_algebra,google_gemma_7b_it,0.25,0.1893939393939394,1.0101010101010102,0.1-0.3
abstract_algebra,google_gemma_7b_it,0.29,0.20797979797979774,1.010101010101009,0.1-0.3
abstract_algebra,google_gemma_7b_it,0.28,0.20363636363636345,1.010101010101009,0.1-0.3
abstract_algebra,google_gemma_7b_it,0.27,0.19909090909090946,1.010101010101012,0.1-0.3
abstract_algebra,google_gemma_7b_it,0.28,0.20363636363636353,1.0101010101010095,0.1-0.3
abstract_algebra,google_gemma_7b_it,0.26,0.19434343434343437,1.0101010101010102,0.1-0.3
abstract_algebra,google_gemma_7b_it,0.26,0.19434343434343437,1.0101010101010102,0.1-0.3
abstract_algebra,google_gemma_7b_it,0.25,0.1893939393939394,1.0101010101010102,0.1-0.3
abstract_algebra,google_gemma_7b_it,0.25,0.1893939393939394,1.0101010101010102,0.1-0.3
abstract_algebra,google_gemma_7b_it,0.25,0.1893939393939394,1.0101010101010102,0.1-0.3
abstract_algebra,google_gemma_7b_it,0.26,0.19434343434343426,1.0101010101010095,0.1-0.3
abstract_algebra,google_gemma_7b_it,0.27,0.19909090909090946,1.010101010101012,0.1-0.3
abstract_algebra,google_gemma_7b_it,0.26,0.1943434343434342,1.0101010101010093,0.1-0.3
abstract_algebra,google_gemma_7b_it,0.24,0.18424242424242468,1.0101010101010124,0.1-0.3
abstract_algebra,google_gemma_7b_it,0.23,0.17888888888888876,1.0101010101010093,0.1-0.3
abstract_algebra,google_gemma_7b_it,0.27,0.19909090909090943,1.0101010101010117,0.1-0.3
abstract_algebra,google_gemma_7b_it,0.27,0.19909090909090935,1.0101010101010115,0.1-0.3
abstract_algebra,google_gemma_7b_it,0.27,0.19909090909090935,1.0101010101010115,0.1-0.3
abstract_algebra,meta_llama_llama_3_70b_instruct,0.52,0.25212121212121175,1.0101010101010086,0.5-0.7
abstract_algebra,meta_llama_llama_3_70b_instruct,0.53,0.2516161616161616,1.0101010101010102,0.5-0.7
abstract_algebra,meta_llama_llama_3_70b_instruct,0.52,0.25212121212121175,1.0101010101010086,0.5-0.7
abstract_algebra,meta_llama_llama_3_70b_instruct,0.55,0.24999999999999992,1.0101010101010097,0.5-0.7
abstract_algebra,meta_llama_llama_3_70b_instruct,0.49,0.2524242424242421,1.0101010101010088,0.3-0.5
abstract_algebra,meta_llama_llama_3_70b_instruct,0.52,0.25212121212121175,1.0101010101010086,0.5-0.7
abstract_algebra,meta_llama_llama_3_70b_instruct,0.55,0.24999999999999992,1.0101010101010097,0.5-0.7
abstract_algebra,meta_llama_llama_3_70b_instruct,0.51,0.2524242424242424,1.01010101010101,0.5-0.7
abstract_algebra,meta_llama_llama_3_70b_instruct,0.51,0.2524242424242424,1.01010101010101,0.5-0.7
abstract_algebra,meta_llama_llama_3_70b_instruct,0.52,0.25212121212121175,1.0101010101010086,0.5-0.7
abstract_algebra,meta_llama_llama_3_70b_instruct,0.55,0.24999999999999992,1.0101010101010097,0.5-0.7
abstract_algebra,meta_llama_llama_3_70b_instruct,0.53,0.2516161616161616,1.0101010101010102,0.5-0.7
abstract_algebra,meta_llama_llama_3_70b_instruct,0.55,0.24999999999999992,1.0101010101010097,0.5-0.7
abstract_algebra,meta_llama_llama_3_70b_instruct,0.52,0.25212121212121175,1.0101010101010086,0.5-0.7
abstract_algebra,meta_llama_llama_3_70b_instruct,0.56,0.24888888888888897,1.0101010101010104,0.5-0.7
abstract_algebra,meta_llama_llama_3_70b_instruct,0.53,0.2516161616161616,1.0101010101010102,0.5-0.7
abstract_algebra,meta_llama_llama_3_70b_instruct,0.53,0.2516161616161616,1.0101010101010102,0.5-0.7
abstract_algebra,meta_llama_llama_3_70b_instruct,0.52,0.25212121212121175,1.0101010101010086,0.5-0.7
abstract_algebra,meta_llama_llama_3_70b_instruct,0.57,0.24757575757575742,1.0101010101010095,0.5-0.7
abstract_algebra,meta_llama_llama_3_70b_instruct,0.55,0.24999999999999992,1.0101010101010097,0.5-0.7
abstract_algebra,meta_llama_llama_3_70b_instruct,0.52,0.25212121212121175,1.0101010101010086,0.5-0.7
abstract_algebra,meta_llama_llama_3_70b_instruct,0.52,0.2521212121212118,1.0101010101010088,0.5-0.7
abstract_algebra,meta_llama_llama_3_70b_instruct,0.55,0.24999999999999992,1.0101010101010097,0.5-0.7
abstract_algebra,meta_llama_llama_3_70b_instruct,0.54,0.250909090909091,1.0101010101010106,0.5-0.7
abstract_algebra,meta_llama_llama_3_70b_instruct,0.53,0.2516161616161616,1.0101010101010102,0.5-0.7
abstract_algebra,meta_llama_llama_3_70b_instruct,0.53,0.2516161616161616,1.0101010101010102,0.5-0.7
abstract_algebra,meta_llama_llama_3_70b_instruct,0.52,0.25212121212121175,1.0101010101010086,0.5-0.7
abstract_algebra,meta_llama_llama_3_70b_instruct,0.51,0.2524242424242424,1.01010101010101,0.5-0.7
abstract_algebra,meta_llama_llama_3_70b_instruct,0.52,0.25212121212121175,1.0101010101010086,0.5-0.7
abstract_algebra,meta_llama_llama_3_70b_instruct,0.52,0.25212121212121175,1.0101010101010086,0.5-0.7
abstract_algebra,meta_llama_llama_3_70b_instruct,0.52,0.25212121212121175,1.0101010101010086,0.5-0.7
abstract_algebra,meta_llama_llama_3_70b_instruct,0.53,0.2516161616161616,1.0101010101010102,0.5-0.7
abstract_algebra,meta_llama_llama_3_70b_instruct,0.53,0.2516161616161616,1.0101010101010102,0.5-0.7
abstract_algebra,meta_llama_llama_3_70b_instruct,0.53,0.2516161616161616,1.0101010101010102,0.5-0.7
abstract_algebra,meta_llama_llama_3_70b_instruct,0.54,0.25090909090909097,1.0101010101010104,0.5-0.7
abstract_algebra,meta_llama_llama_3_70b_instruct,0.54,0.25090909090909097,1.0101010101010104,0.5-0.7
abstract_algebra,meta_llama_llama_3_70b_instruct,0.48,0.25212121212121186,1.010101010101009,0.3-0.5
abstract_algebra,meta_llama_llama_3_70b_instruct,0.5,0.25252525252525254,1.0101010101010102,0.3-0.5
abstract_algebra,meta_llama_llama_3_70b_instruct,0.52,0.25212121212121175,1.0101010101010086,0.5-0.7
abstract_algebra,meta_llama_llama_3_70b_instruct,0.53,0.2516161616161616,1.0101010101010102,0.5-0.7
abstract_algebra,meta_llama_llama_3_70b_instruct,0.5,0.25252525252525254,1.0101010101010102,0.3-0.5
abstract_algebra,meta_llama_llama_3_70b_instruct,0.53,0.2516161616161616,1.0101010101010102,0.5-0.7
abstract_algebra,meta_llama_llama_3_70b_instruct,0.53,0.2516161616161616,1.0101010101010102,0.5-0.7
abstract_algebra,meta_llama_llama_3_70b_instruct,0.55,0.2499999999999999,1.0101010101010097,0.5-0.7
abstract_algebra,meta_llama_llama_3_70b_instruct,0.52,0.25212121212121175,1.0101010101010086,0.5-0.7
abstract_algebra,meta_llama_llama_3_70b_instruct,0.53,0.2516161616161616,1.0101010101010102,0.5-0.7
abstract_algebra,meta_llama_llama_3_70b_instruct,0.52,0.25212121212121175,1.0101010101010086,0.5-0.7
abstract_algebra,meta_llama_llama_3_70b_instruct,0.52,0.25212121212121175,1.0101010101010086,0.5-0.7
abstract_algebra,meta_llama_llama_3_70b_instruct,0.53,0.2516161616161616,1.0101010101010102,0.5-0.7
abstract_algebra,meta_llama_llama_3_70b_instruct,0.56,0.24888888888888897,1.0101010101010104,0.5-0.7
abstract_algebra,meta_llama_llama_3_70b_instruct,0.52,0.25212121212121175,1.0101010101010086,0.5-0.7
abstract_algebra,meta_llama_llama_3_70b_instruct,0.5,0.25252525252525254,1.0101010101010102,0.3-0.5
abstract_algebra,meta_llama_llama_3_70b_instruct,0.52,0.25212121212121175,1.0101010101010086,0.5-0.7
abstract_algebra,meta_llama_llama_3_70b_instruct,0.54,0.25090909090909097,1.0101010101010104,0.5-0.7
abstract_algebra,meta_llama_llama_3_70b_instruct,0.54,0.25090909090909097,1.0101010101010104,0.5-0.7
abstract_algebra,meta_llama_llama_3_70b_instruct,0.56,0.24888888888888897,1.0101010101010104,0.5-0.7
abstract_algebra,meta_llama_llama_3_70b_instruct,0.52,0.25212121212121175,1.0101010101010086,0.5-0.7
abstract_algebra,meta_llama_llama_3_70b_instruct,0.53,0.2516161616161616,1.0101010101010102,0.5-0.7
abstract_algebra,meta_llama_llama_3_70b_instruct,0.58,0.24606060606060617,1.0101010101010106,0.5-0.7
abstract_algebra,meta_llama_llama_3_70b_instruct,0.54,0.25090909090909097,1.0101010101010104,0.5-0.7
abstract_algebra,meta_llama_llama_3_70b_instruct,0.52,0.25212121212121175,1.0101010101010086,0.5-0.7
abstract_algebra,meta_llama_llama_3_70b_instruct,0.55,0.2499999999999999,1.0101010101010097,0.5-0.7
abstract_algebra,meta_llama_llama_3_70b_instruct,0.52,0.25212121212121175,1.0101010101010086,0.5-0.7
abstract_algebra,meta_llama_llama_3_70b_instruct,0.54,0.25090909090909097,1.0101010101010104,0.5-0.7
abstract_algebra,meta_llama_llama_3_70b_instruct,0.53,0.2516161616161616,1.0101010101010102,0.5-0.7
abstract_algebra,meta_llama_llama_3_70b_instruct,0.54,0.25090909090909097,1.0101010101010104,0.5-0.7
abstract_algebra,meta_llama_llama_3_70b_instruct,0.54,0.25090909090909097,1.0101010101010104,0.5-0.7
abstract_algebra,meta_llama_llama_3_70b_instruct,0.53,0.2516161616161616,1.0101010101010102,0.5-0.7
abstract_algebra,meta_llama_llama_3_70b_instruct,0.54,0.25090909090909097,1.0101010101010104,0.5-0.7
abstract_algebra,meta_llama_llama_3_70b_instruct,0.53,0.2516161616161616,1.0101010101010102,0.5-0.7
abstract_algebra,meta_llama_llama_3_70b_instruct,0.57,0.24757575757575745,1.0101010101010095,0.5-0.7
abstract_algebra,meta_llama_llama_3_70b_instruct,0.56,0.248888888888889,1.0101010101010106,0.5-0.7
abstract_algebra,meta_llama_llama_3_70b_instruct,0.54,0.25090909090909097,1.0101010101010104,0.5-0.7
abstract_algebra,meta_llama_llama_3_70b_instruct,0.52,0.25212121212121175,1.0101010101010086,0.5-0.7
abstract_algebra,meta_llama_llama_3_70b_instruct,0.56,0.248888888888889,1.0101010101010106,0.5-0.7
abstract_algebra,meta_llama_llama_3_70b_instruct,0.53,0.2516161616161617,1.0101010101010104,0.5-0.7
abstract_algebra,meta_llama_llama_3_70b_instruct,0.5,0.25252525252525254,1.0101010101010102,0.3-0.5
abstract_algebra,meta_llama_llama_3_70b_instruct,0.48,0.25212121212121186,1.010101010101009,0.3-0.5
abstract_algebra,meta_llama_llama_3_70b_instruct,0.5,0.25252525252525254,1.0101010101010102,0.3-0.5
abstract_algebra,meta_llama_llama_3_70b_instruct,0.53,0.2516161616161617,1.0101010101010104,0.5-0.7
abstract_algebra,meta_llama_llama_3_70b_instruct,0.51,0.2524242424242423,1.0101010101010095,0.5-0.7
abstract_algebra,meta_llama_llama_3_70b_instruct,0.53,0.2516161616161616,1.0101010101010102,0.5-0.7
abstract_algebra,meta_llama_llama_3_70b_instruct,0.49,0.252424242424242,1.0101010101010084,0.3-0.5
abstract_algebra,meta_llama_llama_3_70b_instruct,0.53,0.2516161616161616,1.0101010101010102,0.5-0.7
abstract_algebra,meta_llama_llama_3_70b_instruct,0.52,0.25212121212121175,1.0101010101010086,0.5-0.7
abstract_algebra,meta_llama_llama_3_70b_instruct,0.51,0.25242424242424244,1.0101010101010102,0.5-0.7
abstract_algebra,meta_llama_llama_3_70b_instruct,0.52,0.25212121212121175,1.0101010101010086,0.5-0.7
abstract_algebra,meta_llama_llama_3_70b_instruct,0.5,0.25252525252525254,1.0101010101010102,0.3-0.5
abstract_algebra,meta_llama_llama_3_70b_instruct,0.5,0.25252525252525254,1.0101010101010102,0.3-0.5
abstract_algebra,meta_llama_llama_3_70b_instruct,0.52,0.25212121212121175,1.0101010101010086,0.5-0.7
abstract_algebra,meta_llama_llama_3_70b_instruct,0.51,0.25242424242424244,1.0101010101010102,0.5-0.7
abstract_algebra,meta_llama_llama_3_70b_instruct,0.52,0.2521212121212118,1.0101010101010088,0.5-0.7
abstract_algebra,meta_llama_llama_3_70b_instruct,0.55,0.2499999999999999,1.0101010101010097,0.5-0.7
abstract_algebra,meta_llama_llama_3_70b_instruct,0.49,0.25242424242424216,1.010101010101009,0.3-0.5
abstract_algebra,meta_llama_llama_3_70b_instruct,0.51,0.2524242424242424,1.01010101010101,0.5-0.7
abstract_algebra,meta_llama_llama_3_70b_instruct,0.53,0.2516161616161616,1.0101010101010102,0.5-0.7
abstract_algebra,meta_llama_llama_3_70b_instruct,0.54,0.25090909090909097,1.0101010101010104,0.5-0.7
abstract_algebra,meta_llama_llama_3_70b_instruct,0.5,0.25252525252525254,1.0101010101010102,0.3-0.5
abstract_algebra,meta_llama_llama_3_70b_instruct,0.52,0.25212121212121175,1.0101010101010086,0.5-0.7
abstract_algebra,meta_llama_llama_3_70b_instruct,0.52,0.25212121212121175,1.0101010101010086,0.5-0.7
abstract_algebra,meta_llama_llama_3_8b_instruct,0.28,0.20363636363636353,1.0101010101010095,0.1-0.3
abstract_algebra,meta_llama_llama_3_8b_instruct,0.28,0.20363636363636334,1.0101010101010086,0.1-0.3
abstract_algebra,meta_llama_llama_3_8b_instruct,0.29,0.20797979797979768,1.0101010101010088,0.1-0.3
abstract_algebra,meta_llama_llama_3_8b_instruct,0.28,0.20363636363636334,1.0101010101010086,0.1-0.3
abstract_algebra,meta_llama_llama_3_8b_instruct,0.3,0.21212121212121193,1.0101010101010093,0.1-0.3
abstract_algebra,meta_llama_llama_3_8b_instruct,0.3,0.21212121212121193,1.0101010101010093,0.1-0.3
abstract_algebra,meta_llama_llama_3_8b_instruct,0.32,0.21979797979797946,1.0101010101010086,0.3-0.5
abstract_algebra,meta_llama_llama_3_8b_instruct,0.31,0.2160606060606059,1.0101010101010095,0.3-0.5
abstract_algebra,meta_llama_llama_3_8b_instruct,0.28,0.20363636363636345,1.010101010101009,0.1-0.3
abstract_algebra,meta_llama_llama_3_8b_instruct,0.33,0.22333333333333294,1.0101010101010084,0.3-0.5
abstract_algebra,meta_llama_llama_3_8b_instruct,0.32,0.21979797979797946,1.0101010101010086,0.3-0.5
abstract_algebra,meta_llama_llama_3_8b_instruct,0.35,0.22979797979797956,1.010101010101009,0.3-0.5
abstract_algebra,meta_llama_llama_3_8b_instruct,0.33,0.22333333333333297,1.0101010101010084,0.3-0.5
abstract_algebra,meta_llama_llama_3_8b_instruct,0.35,0.22979797979797958,1.0101010101010093,0.3-0.5
abstract_algebra,meta_llama_llama_3_8b_instruct,0.33,0.22333333333333305,1.0101010101010088,0.3-0.5
abstract_algebra,meta_llama_llama_3_8b_instruct,0.35,0.2297979797979795,1.0101010101010088,0.3-0.5
abstract_algebra,meta_llama_llama_3_8b_instruct,0.34,0.2266666666666669,1.0101010101010113,0.3-0.5
abstract_algebra,meta_llama_llama_3_8b_instruct,0.35,0.22979797979797956,1.010101010101009,0.3-0.5
abstract_algebra,meta_llama_llama_3_8b_instruct,0.35,0.22979797979797956,1.010101010101009,0.3-0.5
abstract_algebra,meta_llama_llama_3_8b_instruct,0.32,0.21979797979797946,1.0101010101010086,0.3-0.5
abstract_algebra,meta_llama_llama_3_8b_instruct,0.3,0.21212121212121193,1.0101010101010093,0.1-0.3
abstract_algebra,meta_llama_llama_3_8b_instruct,0.34,0.2266666666666669,1.0101010101010113,0.3-0.5
abstract_algebra,meta_llama_llama_3_8b_instruct,0.32,0.21979797979797946,1.0101010101010086,0.3-0.5
abstract_algebra,meta_llama_llama_3_8b_instruct,0.33,0.223333333333333,1.0101010101010086,0.3-0.5
abstract_algebra,meta_llama_llama_3_8b_instruct,0.34,0.22666666666666693,1.0101010101010113,0.3-0.5
abstract_algebra,meta_llama_llama_3_8b_instruct,0.35,0.22979797979797956,1.010101010101009,0.3-0.5
abstract_algebra,meta_llama_llama_3_8b_instruct,0.29,0.20797979797979768,1.0101010101010088,0.1-0.3
abstract_algebra,meta_llama_llama_3_8b_instruct,0.3,0.21212121212121193,1.0101010101010093,0.1-0.3
abstract_algebra,meta_llama_llama_3_8b_instruct,0.28,0.2036363636363635,1.0101010101010095,0.1-0.3
abstract_algebra,meta_llama_llama_3_8b_instruct,0.33,0.223333333333333,1.0101010101010086,0.3-0.5
abstract_algebra,meta_llama_llama_3_8b_instruct,0.29,0.20797979797979768,1.0101010101010088,0.1-0.3
abstract_algebra,meta_llama_llama_3_8b_instruct,0.28,0.2036363636363635,1.0101010101010095,0.1-0.3
abstract_algebra,meta_llama_llama_3_8b_instruct,0.36,0.23272727272727273,1.0101010101010102,0.3-0.5
abstract_algebra,meta_llama_llama_3_8b_instruct,0.35,0.22979797979797956,1.010101010101009,0.3-0.5
abstract_algebra,meta_llama_llama_3_8b_instruct,0.33,0.22333333333333297,1.0101010101010084,0.3-0.5
abstract_algebra,meta_llama_llama_3_8b_instruct,0.31,0.21606060606060593,1.0101010101010095,0.3-0.5
abstract_algebra,meta_llama_llama_3_8b_instruct,0.32,0.21979797979797946,1.0101010101010086,0.3-0.5
abstract_algebra,meta_llama_llama_3_8b_instruct,0.3,0.21212121212121193,1.0101010101010093,0.1-0.3
abstract_algebra,meta_llama_llama_3_8b_instruct,0.31,0.21606060606060595,1.0101010101010097,0.3-0.5
abstract_algebra,meta_llama_llama_3_8b_instruct,0.32,0.21979797979797946,1.0101010101010086,0.3-0.5
abstract_algebra,meta_llama_llama_3_8b_instruct,0.34,0.2266666666666669,1.0101010101010113,0.3-0.5
abstract_algebra,meta_llama_llama_3_8b_instruct,0.3,0.21212121212121193,1.0101010101010093,0.1-0.3
abstract_algebra,meta_llama_llama_3_8b_instruct,0.34,0.22666666666666693,1.0101010101010113,0.3-0.5
abstract_algebra,meta_llama_llama_3_8b_instruct,0.29,0.20797979797979768,1.0101010101010088,0.1-0.3
abstract_algebra,meta_llama_llama_3_8b_instruct,0.3,0.212121212121212,1.0101010101010095,0.1-0.3
abstract_algebra,meta_llama_llama_3_8b_instruct,0.29,0.20797979797979774,1.010101010101009,0.1-0.3
abstract_algebra,meta_llama_llama_3_8b_instruct,0.29,0.20797979797979768,1.0101010101010088,0.1-0.3
abstract_algebra,meta_llama_llama_3_8b_instruct,0.36,0.23272727272727275,1.0101010101010102,0.3-0.5
abstract_algebra,meta_llama_llama_3_8b_instruct,0.31,0.21606060606060593,1.0101010101010095,0.3-0.5
abstract_algebra,meta_llama_llama_3_8b_instruct,0.3,0.212121212121212,1.0101010101010095,0.1-0.3
abstract_algebra,meta_llama_llama_3_8b_instruct,0.32,0.21979797979797946,1.0101010101010086,0.3-0.5
abstract_algebra,meta_llama_llama_3_8b_instruct,0.3,0.21212121212121193,1.0101010101010093,0.1-0.3
abstract_algebra,meta_llama_llama_3_8b_instruct,0.3,0.21212121212121193,1.0101010101010093,0.1-0.3
abstract_algebra,meta_llama_llama_3_8b_instruct,0.32,0.21979797979797946,1.0101010101010086,0.3-0.5
abstract_algebra,meta_llama_llama_3_8b_instruct,0.31,0.21606060606060593,1.0101010101010095,0.3-0.5
abstract_algebra,meta_llama_llama_3_8b_instruct,0.32,0.21979797979797946,1.0101010101010086,0.3-0.5
abstract_algebra,meta_llama_llama_3_8b_instruct,0.3,0.21212121212121193,1.0101010101010093,0.1-0.3
abstract_algebra,meta_llama_llama_3_8b_instruct,0.33,0.22333333333333294,1.0101010101010084,0.3-0.5
abstract_algebra,meta_llama_llama_3_8b_instruct,0.3,0.212121212121212,1.0101010101010095,0.1-0.3
abstract_algebra,meta_llama_llama_3_8b_instruct,0.32,0.21979797979797946,1.0101010101010086,0.3-0.5
abstract_algebra,meta_llama_llama_3_8b_instruct,0.33,0.22333333333333294,1.0101010101010084,0.3-0.5
abstract_algebra,meta_llama_llama_3_8b_instruct,0.28,0.20363636363636342,1.010101010101009,0.1-0.3
abstract_algebra,meta_llama_llama_3_8b_instruct,0.3,0.21212121212121193,1.0101010101010093,0.1-0.3
abstract_algebra,meta_llama_llama_3_8b_instruct,0.35,0.22979797979797956,1.010101010101009,0.3-0.5
abstract_algebra,meta_llama_llama_3_8b_instruct,0.33,0.22333333333333297,1.0101010101010084,0.3-0.5
abstract_algebra,meta_llama_llama_3_8b_instruct,0.34,0.2266666666666669,1.0101010101010113,0.3-0.5
abstract_algebra,meta_llama_llama_3_8b_instruct,0.31,0.21606060606060593,1.0101010101010095,0.3-0.5
abstract_algebra,meta_llama_llama_3_8b_instruct,0.34,0.2266666666666669,1.0101010101010113,0.3-0.5
abstract_algebra,meta_llama_llama_3_8b_instruct,0.34,0.2266666666666669,1.0101010101010113,0.3-0.5
abstract_algebra,meta_llama_llama_3_8b_instruct,0.28,0.20363636363636334,1.0101010101010086,0.1-0.3
abstract_algebra,meta_llama_llama_3_8b_instruct,0.33,0.22333333333333297,1.0101010101010084,0.3-0.5
abstract_algebra,meta_llama_llama_3_8b_instruct,0.3,0.21212121212121193,1.0101010101010093,0.1-0.3
abstract_algebra,meta_llama_llama_3_8b_instruct,0.29,0.20797979797979768,1.0101010101010088,0.1-0.3
abstract_algebra,meta_llama_llama_3_8b_instruct,0.3,0.21212121212121193,1.0101010101010093,0.1-0.3
abstract_algebra,meta_llama_llama_3_8b_instruct,0.31,0.21606060606060595,1.0101010101010097,0.3-0.5
abstract_algebra,meta_llama_llama_3_8b_instruct,0.26,0.19434343434343418,1.0101010101010093,0.1-0.3
abstract_algebra,meta_llama_llama_3_8b_instruct,0.32,0.21979797979797946,1.0101010101010086,0.3-0.5
abstract_algebra,meta_llama_llama_3_8b_instruct,0.35,0.22979797979797956,1.010101010101009,0.3-0.5
abstract_algebra,meta_llama_llama_3_8b_instruct,0.3,0.21212121212121193,1.0101010101010093,0.1-0.3
abstract_algebra,meta_llama_llama_3_8b_instruct,0.26,0.19434343434343418,1.0101010101010093,0.1-0.3
abstract_algebra,meta_llama_llama_3_8b_instruct,0.29,0.20797979797979774,1.010101010101009,0.1-0.3
abstract_algebra,meta_llama_llama_3_8b_instruct,0.38,0.23797979797979785,1.0101010101010095,0.3-0.5
abstract_algebra,meta_llama_llama_3_8b_instruct,0.33,0.22333333333333297,1.0101010101010084,0.3-0.5
abstract_algebra,meta_llama_llama_3_8b_instruct,0.36,0.23272727272727273,1.0101010101010102,0.3-0.5
abstract_algebra,meta_llama_llama_3_8b_instruct,0.33,0.22333333333333297,1.0101010101010084,0.3-0.5
abstract_algebra,meta_llama_llama_3_8b_instruct,0.34,0.2266666666666669,1.0101010101010113,0.3-0.5
abstract_algebra,meta_llama_llama_3_8b_instruct,0.33,0.22333333333333297,1.0101010101010084,0.3-0.5
abstract_algebra,meta_llama_llama_3_8b_instruct,0.34,0.2266666666666669,1.0101010101010113,0.3-0.5
abstract_algebra,meta_llama_llama_3_8b_instruct,0.34,0.2266666666666669,1.0101010101010113,0.3-0.5
abstract_algebra,meta_llama_llama_3_8b_instruct,0.32,0.21979797979797946,1.0101010101010086,0.3-0.5
abstract_algebra,meta_llama_llama_3_8b_instruct,0.34,0.2266666666666669,1.0101010101010113,0.3-0.5
abstract_algebra,meta_llama_llama_3_8b_instruct,0.32,0.21979797979797946,1.0101010101010086,0.3-0.5
abstract_algebra,meta_llama_llama_3_8b_instruct,0.35,0.22979797979797956,1.010101010101009,0.3-0.5
abstract_algebra,meta_llama_llama_3_8b_instruct,0.31,0.21606060606060593,1.0101010101010095,0.3-0.5
abstract_algebra,meta_llama_llama_3_8b_instruct,0.33,0.22333333333333294,1.0101010101010084,0.3-0.5
abstract_algebra,meta_llama_llama_3_8b_instruct,0.29,0.20797979797979768,1.0101010101010088,0.1-0.3
abstract_algebra,meta_llama_llama_3_8b_instruct,0.34,0.2266666666666669,1.0101010101010113,0.3-0.5
abstract_algebra,meta_llama_llama_3_8b_instruct,0.31,0.21606060606060593,1.0101010101010095,0.3-0.5
abstract_algebra,meta_llama_llama_3_8b_instruct,0.32,0.21979797979797946,1.0101010101010086,0.3-0.5
abstract_algebra,meta_llama_llama_3_8b_instruct,0.34,0.2266666666666669,1.0101010101010113,0.3-0.5
abstract_algebra,mistralai_mistral_7b_instruct_v0_2,0.31,0.21606060606060593,1.0101010101010095,0.3-0.5
abstract_algebra,mistralai_mistral_7b_instruct_v0_2,0.31,0.21606060606060593,1.0101010101010095,0.3-0.5
abstract_algebra,mistralai_mistral_7b_instruct_v0_2,0.28,0.20363636363636356,1.0101010101010097,0.1-0.3
abstract_algebra,mistralai_mistral_7b_instruct_v0_2,0.3,0.21212121212121193,1.0101010101010093,0.1-0.3
abstract_algebra,mistralai_mistral_7b_instruct_v0_2,0.26,0.19434343434343426,1.0101010101010095,0.1-0.3
abstract_algebra,mistralai_mistral_7b_instruct_v0_2,0.26,0.19434343434343418,1.0101010101010093,0.1-0.3
abstract_algebra,mistralai_mistral_7b_instruct_v0_2,0.25,0.1893939393939394,1.0101010101010102,0.1-0.3
abstract_algebra,mistralai_mistral_7b_instruct_v0_2,0.26,0.1943434343434342,1.0101010101010093,0.1-0.3
abstract_algebra,mistralai_mistral_7b_instruct_v0_2,0.26,0.19434343434343426,1.0101010101010095,0.1-0.3
abstract_algebra,mistralai_mistral_7b_instruct_v0_2,0.27,0.19909090909090937,1.0101010101010115,0.1-0.3
abstract_algebra,mistralai_mistral_7b_instruct_v0_2,0.27,0.19909090909090937,1.0101010101010115,0.1-0.3
abstract_algebra,mistralai_mistral_7b_instruct_v0_2,0.26,0.1943434343434342,1.0101010101010093,0.1-0.3
abstract_algebra,mistralai_mistral_7b_instruct_v0_2,0.27,0.19909090909090937,1.0101010101010115,0.1-0.3
abstract_algebra,mistralai_mistral_7b_instruct_v0_2,0.29,0.20797979797979774,1.010101010101009,0.1-0.3
abstract_algebra,mistralai_mistral_7b_instruct_v0_2,0.27,0.19909090909090937,1.0101010101010115,0.1-0.3
abstract_algebra,mistralai_mistral_7b_instruct_v0_2,0.27,0.19909090909090937,1.0101010101010115,0.1-0.3
abstract_algebra,mistralai_mistral_7b_instruct_v0_2,0.27,0.19909090909090937,1.0101010101010115,0.1-0.3
abstract_algebra,mistralai_mistral_7b_instruct_v0_2,0.27,0.19909090909090943,1.0101010101010117,0.1-0.3
abstract_algebra,mistralai_mistral_7b_instruct_v0_2,0.26,0.19434343434343426,1.0101010101010095,0.1-0.3
abstract_algebra,mistralai_mistral_7b_instruct_v0_2,0.25,0.1893939393939394,1.0101010101010102,0.1-0.3
abstract_algebra,mistralai_mistral_7b_instruct_v0_2,0.29,0.20797979797979774,1.010101010101009,0.1-0.3
abstract_algebra,mistralai_mistral_7b_instruct_v0_2,0.28,0.20363636363636353,1.0101010101010095,0.1-0.3
abstract_algebra,mistralai_mistral_7b_instruct_v0_2,0.27,0.19909090909090937,1.0101010101010115,0.1-0.3
abstract_algebra,mistralai_mistral_7b_instruct_v0_2,0.27,0.19909090909090937,1.0101010101010115,0.1-0.3
abstract_algebra,mistralai_mistral_7b_instruct_v0_2,0.29,0.2079797979797978,1.0101010101010093,0.1-0.3
abstract_algebra,mistralai_mistral_7b_instruct_v0_2,0.29,0.20797979797979776,1.0101010101010093,0.1-0.3
abstract_algebra,mistralai_mistral_7b_instruct_v0_2,0.25,0.1893939393939394,1.0101010101010102,0.1-0.3
abstract_algebra,mistralai_mistral_7b_instruct_v0_2,0.24,0.18424242424242449,1.0101010101010115,0.1-0.3
abstract_algebra,mistralai_mistral_7b_instruct_v0_2,0.25,0.1893939393939394,1.0101010101010102,0.1-0.3
abstract_algebra,mistralai_mistral_7b_instruct_v0_2,0.25,0.1893939393939394,1.0101010101010102,0.1-0.3
abstract_algebra,mistralai_mistral_7b_instruct_v0_2,0.25,0.1893939393939394,1.0101010101010102,0.1-0.3
abstract_algebra,mistralai_mistral_7b_instruct_v0_2,0.27,0.19909090909090937,1.0101010101010115,0.1-0.3
abstract_algebra,mistralai_mistral_7b_instruct_v0_2,0.28,0.20363636363636353,1.0101010101010095,0.1-0.3
abstract_algebra,mistralai_mistral_7b_instruct_v0_2,0.29,0.2079797979797978,1.0101010101010093,0.1-0.3
abstract_algebra,mistralai_mistral_7b_instruct_v0_2,0.27,0.19909090909090937,1.0101010101010115,0.1-0.3
abstract_algebra,mistralai_mistral_7b_instruct_v0_2,0.27,0.19909090909090937,1.0101010101010115,0.1-0.3
abstract_algebra,mistralai_mistral_7b_instruct_v0_2,0.29,0.20797979797979776,1.0101010101010093,0.1-0.3
abstract_algebra,mistralai_mistral_7b_instruct_v0_2,0.28,0.20363636363636356,1.0101010101010097,0.1-0.3
abstract_algebra,mistralai_mistral_7b_instruct_v0_2,0.29,0.2079797979797978,1.0101010101010093,0.1-0.3
abstract_algebra,mistralai_mistral_7b_instruct_v0_2,0.29,0.20797979797979776,1.0101010101010093,0.1-0.3
abstract_algebra,mistralai_mistral_7b_instruct_v0_2,0.27,0.19909090909090932,1.0101010101010113,0.1-0.3
abstract_algebra,mistralai_mistral_7b_instruct_v0_2,0.3,0.21212121212121193,1.0101010101010093,0.1-0.3
abstract_algebra,mistralai_mistral_7b_instruct_v0_2,0.26,0.19434343434343426,1.0101010101010095,0.1-0.3
abstract_algebra,mistralai_mistral_7b_instruct_v0_2,0.25,0.1893939393939394,1.0101010101010102,0.1-0.3
abstract_algebra,mistralai_mistral_7b_instruct_v0_2,0.27,0.19909090909090937,1.0101010101010115,0.1-0.3
abstract_algebra,mistralai_mistral_7b_instruct_v0_2,0.24,0.18424242424242454,1.0101010101010117,0.1-0.3
abstract_algebra,mistralai_mistral_7b_instruct_v0_2,0.29,0.20797979797979774,1.010101010101009,0.1-0.3
abstract_algebra,mistralai_mistral_7b_instruct_v0_2,0.32,0.21979797979797946,1.0101010101010086,0.3-0.5
abstract_algebra,mistralai_mistral_7b_instruct_v0_2,0.29,0.20797979797979774,1.010101010101009,0.1-0.3
abstract_algebra,mistralai_mistral_7b_instruct_v0_2,0.29,0.20797979797979774,1.010101010101009,0.1-0.3
abstract_algebra,mistralai_mistral_7b_instruct_v0_2,0.27,0.19909090909090932,1.0101010101010113,0.1-0.3
abstract_algebra,mistralai_mistral_7b_instruct_v0_2,0.29,0.20797979797979774,1.010101010101009,0.1-0.3
abstract_algebra,mistralai_mistral_7b_instruct_v0_2,0.27,0.19909090909090937,1.0101010101010115,0.1-0.3
abstract_algebra,mistralai_mistral_7b_instruct_v0_2,0.25,0.1893939393939394,1.0101010101010102,0.1-0.3
abstract_algebra,mistralai_mistral_7b_instruct_v0_2,0.3,0.21212121212121193,1.0101010101010093,0.1-0.3
abstract_algebra,mistralai_mistral_7b_instruct_v0_2,0.28,0.20363636363636353,1.0101010101010095,0.1-0.3
abstract_algebra,mistralai_mistral_7b_instruct_v0_2,0.28,0.2036363636363635,1.0101010101010095,0.1-0.3
abstract_algebra,mistralai_mistral_7b_instruct_v0_2,0.29,0.20797979797979776,1.0101010101010093,0.1-0.3
abstract_algebra,mistralai_mistral_7b_instruct_v0_2,0.25,0.1893939393939394,1.0101010101010102,0.1-0.3
abstract_algebra,mistralai_mistral_7b_instruct_v0_2,0.25,0.1893939393939394,1.0101010101010102,0.1-0.3
abstract_algebra,mistralai_mistral_7b_instruct_v0_2,0.3,0.21212121212121193,1.0101010101010093,0.1-0.3
abstract_algebra,mistralai_mistral_7b_instruct_v0_2,0.24,0.18424242424242454,1.0101010101010117,0.1-0.3
abstract_algebra,mistralai_mistral_7b_instruct_v0_2,0.27,0.19909090909090932,1.0101010101010113,0.1-0.3
abstract_algebra,mistralai_mistral_7b_instruct_v0_2,0.29,0.2079797979797978,1.0101010101010093,0.1-0.3
abstract_algebra,mistralai_mistral_7b_instruct_v0_2,0.29,0.20797979797979774,1.010101010101009,0.1-0.3
abstract_algebra,mistralai_mistral_7b_instruct_v0_2,0.31,0.21606060606060593,1.0101010101010095,0.3-0.5
abstract_algebra,mistralai_mistral_7b_instruct_v0_2,0.28,0.20363636363636356,1.0101010101010097,0.1-0.3
abstract_algebra,mistralai_mistral_7b_instruct_v0_2,0.29,0.20797979797979774,1.010101010101009,0.1-0.3
abstract_algebra,mistralai_mistral_7b_instruct_v0_2,0.27,0.19909090909090937,1.0101010101010115,0.1-0.3
abstract_algebra,mistralai_mistral_7b_instruct_v0_2,0.22,0.17333333333333364,1.010101010101012,0.1-0.3
abstract_algebra,mistralai_mistral_7b_instruct_v0_2,0.27,0.19909090909090943,1.0101010101010117,0.1-0.3
abstract_algebra,mistralai_mistral_7b_instruct_v0_2,0.25,0.1893939393939394,1.0101010101010102,0.1-0.3
abstract_algebra,mistralai_mistral_7b_instruct_v0_2,0.27,0.19909090909090932,1.0101010101010113,0.1-0.3
abstract_algebra,mistralai_mistral_7b_instruct_v0_2,0.26,0.19434343434343426,1.0101010101010095,0.1-0.3
abstract_algebra,mistralai_mistral_7b_instruct_v0_2,0.27,0.19909090909090937,1.0101010101010115,0.1-0.3
abstract_algebra,mistralai_mistral_7b_instruct_v0_2,0.23,0.1788888888888887,1.010101010101009,0.1-0.3
abstract_algebra,mistralai_mistral_7b_instruct_v0_2,0.28,0.20363636363636353,1.0101010101010095,0.1-0.3
abstract_algebra,mistralai_mistral_7b_instruct_v0_2,0.24,0.18424242424242454,1.0101010101010117,0.1-0.3
abstract_algebra,mistralai_mistral_7b_instruct_v0_2,0.29,0.20797979797979768,1.0101010101010088,0.1-0.3
abstract_algebra,mistralai_mistral_7b_instruct_v0_2,0.25,0.1893939393939394,1.0101010101010102,0.1-0.3
abstract_algebra,mistralai_mistral_7b_instruct_v0_2,0.27,0.19909090909090943,1.0101010101010117,0.1-0.3
abstract_algebra,mistralai_mistral_7b_instruct_v0_2,0.27,0.19909090909090943,1.0101010101010117,0.1-0.3
abstract_algebra,mistralai_mistral_7b_instruct_v0_2,0.25,0.1893939393939394,1.0101010101010102,0.1-0.3
abstract_algebra,mistralai_mistral_7b_instruct_v0_2,0.22,0.17333333333333362,1.0101010101010117,0.1-0.3
abstract_algebra,mistralai_mistral_7b_instruct_v0_2,0.26,0.1943434343434343,1.0101010101010097,0.1-0.3
abstract_algebra,mistralai_mistral_7b_instruct_v0_2,0.24,0.18424242424242462,1.0101010101010122,0.1-0.3
abstract_algebra,mistralai_mistral_7b_instruct_v0_2,0.26,0.1943434343434343,1.0101010101010097,0.1-0.3
abstract_algebra,mistralai_mistral_7b_instruct_v0_2,0.25,0.1893939393939394,1.0101010101010102,0.1-0.3
abstract_algebra,mistralai_mistral_7b_instruct_v0_2,0.26,0.1943434343434342,1.0101010101010093,0.1-0.3
abstract_algebra,mistralai_mistral_7b_instruct_v0_2,0.27,0.19909090909090937,1.0101010101010115,0.1-0.3
abstract_algebra,mistralai_mistral_7b_instruct_v0_2,0.26,0.19434343434343426,1.0101010101010095,0.1-0.3
abstract_algebra,mistralai_mistral_7b_instruct_v0_2,0.29,0.20797979797979774,1.010101010101009,0.1-0.3
abstract_algebra,mistralai_mistral_7b_instruct_v0_2,0.29,0.20797979797979774,1.010101010101009,0.1-0.3
abstract_algebra,mistralai_mistral_7b_instruct_v0_2,0.28,0.20363636363636353,1.0101010101010095,0.1-0.3
abstract_algebra,mistralai_mistral_7b_instruct_v0_2,0.28,0.20363636363636356,1.0101010101010097,0.1-0.3
abstract_algebra,mistralai_mistral_7b_instruct_v0_2,0.27,0.19909090909090937,1.0101010101010115,0.1-0.3
abstract_algebra,mistralai_mistral_7b_instruct_v0_2,0.27,0.19909090909090937,1.0101010101010115,0.1-0.3
abstract_algebra,mistralai_mistral_7b_instruct_v0_2,0.29,0.20797979797979774,1.010101010101009,0.1-0.3
abstract_algebra,mistralai_mistral_7b_instruct_v0_2,0.29,0.20797979797979774,1.010101010101009,0.1-0.3
abstract_algebra,mistralai_mistral_7b_instruct_v0_2,0.33,0.22333333333333308,1.010101010101009,0.3-0.5
abstract_algebra,tiiuae_falcon_40b,0.23,0.17888888888888882,1.0101010101010097,0.1-0.3
abstract_algebra,tiiuae_falcon_40b,0.24,0.1842424242424246,1.010101010101012,0.1-0.3
abstract_algebra,tiiuae_falcon_40b,0.25,0.1893939393939394,1.0101010101010102,0.1-0.3
abstract_algebra,tiiuae_falcon_40b,0.26,0.19434343434343418,1.0101010101010093,0.1-0.3
abstract_algebra,tiiuae_falcon_40b,0.34,0.22666666666666693,1.0101010101010113,0.3-0.5
abstract_algebra,tiiuae_falcon_40b,0.31,0.21606060606060593,1.0101010101010095,0.3-0.5
abstract_algebra,tiiuae_falcon_40b,0.28,0.2036363636363634,1.0101010101010088,0.1-0.3
abstract_algebra,tiiuae_falcon_40b,0.31,0.21606060606060593,1.0101010101010095,0.3-0.5
abstract_algebra,tiiuae_falcon_40b,0.33,0.22333333333333294,1.0101010101010084,0.3-0.5
abstract_algebra,tiiuae_falcon_40b,0.27,0.19909090909090937,1.0101010101010115,0.1-0.3
abstract_algebra,tiiuae_falcon_40b,0.31,0.21606060606060593,1.0101010101010095,0.3-0.5
abstract_algebra,tiiuae_falcon_40b,0.34,0.2266666666666669,1.0101010101010113,0.3-0.5
abstract_algebra,tiiuae_falcon_40b,0.31,0.21606060606060593,1.0101010101010095,0.3-0.5
abstract_algebra,tiiuae_falcon_40b,0.28,0.2036363636363635,1.0101010101010095,0.1-0.3
abstract_algebra,tiiuae_falcon_40b,0.26,0.1943434343434343,1.0101010101010097,0.1-0.3
abstract_algebra,tiiuae_falcon_40b,0.29,0.20797979797979776,1.0101010101010093,0.1-0.3
abstract_algebra,tiiuae_falcon_40b,0.26,0.19434343434343426,1.0101010101010095,0.1-0.3
abstract_algebra,tiiuae_falcon_40b,0.33,0.22333333333333294,1.0101010101010084,0.3-0.5
abstract_algebra,tiiuae_falcon_40b,0.3,0.21212121212121193,1.0101010101010093,0.1-0.3
abstract_algebra,tiiuae_falcon_40b,0.31,0.21606060606060593,1.0101010101010095,0.3-0.5
abstract_algebra,tiiuae_falcon_40b,0.29,0.20797979797979774,1.010101010101009,0.1-0.3
abstract_algebra,tiiuae_falcon_40b,0.3,0.212121212121212,1.0101010101010095,0.1-0.3
abstract_algebra,tiiuae_falcon_40b,0.32,0.2197979797979795,1.0101010101010088,0.3-0.5
abstract_algebra,tiiuae_falcon_40b,0.28,0.2036363636363635,1.0101010101010095,0.1-0.3
abstract_algebra,tiiuae_falcon_40b,0.27,0.19909090909090943,1.0101010101010117,0.1-0.3
abstract_algebra,tiiuae_falcon_40b,0.27,0.19909090909090943,1.0101010101010117,0.1-0.3
abstract_algebra,tiiuae_falcon_40b,0.28,0.2036363636363635,1.0101010101010095,0.1-0.3
abstract_algebra,tiiuae_falcon_40b,0.27,0.19909090909090937,1.0101010101010115,0.1-0.3
abstract_algebra,tiiuae_falcon_40b,0.25,0.1893939393939394,1.0101010101010102,0.1-0.3
abstract_algebra,tiiuae_falcon_40b,0.27,0.19909090909090935,1.0101010101010115,0.1-0.3
abstract_algebra,tiiuae_falcon_40b,0.27,0.19909090909090943,1.0101010101010117,0.1-0.3
abstract_algebra,tiiuae_falcon_40b,0.32,0.21979797979797946,1.0101010101010086,0.3-0.5
abstract_algebra,tiiuae_falcon_40b,0.25,0.1893939393939394,1.0101010101010102,0.1-0.3
abstract_algebra,tiiuae_falcon_40b,0.27,0.19909090909090935,1.0101010101010115,0.1-0.3
abstract_algebra,tiiuae_falcon_40b,0.3,0.21212121212121193,1.0101010101010093,0.1-0.3
abstract_algebra,tiiuae_falcon_40b,0.3,0.21212121212121193,1.0101010101010093,0.1-0.3
abstract_algebra,tiiuae_falcon_40b,0.29,0.20797979797979776,1.0101010101010093,0.1-0.3
abstract_algebra,tiiuae_falcon_40b,0.24,0.18424242424242462,1.0101010101010122,0.1-0.3
abstract_algebra,tiiuae_falcon_40b,0.31,0.21606060606060593,1.0101010101010095,0.3-0.5
abstract_algebra,tiiuae_falcon_40b,0.31,0.21606060606060593,1.0101010101010095,0.3-0.5
abstract_algebra,tiiuae_falcon_40b,0.27,0.19909090909090937,1.0101010101010115,0.1-0.3
abstract_algebra,tiiuae_falcon_40b,0.25,0.1893939393939394,1.0101010101010102,0.1-0.3
abstract_algebra,tiiuae_falcon_40b,0.29,0.20797979797979776,1.0101010101010093,0.1-0.3
abstract_algebra,tiiuae_falcon_40b,0.32,0.2197979797979795,1.0101010101010088,0.3-0.5
abstract_algebra,tiiuae_falcon_40b,0.28,0.20363636363636342,1.010101010101009,0.1-0.3
abstract_algebra,tiiuae_falcon_40b,0.29,0.20797979797979774,1.010101010101009,0.1-0.3
abstract_algebra,tiiuae_falcon_40b,0.33,0.22333333333333297,1.0101010101010084,0.3-0.5
abstract_algebra,tiiuae_falcon_40b,0.29,0.20797979797979774,1.010101010101009,0.1-0.3
abstract_algebra,tiiuae_falcon_40b,0.29,0.20797979797979774,1.010101010101009,0.1-0.3
abstract_algebra,tiiuae_falcon_40b,0.24,0.18424242424242468,1.0101010101010124,0.1-0.3
abstract_algebra,tiiuae_falcon_40b,0.3,0.21212121212121193,1.0101010101010093,0.1-0.3
abstract_algebra,tiiuae_falcon_40b,0.3,0.21212121212121193,1.0101010101010093,0.1-0.3
abstract_algebra,tiiuae_falcon_40b,0.26,0.19434343434343426,1.0101010101010095,0.1-0.3
abstract_algebra,tiiuae_falcon_40b,0.24,0.18424242424242468,1.0101010101010124,0.1-0.3
abstract_algebra,tiiuae_falcon_40b,0.24,0.18424242424242462,1.0101010101010122,0.1-0.3
abstract_algebra,tiiuae_falcon_40b,0.25,0.1893939393939394,1.0101010101010102,0.1-0.3
abstract_algebra,tiiuae_falcon_40b,0.24,0.18424242424242454,1.0101010101010117,0.1-0.3
abstract_algebra,tiiuae_falcon_40b,0.28,0.20363636363636353,1.0101010101010095,0.1-0.3
abstract_algebra,tiiuae_falcon_40b,0.28,0.20363636363636353,1.0101010101010095,0.1-0.3
abstract_algebra,tiiuae_falcon_40b,0.28,0.20363636363636356,1.0101010101010097,0.1-0.3
abstract_algebra,tiiuae_falcon_40b,0.27,0.19909090909090935,1.0101010101010115,0.1-0.3
abstract_algebra,tiiuae_falcon_40b,0.35,0.2297979797979795,1.0101010101010088,0.3-0.5
abstract_algebra,tiiuae_falcon_40b,0.35,0.2297979797979795,1.0101010101010088,0.3-0.5
abstract_algebra,tiiuae_falcon_40b,0.28,0.2036363636363634,1.0101010101010088,0.1-0.3
abstract_algebra,tiiuae_falcon_40b,0.27,0.19909090909090937,1.0101010101010115,0.1-0.3
abstract_algebra,tiiuae_falcon_40b,0.28,0.20363636363636353,1.0101010101010095,0.1-0.3
abstract_algebra,tiiuae_falcon_40b,0.29,0.20797979797979765,1.0101010101010086,0.1-0.3
abstract_algebra,tiiuae_falcon_40b,0.3,0.212121212121212,1.0101010101010095,0.1-0.3
abstract_algebra,tiiuae_falcon_40b,0.3,0.21212121212121193,1.0101010101010093,0.1-0.3
abstract_algebra,tiiuae_falcon_40b,0.28,0.2036363636363635,1.0101010101010095,0.1-0.3
abstract_algebra,tiiuae_falcon_40b,0.28,0.2036363636363635,1.0101010101010095,0.1-0.3
abstract_algebra,tiiuae_falcon_40b,0.27,0.19909090909090935,1.0101010101010115,0.1-0.3
abstract_algebra,tiiuae_falcon_40b,0.25,0.1893939393939394,1.0101010101010102,0.1-0.3
abstract_algebra,tiiuae_falcon_40b,0.32,0.21979797979797946,1.0101010101010086,0.3-0.5
abstract_algebra,tiiuae_falcon_40b,0.27,0.19909090909090943,1.0101010101010117,0.1-0.3
abstract_algebra,tiiuae_falcon_40b,0.32,0.21979797979797946,1.0101010101010086,0.3-0.5
abstract_algebra,tiiuae_falcon_40b,0.25,0.1893939393939394,1.0101010101010102,0.1-0.3
abstract_algebra,tiiuae_falcon_40b,0.25,0.1893939393939394,1.0101010101010102,0.1-0.3
abstract_algebra,tiiuae_falcon_40b,0.3,0.21212121212121193,1.0101010101010093,0.1-0.3
abstract_algebra,tiiuae_falcon_40b,0.26,0.1943434343434343,1.0101010101010097,0.1-0.3
abstract_algebra,tiiuae_falcon_40b,0.25,0.1893939393939394,1.0101010101010102,0.1-0.3
abstract_algebra,tiiuae_falcon_40b,0.28,0.20363636363636334,1.0101010101010086,0.1-0.3
abstract_algebra,tiiuae_falcon_40b,0.26,0.19434343434343418,1.0101010101010093,0.1-0.3
abstract_algebra,tiiuae_falcon_40b,0.26,0.19434343434343407,1.0101010101010086,0.1-0.3
abstract_algebra,tiiuae_falcon_40b,0.26,0.1943434343434342,1.0101010101010093,0.1-0.3
abstract_algebra,tiiuae_falcon_40b,0.26,0.19434343434343407,1.0101010101010086,0.1-0.3
abstract_algebra,tiiuae_falcon_40b,0.26,0.19434343434343407,1.0101010101010086,0.1-0.3
abstract_algebra,tiiuae_falcon_40b,0.26,0.1943434343434342,1.0101010101010093,0.1-0.3
abstract_algebra,tiiuae_falcon_40b,0.26,0.19434343434343418,1.0101010101010093,0.1-0.3
abstract_algebra,tiiuae_falcon_40b,0.28,0.20363636363636342,1.010101010101009,0.1-0.3
abstract_algebra,tiiuae_falcon_40b,0.26,0.19434343434343418,1.0101010101010093,0.1-0.3
abstract_algebra,tiiuae_falcon_40b,0.27,0.19909090909090935,1.0101010101010115,0.1-0.3
abstract_algebra,tiiuae_falcon_40b,0.25,0.1893939393939394,1.0101010101010102,0.1-0.3
abstract_algebra,tiiuae_falcon_40b,0.27,0.19909090909090943,1.0101010101010117,0.1-0.3
abstract_algebra,tiiuae_falcon_40b,0.27,0.19909090909090943,1.0101010101010117,0.1-0.3
abstract_algebra,tiiuae_falcon_40b,0.24,0.1842424242424246,1.010101010101012,0.1-0.3
abstract_algebra,tiiuae_falcon_40b,0.29,0.20797979797979774,1.010101010101009,0.1-0.3
abstract_algebra,tiiuae_falcon_40b,0.25,0.1893939393939394,1.0101010101010102,0.1-0.3
abstract_algebra,tiiuae_falcon_40b,0.25,0.1893939393939394,1.0101010101010102,0.1-0.3
abstract_algebra,tiiuae_falcon_40b,0.25,0.1893939393939394,1.0101010101010102,0.1-0.3
clinical_knowledge,codellama_codellama_34b_instruct,0.45660377358490567,0.24905660377358432,1.0037878787878765,0.3-0.5
clinical_knowledge,codellama_codellama_34b_instruct,0.4716981132075472,0.25014293882218397,1.0037878787878782,0.3-0.5
clinical_knowledge,codellama_codellama_34b_instruct,0.45660377358490567,0.24905660377358427,1.0037878787878762,0.3-0.5
clinical_knowledge,codellama_codellama_34b_instruct,0.47547169811320755,0.25034305317324274,1.0037878787878824,0.3-0.5
clinical_knowledge,codellama_codellama_34b_instruct,0.4679245283018868,0.24991423670668989,1.0037878787878802,0.3-0.5
clinical_knowledge,codellama_codellama_34b_instruct,0.44528301886792454,0.24794168096054886,1.0037878787878787,0.3-0.5
clinical_knowledge,codellama_codellama_34b_instruct,0.44528301886792454,0.24794168096054886,1.0037878787878787,0.3-0.5
clinical_knowledge,codellama_codellama_34b_instruct,0.4528301886792453,0.24871355060034278,1.0037878787878778,0.3-0.5
clinical_knowledge,codellama_codellama_34b_instruct,0.4716981132075472,0.2501429388221839,1.003787878787878,0.3-0.5
clinical_knowledge,codellama_codellama_34b_instruct,0.4679245283018868,0.24991423670668989,1.0037878787878802,0.3-0.5
clinical_knowledge,codellama_codellama_34b_instruct,0.47924528301886793,0.25051457975986263,1.0037878787878782,0.3-0.5
clinical_knowledge,codellama_codellama_34b_instruct,0.4679245283018868,0.24991423670668989,1.0037878787878802,0.3-0.5
clinical_knowledge,codellama_codellama_34b_instruct,0.47924528301886793,0.25051457975986263,1.0037878787878782,0.3-0.5
clinical_knowledge,codellama_codellama_34b_instruct,0.44150943396226416,0.24751286449399632,1.0037878787878778,0.3-0.5
clinical_knowledge,codellama_codellama_34b_instruct,0.4641509433962264,0.24965694682675893,1.0037878787878818,0.3-0.5
clinical_knowledge,codellama_codellama_34b_instruct,0.4490566037735849,0.24834190966266478,1.0037878787878804,0.3-0.5
clinical_knowledge,codellama_codellama_34b_instruct,0.4490566037735849,0.24834190966266473,1.0037878787878802,0.3-0.5
clinical_knowledge,codellama_codellama_34b_instruct,0.47924528301886793,0.2505145797598626,1.003787878787878,0.3-0.5
clinical_knowledge,codellama_codellama_34b_instruct,0.4981132075471698,0.2509433962264155,1.0037878787878802,0.3-0.5
clinical_knowledge,codellama_codellama_34b_instruct,0.4641509433962264,0.24965694682675887,1.0037878787878816,0.3-0.5
clinical_knowledge,codellama_codellama_34b_instruct,0.44528301886792454,0.24794168096054886,1.0037878787878787,0.3-0.5
clinical_knowledge,codellama_codellama_34b_instruct,0.4679245283018868,0.24991423670668983,1.00378787878788,0.3-0.5
clinical_knowledge,codellama_codellama_34b_instruct,0.4528301886792453,0.24871355060034278,1.0037878787878778,0.3-0.5
clinical_knowledge,codellama_codellama_34b_instruct,0.46037735849056605,0.24937106918239,1.0037878787878791,0.3-0.5
clinical_knowledge,codellama_codellama_34b_instruct,0.4490566037735849,0.24834190966266473,1.0037878787878802,0.3-0.5
clinical_knowledge,codellama_codellama_34b_instruct,0.4490566037735849,0.24834190966266473,1.0037878787878802,0.3-0.5
clinical_knowledge,codellama_codellama_34b_instruct,0.4528301886792453,0.24871355060034273,1.0037878787878776,0.3-0.5
clinical_knowledge,codellama_codellama_34b_instruct,0.4339622641509434,0.24656946826758122,1.0037878787878778,0.3-0.5
clinical_knowledge,codellama_codellama_34b_instruct,0.44150943396226416,0.24751286449399634,1.0037878787878778,0.3-0.5
clinical_knowledge,codellama_codellama_34b_instruct,0.44528301886792454,0.24794168096054886,1.0037878787878787,0.3-0.5
clinical_knowledge,codellama_codellama_34b_instruct,0.4339622641509434,0.24656946826758122,1.0037878787878778,0.3-0.5
clinical_knowledge,codellama_codellama_34b_instruct,0.4490566037735849,0.24834190966266478,1.0037878787878804,0.3-0.5
clinical_knowledge,codellama_codellama_34b_instruct,0.4679245283018868,0.24991423670668989,1.0037878787878802,0.3-0.5
clinical_knowledge,codellama_codellama_34b_instruct,0.47547169811320755,0.25034305317324274,1.0037878787878824,0.3-0.5
clinical_knowledge,codellama_codellama_34b_instruct,0.46037735849056605,0.24937106918239,1.0037878787878791,0.3-0.5
clinical_knowledge,codellama_codellama_34b_instruct,0.47547169811320755,0.25034305317324274,1.0037878787878824,0.3-0.5
clinical_knowledge,codellama_codellama_34b_instruct,0.47547169811320755,0.25034305317324274,1.0037878787878824,0.3-0.5
clinical_knowledge,codellama_codellama_34b_instruct,0.49056603773584906,0.2508576329331053,1.0037878787878816,0.3-0.5
clinical_knowledge,codellama_codellama_34b_instruct,0.47547169811320755,0.25034305317324274,1.0037878787878824,0.3-0.5
clinical_knowledge,codellama_codellama_34b_instruct,0.4716981132075472,0.25014293882218397,1.0037878787878782,0.3-0.5
clinical_knowledge,codellama_codellama_34b_instruct,0.4679245283018868,0.24991423670668983,1.00378787878788,0.3-0.5
clinical_knowledge,codellama_codellama_34b_instruct,0.49433962264150944,0.25091480846197783,1.003787878787877,0.3-0.5
clinical_knowledge,codellama_codellama_34b_instruct,0.4528301886792453,0.24871355060034278,1.0037878787878778,0.3-0.5
clinical_knowledge,codellama_codellama_34b_instruct,0.4867924528301887,0.25077186963979403,1.0037878787878782,0.3-0.5
clinical_knowledge,codellama_codellama_34b_instruct,0.4716981132075472,0.2501429388221839,1.003787878787878,0.3-0.5
clinical_knowledge,codellama_codellama_34b_instruct,0.4641509433962264,0.24965694682675887,1.0037878787878816,0.3-0.5
clinical_knowledge,codellama_codellama_34b_instruct,0.4641509433962264,0.24965694682675887,1.0037878787878816,0.3-0.5
clinical_knowledge,codellama_codellama_34b_instruct,0.4716981132075472,0.25014293882218397,1.0037878787878782,0.3-0.5
clinical_knowledge,codellama_codellama_34b_instruct,0.4679245283018868,0.24991423670668983,1.00378787878788,0.3-0.5
clinical_knowledge,codellama_codellama_34b_instruct,0.47547169811320755,0.2503430531732427,1.0037878787878822,0.3-0.5
clinical_knowledge,codellama_codellama_34b_instruct,0.4528301886792453,0.24871355060034273,1.0037878787878776,0.3-0.5
clinical_knowledge,codellama_codellama_34b_instruct,0.45660377358490567,0.24905660377358427,1.0037878787878762,0.3-0.5
clinical_knowledge,codellama_codellama_34b_instruct,0.44150943396226416,0.24751286449399634,1.0037878787878778,0.3-0.5
clinical_knowledge,codellama_codellama_34b_instruct,0.4716981132075472,0.25014293882218397,1.0037878787878782,0.3-0.5
clinical_knowledge,codellama_codellama_34b_instruct,0.4641509433962264,0.24965694682675887,1.0037878787878816,0.3-0.5
clinical_knowledge,codellama_codellama_34b_instruct,0.47547169811320755,0.2503430531732427,1.0037878787878822,0.3-0.5
clinical_knowledge,codellama_codellama_34b_instruct,0.44150943396226416,0.2475128644939964,1.003787878787878,0.3-0.5
clinical_knowledge,codellama_codellama_34b_instruct,0.4339622641509434,0.24656946826758122,1.0037878787878778,0.3-0.5
clinical_knowledge,codellama_codellama_34b_instruct,0.44528301886792454,0.2479416809605488,1.0037878787878785,0.3-0.5
clinical_knowledge,codellama_codellama_34b_instruct,0.4528301886792453,0.24871355060034273,1.0037878787878776,0.3-0.5
clinical_knowledge,codellama_codellama_34b_instruct,0.4641509433962264,0.24965694682675887,1.0037878787878816,0.3-0.5
clinical_knowledge,codellama_codellama_34b_instruct,0.46037735849056605,0.24937106918239008,1.0037878787878793,0.3-0.5
clinical_knowledge,codellama_codellama_34b_instruct,0.46037735849056605,0.24937106918239008,1.0037878787878793,0.3-0.5
clinical_knowledge,codellama_codellama_34b_instruct,0.49433962264150944,0.2509148084619779,1.0037878787878771,0.3-0.5
clinical_knowledge,codellama_codellama_34b_instruct,0.4641509433962264,0.24965694682675893,1.0037878787878818,0.3-0.5
clinical_knowledge,codellama_codellama_34b_instruct,0.4679245283018868,0.24991423670668989,1.0037878787878802,0.3-0.5
clinical_knowledge,codellama_codellama_34b_instruct,0.4641509433962264,0.24965694682675887,1.0037878787878816,0.3-0.5
clinical_knowledge,codellama_codellama_34b_instruct,0.4679245283018868,0.24991423670668994,1.0037878787878804,0.3-0.5
clinical_knowledge,codellama_codellama_34b_instruct,0.45660377358490567,0.24905660377358427,1.0037878787878762,0.3-0.5
clinical_knowledge,codellama_codellama_34b_instruct,0.46037735849056605,0.24937106918238994,1.003787878787879,0.3-0.5
clinical_knowledge,codellama_codellama_34b_instruct,0.49056603773584906,0.25085763293310526,1.0037878787878813,0.3-0.5
clinical_knowledge,codellama_codellama_34b_instruct,0.46037735849056605,0.24937106918238994,1.003787878787879,0.3-0.5
clinical_knowledge,codellama_codellama_34b_instruct,0.44150943396226416,0.2475128644939964,1.003787878787878,0.3-0.5
clinical_knowledge,codellama_codellama_34b_instruct,0.4377358490566038,0.24705546026300795,1.003787878787881,0.3-0.5
clinical_knowledge,codellama_codellama_34b_instruct,0.44150943396226416,0.24751286449399634,1.0037878787878778,0.3-0.5
clinical_knowledge,codellama_codellama_34b_instruct,0.44528301886792454,0.24794168096054892,1.003787878787879,0.3-0.5
clinical_knowledge,codellama_codellama_34b_instruct,0.45660377358490567,0.24905660377358427,1.0037878787878762,0.3-0.5
clinical_knowledge,codellama_codellama_34b_instruct,0.46037735849056605,0.24937106918239005,1.0037878787878793,0.3-0.5
clinical_knowledge,codellama_codellama_34b_instruct,0.4339622641509434,0.24656946826758122,1.0037878787878778,0.3-0.5
clinical_knowledge,codellama_codellama_34b_instruct,0.4641509433962264,0.24965694682675887,1.0037878787878816,0.3-0.5
clinical_knowledge,codellama_codellama_34b_instruct,0.4679245283018868,0.24991423670668989,1.0037878787878802,0.3-0.5
clinical_knowledge,codellama_codellama_34b_instruct,0.4679245283018868,0.24991423670668989,1.0037878787878802,0.3-0.5
clinical_knowledge,codellama_codellama_34b_instruct,0.47924528301886793,0.25051457975986263,1.0037878787878782,0.3-0.5
clinical_knowledge,codellama_codellama_34b_instruct,0.4716981132075472,0.25014293882218397,1.0037878787878782,0.3-0.5
clinical_knowledge,codellama_codellama_34b_instruct,0.4716981132075472,0.25014293882218397,1.0037878787878782,0.3-0.5
clinical_knowledge,codellama_codellama_34b_instruct,0.4716981132075472,0.25014293882218397,1.0037878787878782,0.3-0.5
clinical_knowledge,codellama_codellama_34b_instruct,0.47924528301886793,0.25051457975986263,1.0037878787878782,0.3-0.5
clinical_knowledge,codellama_codellama_34b_instruct,0.4716981132075472,0.2501429388221839,1.003787878787878,0.3-0.5
clinical_knowledge,codellama_codellama_34b_instruct,0.4679245283018868,0.24991423670668989,1.0037878787878802,0.3-0.5
clinical_knowledge,codellama_codellama_34b_instruct,0.46037735849056605,0.24937106918238994,1.003787878787879,0.3-0.5
clinical_knowledge,codellama_codellama_34b_instruct,0.4490566037735849,0.24834190966266473,1.0037878787878802,0.3-0.5
clinical_knowledge,codellama_codellama_34b_instruct,0.46037735849056605,0.24937106918239,1.0037878787878791,0.3-0.5
clinical_knowledge,codellama_codellama_34b_instruct,0.4830188679245283,0.2506575185820482,1.003787878787884,0.3-0.5
clinical_knowledge,codellama_codellama_34b_instruct,0.45660377358490567,0.24905660377358427,1.0037878787878762,0.3-0.5
clinical_knowledge,codellama_codellama_34b_instruct,0.4490566037735849,0.24834190966266478,1.0037878787878804,0.3-0.5
clinical_knowledge,codellama_codellama_34b_instruct,0.45660377358490567,0.24905660377358427,1.0037878787878762,0.3-0.5
clinical_knowledge,codellama_codellama_34b_instruct,0.4679245283018868,0.24991423670668989,1.0037878787878802,0.3-0.5
clinical_knowledge,codellama_codellama_34b_instruct,0.4528301886792453,0.24871355060034273,1.0037878787878776,0.3-0.5
clinical_knowledge,codellama_codellama_34b_instruct,0.47924528301886793,0.2505145797598627,1.0037878787878785,0.3-0.5
clinical_knowledge,codellama_codellama_34b_instruct,0.47547169811320755,0.25034305317324274,1.0037878787878824,0.3-0.5
clinical_knowledge,google_flan_t5_xl,0.5471698113207547,0.24871355060034267,1.0037878787878773,0.5-0.7
clinical_knowledge,google_flan_t5_xl,0.5320754716981132,0.24991423670669005,1.003787878787881,0.5-0.7
clinical_knowledge,google_flan_t5_xl,0.5433962264150943,0.2490566037735842,1.003787878787876,0.5-0.7
clinical_knowledge,google_flan_t5_xl,0.5622641509433962,0.24705546026300806,1.0037878787878813,0.5-0.7
clinical_knowledge,google_flan_t5_xl,0.5471698113207547,0.24871355060034267,1.0037878787878773,0.5-0.7
clinical_knowledge,google_flan_t5_xl,0.5509433962264151,0.24834190966266473,1.0037878787878802,0.5-0.7
clinical_knowledge,google_flan_t5_xl,0.5433962264150943,0.2490566037735842,1.003787878787876,0.5-0.7
clinical_knowledge,google_flan_t5_xl,0.5358490566037736,0.24965694682675893,1.0037878787878818,0.5-0.7
clinical_knowledge,google_flan_t5_xl,0.5471698113207547,0.24871355060034267,1.0037878787878773,0.5-0.7
clinical_knowledge,google_flan_t5_xl,0.5358490566037736,0.24965694682675893,1.0037878787878818,0.5-0.7
clinical_knowledge,google_flan_t5_xl,0.539622641509434,0.24937106918239008,1.0037878787878793,0.5-0.7
clinical_knowledge,google_flan_t5_xl,0.5471698113207547,0.24871355060034267,1.0037878787878773,0.5-0.7
clinical_knowledge,google_flan_t5_xl,0.5547169811320755,0.24794168096054878,1.0037878787878785,0.5-0.7
clinical_knowledge,google_flan_t5_xl,0.5471698113207547,0.24871355060034267,1.0037878787878773,0.5-0.7
clinical_knowledge,google_flan_t5_xl,0.5433962264150943,0.2490566037735842,1.003787878787876,0.5-0.7
clinical_knowledge,google_flan_t5_xl,0.5320754716981132,0.24991423670669,1.0037878787878807,0.5-0.7
clinical_knowledge,google_flan_t5_xl,0.539622641509434,0.24937106918239005,1.0037878787878793,0.5-0.7
clinical_knowledge,google_flan_t5_xl,0.5509433962264151,0.24834190966266473,1.0037878787878802,0.5-0.7
clinical_knowledge,google_flan_t5_xl,0.539622641509434,0.24937106918239005,1.0037878787878793,0.5-0.7
clinical_knowledge,google_flan_t5_xl,0.5433962264150943,0.2490566037735842,1.003787878787876,0.5-0.7
clinical_knowledge,google_flan_t5_xl,0.5433962264150943,0.2490566037735842,1.003787878787876,0.5-0.7
clinical_knowledge,google_flan_t5_xl,0.5471698113207547,0.24871355060034267,1.0037878787878773,0.5-0.7
clinical_knowledge,google_flan_t5_xl,0.5433962264150943,0.2490566037735842,1.003787878787876,0.5-0.7
clinical_knowledge,google_flan_t5_xl,0.539622641509434,0.24937106918239008,1.0037878787878793,0.5-0.7
clinical_knowledge,google_flan_t5_xl,0.5433962264150943,0.2490566037735842,1.003787878787876,0.5-0.7
clinical_knowledge,google_flan_t5_xl,0.5433962264150943,0.2490566037735842,1.003787878787876,0.5-0.7
clinical_knowledge,google_flan_t5_xl,0.5509433962264151,0.24834190966266473,1.0037878787878802,0.5-0.7
clinical_knowledge,google_flan_t5_xl,0.5509433962264151,0.24834190966266478,1.0037878787878804,0.5-0.7
clinical_knowledge,google_flan_t5_xl,0.5207547169811321,0.2505145797598626,1.003787878787878,0.5-0.7
clinical_knowledge,google_flan_t5_xl,0.539622641509434,0.24937106918239,1.0037878787878791,0.5-0.7
clinical_knowledge,google_flan_t5_xl,0.539622641509434,0.24937106918239005,1.0037878787878793,0.5-0.7
clinical_knowledge,google_flan_t5_xl,0.5433962264150943,0.2490566037735842,1.003787878787876,0.5-0.7
clinical_knowledge,google_flan_t5_xl,0.539622641509434,0.24937106918239005,1.0037878787878793,0.5-0.7
clinical_knowledge,google_flan_t5_xl,0.5320754716981132,0.24991423670669,1.0037878787878807,0.5-0.7
clinical_knowledge,google_flan_t5_xl,0.5471698113207547,0.24871355060034267,1.0037878787878773,0.5-0.7
clinical_knowledge,google_flan_t5_xl,0.5509433962264151,0.24834190966266473,1.0037878787878802,0.5-0.7
clinical_knowledge,google_flan_t5_xl,0.5471698113207547,0.24871355060034267,1.0037878787878773,0.5-0.7
clinical_knowledge,google_flan_t5_xl,0.5433962264150943,0.24905660377358427,1.0037878787878762,0.5-0.7
clinical_knowledge,google_flan_t5_xl,0.539622641509434,0.24937106918239005,1.0037878787878793,0.5-0.7
clinical_knowledge,google_flan_t5_xl,0.539622641509434,0.24937106918239005,1.0037878787878793,0.5-0.7
clinical_knowledge,google_flan_t5_xl,0.5433962264150943,0.2490566037735842,1.003787878787876,0.5-0.7
clinical_knowledge,google_flan_t5_xl,0.5584905660377358,0.24751286449399634,1.0037878787878778,0.5-0.7
clinical_knowledge,google_flan_t5_xl,0.5471698113207547,0.24871355060034273,1.0037878787878776,0.5-0.7
clinical_knowledge,google_flan_t5_xl,0.5547169811320755,0.24794168096054878,1.0037878787878785,0.5-0.7
clinical_knowledge,google_flan_t5_xl,0.5433962264150943,0.2490566037735842,1.003787878787876,0.5-0.7
clinical_knowledge,google_flan_t5_xl,0.5433962264150943,0.2490566037735842,1.003787878787876,0.5-0.7
clinical_knowledge,google_flan_t5_xl,0.5433962264150943,0.24905660377358427,1.0037878787878762,0.5-0.7
clinical_knowledge,google_flan_t5_xl,0.5433962264150943,0.2490566037735842,1.003787878787876,0.5-0.7
clinical_knowledge,google_flan_t5_xl,0.5471698113207547,0.24871355060034267,1.0037878787878773,0.5-0.7
clinical_knowledge,google_flan_t5_xl,0.5358490566037736,0.24965694682675893,1.0037878787878818,0.5-0.7
clinical_knowledge,google_flan_t5_xl,0.5471698113207547,0.24871355060034267,1.0037878787878773,0.5-0.7
clinical_knowledge,google_flan_t5_xl,0.5433962264150943,0.2490566037735842,1.003787878787876,0.5-0.7
clinical_knowledge,google_flan_t5_xl,0.539622641509434,0.24937106918239,1.0037878787878791,0.5-0.7
clinical_knowledge,google_flan_t5_xl,0.539622641509434,0.24937106918239005,1.0037878787878793,0.5-0.7
clinical_knowledge,google_flan_t5_xl,0.539622641509434,0.24937106918239005,1.0037878787878793,0.5-0.7
clinical_knowledge,google_flan_t5_xl,0.539622641509434,0.24937106918239005,1.0037878787878793,0.5-0.7
clinical_knowledge,google_flan_t5_xl,0.5433962264150943,0.2490566037735842,1.003787878787876,0.5-0.7
clinical_knowledge,google_flan_t5_xl,0.539622641509434,0.24937106918239005,1.0037878787878793,0.5-0.7
clinical_knowledge,google_flan_t5_xl,0.539622641509434,0.24937106918239005,1.0037878787878793,0.5-0.7
clinical_knowledge,google_flan_t5_xl,0.5471698113207547,0.24871355060034267,1.0037878787878773,0.5-0.7
clinical_knowledge,google_flan_t5_xl,0.5358490566037736,0.24965694682675893,1.0037878787878818,0.5-0.7
clinical_knowledge,google_flan_t5_xl,0.5358490566037736,0.24965694682675893,1.0037878787878818,0.5-0.7
clinical_knowledge,google_flan_t5_xl,0.5358490566037736,0.24965694682675893,1.0037878787878818,0.5-0.7
clinical_knowledge,google_flan_t5_xl,0.5471698113207547,0.24871355060034267,1.0037878787878773,0.5-0.7
clinical_knowledge,google_flan_t5_xl,0.5433962264150943,0.2490566037735842,1.003787878787876,0.5-0.7
clinical_knowledge,google_flan_t5_xl,0.5358490566037736,0.24965694682675893,1.0037878787878818,0.5-0.7
clinical_knowledge,google_flan_t5_xl,0.5433962264150943,0.2490566037735842,1.003787878787876,0.5-0.7
clinical_knowledge,google_flan_t5_xl,0.539622641509434,0.24937106918239005,1.0037878787878793,0.5-0.7
clinical_knowledge,google_flan_t5_xl,0.5433962264150943,0.2490566037735842,1.003787878787876,0.5-0.7
clinical_knowledge,google_flan_t5_xl,0.539622641509434,0.24937106918239005,1.0037878787878793,0.5-0.7
clinical_knowledge,google_flan_t5_xl,0.5283018867924528,0.250142938822184,1.0037878787878785,0.5-0.7
clinical_knowledge,google_flan_t5_xl,0.539622641509434,0.24937106918239008,1.0037878787878793,0.5-0.7
clinical_knowledge,google_flan_t5_xl,0.5132075471698113,0.250771869639794,1.003787878787878,0.5-0.7
clinical_knowledge,google_flan_t5_xl,0.5283018867924528,0.25014293882218397,1.0037878787878782,0.5-0.7
clinical_knowledge,google_flan_t5_xl,0.5283018867924528,0.25014293882218397,1.0037878787878782,0.5-0.7
clinical_knowledge,google_flan_t5_xl,0.5320754716981132,0.24991423670668994,1.0037878787878804,0.5-0.7
clinical_knowledge,google_flan_t5_xl,0.539622641509434,0.24937106918239005,1.0037878787878793,0.5-0.7
clinical_knowledge,google_flan_t5_xl,0.539622641509434,0.24937106918239005,1.0037878787878793,0.5-0.7
clinical_knowledge,google_flan_t5_xl,0.5283018867924528,0.250142938822184,1.0037878787878785,0.5-0.7
clinical_knowledge,google_flan_t5_xl,0.5245283018867924,0.2503430531732427,1.0037878787878822,0.5-0.7
clinical_knowledge,google_flan_t5_xl,0.539622641509434,0.24937106918239,1.0037878787878791,0.5-0.7
clinical_knowledge,google_flan_t5_xl,0.539622641509434,0.24937106918239,1.0037878787878791,0.5-0.7
clinical_knowledge,google_flan_t5_xl,0.5433962264150943,0.24905660377358427,1.0037878787878762,0.5-0.7
clinical_knowledge,google_flan_t5_xl,0.5245283018867924,0.2503430531732427,1.0037878787878822,0.5-0.7
clinical_knowledge,google_flan_t5_xl,0.5509433962264151,0.24834190966266478,1.0037878787878804,0.5-0.7
clinical_knowledge,google_flan_t5_xl,0.539622641509434,0.24937106918239,1.0037878787878791,0.5-0.7
clinical_knowledge,google_flan_t5_xl,0.5358490566037736,0.24965694682675893,1.0037878787878818,0.5-0.7
clinical_knowledge,google_flan_t5_xl,0.5358490566037736,0.24965694682675893,1.0037878787878818,0.5-0.7
clinical_knowledge,google_flan_t5_xl,0.5320754716981132,0.24991423670668994,1.0037878787878804,0.5-0.7
clinical_knowledge,google_flan_t5_xl,0.5471698113207547,0.24871355060034267,1.0037878787878773,0.5-0.7
clinical_knowledge,google_flan_t5_xl,0.5245283018867924,0.25034305317324274,1.0037878787878824,0.5-0.7
clinical_knowledge,google_flan_t5_xl,0.5169811320754717,0.2506575185820482,1.003787878787884,0.5-0.7
clinical_knowledge,google_flan_t5_xl,0.5320754716981132,0.24991423670669,1.0037878787878807,0.5-0.7
clinical_knowledge,google_flan_t5_xl,0.539622641509434,0.24937106918239005,1.0037878787878793,0.5-0.7
clinical_knowledge,google_flan_t5_xl,0.5245283018867924,0.25034305317324274,1.0037878787878824,0.5-0.7
clinical_knowledge,google_flan_t5_xl,0.5283018867924528,0.250142938822184,1.0037878787878785,0.5-0.7
clinical_knowledge,google_flan_t5_xl,0.5245283018867924,0.25034305317324274,1.0037878787878824,0.5-0.7
clinical_knowledge,google_flan_t5_xl,0.5358490566037736,0.24965694682675893,1.0037878787878818,0.5-0.7
clinical_knowledge,google_flan_t5_xl,0.5283018867924528,0.250142938822184,1.0037878787878785,0.5-0.7
clinical_knowledge,google_flan_t5_xl,0.5245283018867924,0.25034305317324274,1.0037878787878824,0.5-0.7
clinical_knowledge,google_gemma_7b_it,0.5132075471698113,0.2507718696397939,1.0037878787878778,0.5-0.7
clinical_knowledge,google_gemma_7b_it,0.5169811320754717,0.2506575185820482,1.003787878787884,0.5-0.7
clinical_knowledge,google_gemma_7b_it,0.5169811320754717,0.2506575185820482,1.003787878787884,0.5-0.7
clinical_knowledge,google_gemma_7b_it,0.5320754716981132,0.24991423670669005,1.003787878787881,0.5-0.7
clinical_knowledge,google_gemma_7b_it,0.5245283018867924,0.2503430531732427,1.0037878787878822,0.5-0.7
clinical_knowledge,google_gemma_7b_it,0.5132075471698113,0.250771869639794,1.003787878787878,0.5-0.7
clinical_knowledge,google_gemma_7b_it,0.5132075471698113,0.250771869639794,1.003787878787878,0.5-0.7
clinical_knowledge,google_gemma_7b_it,0.47924528301886793,0.25051457975986274,1.0037878787878787,0.3-0.5
clinical_knowledge,google_gemma_7b_it,0.5169811320754717,0.2506575185820482,1.003787878787884,0.5-0.7
clinical_knowledge,google_gemma_7b_it,0.5207547169811321,0.2505145797598625,1.0037878787878778,0.5-0.7
clinical_knowledge,google_gemma_7b_it,0.4981132075471698,0.2509433962264155,1.0037878787878802,0.3-0.5
clinical_knowledge,google_gemma_7b_it,0.49056603773584906,0.2508576329331053,1.0037878787878816,0.3-0.5
clinical_knowledge,google_gemma_7b_it,0.5056603773584906,0.2509148084619781,1.003787878787878,0.5-0.7
clinical_knowledge,google_gemma_7b_it,0.4830188679245283,0.2506575185820482,1.003787878787884,0.3-0.5
clinical_knowledge,google_gemma_7b_it,0.4830188679245283,0.2506575185820482,1.003787878787884,0.3-0.5
clinical_knowledge,google_gemma_7b_it,0.4641509433962264,0.24965694682675882,1.0037878787878813,0.3-0.5
clinical_knowledge,google_gemma_7b_it,0.4528301886792453,0.24871355060034284,1.003787878787878,0.3-0.5
clinical_knowledge,google_gemma_7b_it,0.4830188679245283,0.2506575185820482,1.003787878787884,0.3-0.5
clinical_knowledge,google_gemma_7b_it,0.49433962264150944,0.25091480846197783,1.003787878787877,0.3-0.5
clinical_knowledge,google_gemma_7b_it,0.5056603773584906,0.2509148084619781,1.003787878787878,0.5-0.7
clinical_knowledge,google_gemma_7b_it,0.46037735849056605,0.24937106918239005,1.0037878787878793,0.3-0.5
clinical_knowledge,google_gemma_7b_it,0.4641509433962264,0.24965694682675887,1.0037878787878816,0.3-0.5
clinical_knowledge,google_gemma_7b_it,0.4641509433962264,0.24965694682675887,1.0037878787878816,0.3-0.5
clinical_knowledge,google_gemma_7b_it,0.47547169811320755,0.25034305317324274,1.0037878787878824,0.3-0.5
clinical_knowledge,google_gemma_7b_it,0.4679245283018868,0.24991423670668977,1.0037878787878798,0.3-0.5
clinical_knowledge,google_gemma_7b_it,0.4679245283018868,0.24991423670668977,1.0037878787878798,0.3-0.5
clinical_knowledge,google_gemma_7b_it,0.4716981132075472,0.25014293882218386,1.0037878787878778,0.3-0.5
clinical_knowledge,google_gemma_7b_it,0.47547169811320755,0.25034305317324274,1.0037878787878824,0.3-0.5
clinical_knowledge,google_gemma_7b_it,0.44150943396226416,0.2475128644939964,1.003787878787878,0.3-0.5
clinical_knowledge,google_gemma_7b_it,0.4679245283018868,0.24991423670668983,1.00378787878788,0.3-0.5
clinical_knowledge,google_gemma_7b_it,0.47547169811320755,0.25034305317324274,1.0037878787878824,0.3-0.5
clinical_knowledge,google_gemma_7b_it,0.46037735849056605,0.24937106918238994,1.003787878787879,0.3-0.5
clinical_knowledge,google_gemma_7b_it,0.47924528301886793,0.25051457975986274,1.0037878787878787,0.3-0.5
clinical_knowledge,google_gemma_7b_it,0.47547169811320755,0.25034305317324274,1.0037878787878824,0.3-0.5
clinical_knowledge,google_gemma_7b_it,0.4716981132075472,0.25014293882218386,1.0037878787878778,0.3-0.5
clinical_knowledge,google_gemma_7b_it,0.47924528301886793,0.25051457975986274,1.0037878787878787,0.3-0.5
clinical_knowledge,google_gemma_7b_it,0.4830188679245283,0.2506575185820482,1.003787878787884,0.3-0.5
clinical_knowledge,google_gemma_7b_it,0.5056603773584906,0.2509148084619781,1.003787878787878,0.5-0.7
clinical_knowledge,google_gemma_7b_it,0.47924528301886793,0.25051457975986274,1.0037878787878787,0.3-0.5
clinical_knowledge,google_gemma_7b_it,0.47924528301886793,0.25051457975986274,1.0037878787878787,0.3-0.5
clinical_knowledge,google_gemma_7b_it,0.49056603773584906,0.2508576329331053,1.0037878787878816,0.3-0.5
clinical_knowledge,google_gemma_7b_it,0.4867924528301887,0.25077186963979403,1.0037878787878782,0.3-0.5
clinical_knowledge,google_gemma_7b_it,0.4867924528301887,0.25077186963979403,1.0037878787878782,0.3-0.5
clinical_knowledge,google_gemma_7b_it,0.49433962264150944,0.25091480846197783,1.003787878787877,0.3-0.5
clinical_knowledge,google_gemma_7b_it,0.49056603773584906,0.2508576329331053,1.0037878787878816,0.3-0.5
clinical_knowledge,google_gemma_7b_it,0.5094339622641509,0.25085763293310526,1.0037878787878813,0.5-0.7
clinical_knowledge,google_gemma_7b_it,0.49056603773584906,0.25085763293310526,1.0037878787878813,0.3-0.5
clinical_knowledge,google_gemma_7b_it,0.47547169811320755,0.25034305317324274,1.0037878787878824,0.3-0.5
clinical_knowledge,google_gemma_7b_it,0.4716981132075472,0.25014293882218386,1.0037878787878778,0.3-0.5
clinical_knowledge,google_gemma_7b_it,0.5094339622641509,0.25085763293310526,1.0037878787878813,0.5-0.7
clinical_knowledge,google_gemma_7b_it,0.47547169811320755,0.25034305317324274,1.0037878787878824,0.3-0.5
clinical_knowledge,google_gemma_7b_it,0.47547169811320755,0.25034305317324274,1.0037878787878824,0.3-0.5
clinical_knowledge,google_gemma_7b_it,0.47924528301886793,0.25051457975986274,1.0037878787878787,0.3-0.5
clinical_knowledge,google_gemma_7b_it,0.5132075471698113,0.250771869639794,1.003787878787878,0.5-0.7
clinical_knowledge,google_gemma_7b_it,0.5132075471698113,0.2507718696397939,1.0037878787878778,0.5-0.7
clinical_knowledge,google_gemma_7b_it,0.5094339622641509,0.25085763293310526,1.0037878787878813,0.5-0.7
clinical_knowledge,google_gemma_7b_it,0.4830188679245283,0.25065751858204816,1.0037878787878838,0.3-0.5
clinical_knowledge,google_gemma_7b_it,0.4830188679245283,0.2506575185820482,1.003787878787884,0.3-0.5
clinical_knowledge,google_gemma_7b_it,0.4830188679245283,0.2506575185820482,1.003787878787884,0.3-0.5
clinical_knowledge,google_gemma_7b_it,0.4830188679245283,0.2506575185820482,1.003787878787884,0.3-0.5
clinical_knowledge,google_gemma_7b_it,0.4830188679245283,0.25065751858204816,1.0037878787878838,0.3-0.5
clinical_knowledge,google_gemma_7b_it,0.47547169811320755,0.2503430531732427,1.0037878787878822,0.3-0.5
clinical_knowledge,google_gemma_7b_it,0.4716981132075472,0.25014293882218386,1.0037878787878778,0.3-0.5
clinical_knowledge,google_gemma_7b_it,0.5056603773584906,0.2509148084619782,1.0037878787878785,0.5-0.7
clinical_knowledge,google_gemma_7b_it,0.4981132075471698,0.25094339622641554,1.0037878787878804,0.3-0.5
clinical_knowledge,google_gemma_7b_it,0.47547169811320755,0.25034305317324274,1.0037878787878824,0.3-0.5
clinical_knowledge,google_gemma_7b_it,0.49056603773584906,0.2508576329331053,1.0037878787878816,0.3-0.5
clinical_knowledge,google_gemma_7b_it,0.5245283018867924,0.2503430531732427,1.0037878787878822,0.5-0.7
clinical_knowledge,google_gemma_7b_it,0.4830188679245283,0.2506575185820482,1.003787878787884,0.3-0.5
clinical_knowledge,google_gemma_7b_it,0.47924528301886793,0.25051457975986274,1.0037878787878787,0.3-0.5
clinical_knowledge,google_gemma_7b_it,0.4716981132075472,0.25014293882218386,1.0037878787878778,0.3-0.5
clinical_knowledge,google_gemma_7b_it,0.4716981132075472,0.25014293882218386,1.0037878787878778,0.3-0.5
clinical_knowledge,google_gemma_7b_it,0.47924528301886793,0.2505145797598627,1.0037878787878785,0.3-0.5
clinical_knowledge,google_gemma_7b_it,0.4641509433962264,0.24965694682675887,1.0037878787878816,0.3-0.5
clinical_knowledge,google_gemma_7b_it,0.4641509433962264,0.24965694682675887,1.0037878787878816,0.3-0.5
clinical_knowledge,google_gemma_7b_it,0.38113207547169814,0.23676386506575187,1.003787878787879,0.3-0.5
clinical_knowledge,google_gemma_7b_it,0.4679245283018868,0.24991423670668989,1.0037878787878802,0.3-0.5
clinical_knowledge,google_gemma_7b_it,0.4679245283018868,0.24991423670668989,1.0037878787878802,0.3-0.5
clinical_knowledge,google_gemma_7b_it,0.37358490566037733,0.23490566037735952,1.0037878787878831,0.3-0.5
clinical_knowledge,google_gemma_7b_it,0.47924528301886793,0.2505145797598627,1.0037878787878785,0.3-0.5
clinical_knowledge,google_gemma_7b_it,0.5132075471698113,0.250771869639794,1.003787878787878,0.5-0.7
clinical_knowledge,google_gemma_7b_it,0.4981132075471698,0.2509433962264155,1.0037878787878802,0.3-0.5
clinical_knowledge,google_gemma_7b_it,0.4867924528301887,0.25077186963979403,1.0037878787878782,0.3-0.5
clinical_knowledge,google_gemma_7b_it,0.5018867924528302,0.2509433962264153,1.0037878787878796,0.5-0.7
clinical_knowledge,google_gemma_7b_it,0.5094339622641509,0.2508576329331052,1.0037878787878811,0.5-0.7
clinical_knowledge,google_gemma_7b_it,0.5207547169811321,0.2505145797598625,1.0037878787878778,0.5-0.7
clinical_knowledge,google_gemma_7b_it,0.5094339622641509,0.2508576329331052,1.0037878787878811,0.5-0.7
clinical_knowledge,google_gemma_7b_it,0.49056603773584906,0.2508576329331053,1.0037878787878816,0.3-0.5
clinical_knowledge,google_gemma_7b_it,0.5018867924528302,0.25094339622641537,1.0037878787878798,0.5-0.7
clinical_knowledge,google_gemma_7b_it,0.47547169811320755,0.2503430531732427,1.0037878787878822,0.3-0.5
clinical_knowledge,google_gemma_7b_it,0.47924528301886793,0.25051457975986274,1.0037878787878787,0.3-0.5
clinical_knowledge,google_gemma_7b_it,0.4830188679245283,0.2506575185820482,1.003787878787884,0.3-0.5
clinical_knowledge,google_gemma_7b_it,0.4641509433962264,0.24965694682675887,1.0037878787878816,0.3-0.5
clinical_knowledge,google_gemma_7b_it,0.47547169811320755,0.25034305317324274,1.0037878787878824,0.3-0.5
clinical_knowledge,google_gemma_7b_it,0.4188679245283019,0.24433962264150885,1.0037878787878765,0.3-0.5
clinical_knowledge,google_gemma_7b_it,0.4716981132075472,0.25014293882218386,1.0037878787878778,0.3-0.5
clinical_knowledge,google_gemma_7b_it,0.4830188679245283,0.2506575185820482,1.003787878787884,0.3-0.5
clinical_knowledge,google_gemma_7b_it,0.49056603773584906,0.2508576329331053,1.0037878787878816,0.3-0.5
clinical_knowledge,google_gemma_7b_it,0.4716981132075472,0.25014293882218386,1.0037878787878778,0.3-0.5
clinical_knowledge,google_gemma_7b_it,0.4716981132075472,0.25014293882218386,1.0037878787878778,0.3-0.5
clinical_knowledge,meta_llama_llama_3_70b_instruct,0.8603773584905661,0.12058319039451125,1.0037878787878798,0.7-0.9
clinical_knowledge,meta_llama_llama_3_70b_instruct,0.8566037735849057,0.12329902801600942,1.0037878787878811,0.7-0.9
clinical_knowledge,meta_llama_llama_3_70b_instruct,0.8603773584905661,0.12058319039451125,1.0037878787878798,0.7-0.9
clinical_knowledge,meta_llama_llama_3_70b_instruct,0.8641509433962264,0.11783876500857705,1.0037878787878851,0.7-0.9
clinical_knowledge,meta_llama_llama_3_70b_instruct,0.8528301886792453,0.1259862778730708,1.0037878787878827,0.7-0.9
clinical_knowledge,meta_llama_llama_3_70b_instruct,0.8528301886792453,0.1259862778730708,1.0037878787878827,0.7-0.9
clinical_knowledge,meta_llama_llama_3_70b_instruct,0.8641509433962264,0.11783876500857707,1.0037878787878853,0.7-0.9
clinical_knowledge,meta_llama_llama_3_70b_instruct,0.8528301886792453,0.1259862778730708,1.0037878787878827,0.7-0.9
clinical_knowledge,meta_llama_llama_3_70b_instruct,0.8679245283018868,0.11506575185820447,1.0037878787878771,0.7-0.9
clinical_knowledge,meta_llama_llama_3_70b_instruct,0.8641509433962264,0.11783876500857705,1.0037878787878851,0.7-0.9
clinical_knowledge,meta_llama_llama_3_70b_instruct,0.8528301886792453,0.1259862778730708,1.0037878787878827,0.7-0.9
clinical_knowledge,meta_llama_llama_3_70b_instruct,0.8566037735849057,0.12329902801600942,1.0037878787878811,0.7-0.9
clinical_knowledge,meta_llama_llama_3_70b_instruct,0.8679245283018868,0.11506575185820456,1.0037878787878778,0.7-0.9
clinical_knowledge,meta_llama_llama_3_70b_instruct,0.8490566037735849,0.1286449399656947,1.0037878787878793,0.7-0.9
clinical_knowledge,meta_llama_llama_3_70b_instruct,0.8528301886792453,0.1259862778730708,1.0037878787878827,0.7-0.9
clinical_knowledge,meta_llama_llama_3_70b_instruct,0.8490566037735849,0.12864493996569473,1.0037878787878793,0.7-0.9
clinical_knowledge,meta_llama_llama_3_70b_instruct,0.8566037735849057,0.12329902801600945,1.0037878787878813,0.7-0.9
clinical_knowledge,meta_llama_llama_3_70b_instruct,0.8641509433962264,0.11783876500857707,1.0037878787878853,0.7-0.9
clinical_knowledge,meta_llama_llama_3_70b_instruct,0.8716981132075472,0.11226415094339558,1.0037878787878731,0.7-0.9
clinical_knowledge,meta_llama_llama_3_70b_instruct,0.8566037735849057,0.12329902801600942,1.0037878787878811,0.7-0.9
clinical_knowledge,meta_llama_llama_3_70b_instruct,0.8679245283018868,0.11506575185820456,1.0037878787878778,0.7-0.9
clinical_knowledge,meta_llama_llama_3_70b_instruct,0.8603773584905661,0.12058319039451125,1.0037878787878798,0.7-0.9
clinical_knowledge,meta_llama_llama_3_70b_instruct,0.8566037735849057,0.12329902801600945,1.0037878787878813,0.7-0.9
clinical_knowledge,meta_llama_llama_3_70b_instruct,0.8528301886792453,0.1259862778730708,1.0037878787878827,0.7-0.9
clinical_knowledge,meta_llama_llama_3_70b_instruct,0.8490566037735849,0.12864493996569473,1.0037878787878793,0.7-0.9
clinical_knowledge,meta_llama_llama_3_70b_instruct,0.8528301886792453,0.1259862778730708,1.0037878787878827,0.7-0.9
clinical_knowledge,meta_llama_llama_3_70b_instruct,0.8679245283018868,0.11506575185820453,1.0037878787878776,0.7-0.9
clinical_knowledge,meta_llama_llama_3_70b_instruct,0.8528301886792453,0.1259862778730708,1.0037878787878827,0.7-0.9
clinical_knowledge,meta_llama_llama_3_70b_instruct,0.8603773584905661,0.12058319039451125,1.0037878787878798,0.7-0.9
clinical_knowledge,meta_llama_llama_3_70b_instruct,0.8641509433962264,0.11783876500857707,1.0037878787878853,0.7-0.9
clinical_knowledge,meta_llama_llama_3_70b_instruct,0.8641509433962264,0.11783876500857707,1.0037878787878853,0.7-0.9
clinical_knowledge,meta_llama_llama_3_70b_instruct,0.8603773584905661,0.12058319039451125,1.0037878787878798,0.7-0.9
clinical_knowledge,meta_llama_llama_3_70b_instruct,0.879245283018868,0.10657518582046932,1.0037878787878836,0.7-0.9
clinical_knowledge,meta_llama_llama_3_70b_instruct,0.8566037735849057,0.12329902801600937,1.0037878787878807,0.7-0.9
clinical_knowledge,meta_llama_llama_3_70b_instruct,0.8754716981132076,0.10943396226415046,1.0037878787878745,0.7-0.9
clinical_knowledge,meta_llama_llama_3_70b_instruct,0.8641509433962264,0.11783876500857705,1.0037878787878851,0.7-0.9
clinical_knowledge,meta_llama_llama_3_70b_instruct,0.8603773584905661,0.12058319039451125,1.0037878787878798,0.7-0.9
clinical_knowledge,meta_llama_llama_3_70b_instruct,0.8679245283018868,0.1150657518582046,1.0037878787878782,0.7-0.9
clinical_knowledge,meta_llama_llama_3_70b_instruct,0.8566037735849057,0.12329902801600937,1.0037878787878807,0.7-0.9
clinical_knowledge,meta_llama_llama_3_70b_instruct,0.8603773584905661,0.12058319039451125,1.0037878787878798,0.7-0.9
clinical_knowledge,meta_llama_llama_3_70b_instruct,0.8452830188679246,0.13127501429388233,1.0037878787878798,0.7-0.9
clinical_knowledge,meta_llama_llama_3_70b_instruct,0.8603773584905661,0.12058319039451125,1.0037878787878798,0.7-0.9
clinical_knowledge,meta_llama_llama_3_70b_instruct,0.8566037735849057,0.12329902801600945,1.0037878787878813,0.7-0.9
clinical_knowledge,meta_llama_llama_3_70b_instruct,0.8490566037735849,0.1286449399656947,1.0037878787878793,0.7-0.9
clinical_knowledge,meta_llama_llama_3_70b_instruct,0.8566037735849057,0.12329902801600942,1.0037878787878811,0.7-0.9
clinical_knowledge,meta_llama_llama_3_70b_instruct,0.8528301886792453,0.12598627787307076,1.0037878787878824,0.7-0.9
clinical_knowledge,meta_llama_llama_3_70b_instruct,0.8490566037735849,0.1286449399656947,1.0037878787878793,0.7-0.9
clinical_knowledge,meta_llama_llama_3_70b_instruct,0.8528301886792453,0.1259862778730708,1.0037878787878827,0.7-0.9
clinical_knowledge,meta_llama_llama_3_70b_instruct,0.8679245283018868,0.1150657518582045,1.0037878787878773,0.7-0.9
clinical_knowledge,meta_llama_llama_3_70b_instruct,0.8679245283018868,0.11506575185820453,1.0037878787878776,0.7-0.9
clinical_knowledge,meta_llama_llama_3_70b_instruct,0.8641509433962264,0.11783876500857705,1.0037878787878851,0.7-0.9
clinical_knowledge,meta_llama_llama_3_70b_instruct,0.8566037735849057,0.12329902801600945,1.0037878787878813,0.7-0.9
clinical_knowledge,meta_llama_llama_3_70b_instruct,0.8566037735849057,0.12329902801600942,1.0037878787878811,0.7-0.9
clinical_knowledge,meta_llama_llama_3_70b_instruct,0.8641509433962264,0.11783876500857707,1.0037878787878853,0.7-0.9
clinical_knowledge,meta_llama_llama_3_70b_instruct,0.8641509433962264,0.11783876500857707,1.0037878787878853,0.7-0.9
clinical_knowledge,meta_llama_llama_3_70b_instruct,0.8603773584905661,0.12058319039451125,1.0037878787878798,0.7-0.9
clinical_knowledge,meta_llama_llama_3_70b_instruct,0.8528301886792453,0.12598627787307076,1.0037878787878824,0.7-0.9
clinical_knowledge,meta_llama_llama_3_70b_instruct,0.8566037735849057,0.12329902801600942,1.0037878787878811,0.7-0.9
clinical_knowledge,meta_llama_llama_3_70b_instruct,0.8566037735849057,0.12329902801600942,1.0037878787878811,0.7-0.9
clinical_knowledge,meta_llama_llama_3_70b_instruct,0.8641509433962264,0.1178387650085771,1.0037878787878856,0.7-0.9
clinical_knowledge,meta_llama_llama_3_70b_instruct,0.8566037735849057,0.12329902801600945,1.0037878787878813,0.7-0.9
clinical_knowledge,meta_llama_llama_3_70b_instruct,0.8641509433962264,0.11783876500857705,1.0037878787878851,0.7-0.9
clinical_knowledge,meta_llama_llama_3_70b_instruct,0.8679245283018868,0.1150657518582046,1.0037878787878782,0.7-0.9
clinical_knowledge,meta_llama_llama_3_70b_instruct,0.8603773584905661,0.12058319039451125,1.0037878787878798,0.7-0.9
clinical_knowledge,meta_llama_llama_3_70b_instruct,0.8490566037735849,0.1286449399656947,1.0037878787878793,0.7-0.9
clinical_knowledge,meta_llama_llama_3_70b_instruct,0.8490566037735849,0.1286449399656947,1.0037878787878793,0.7-0.9
clinical_knowledge,meta_llama_llama_3_70b_instruct,0.8603773584905661,0.12058319039451125,1.0037878787878798,0.7-0.9
clinical_knowledge,meta_llama_llama_3_70b_instruct,0.8566037735849057,0.12329902801600942,1.0037878787878811,0.7-0.9
clinical_knowledge,meta_llama_llama_3_70b_instruct,0.8716981132075472,0.11226415094339555,1.003787878787873,0.7-0.9
clinical_knowledge,meta_llama_llama_3_70b_instruct,0.8603773584905661,0.12058319039451125,1.0037878787878798,0.7-0.9
clinical_knowledge,meta_llama_llama_3_70b_instruct,0.8679245283018868,0.11506575185820458,1.003787878787878,0.7-0.9
clinical_knowledge,meta_llama_llama_3_70b_instruct,0.8679245283018868,0.11506575185820458,1.003787878787878,0.7-0.9
clinical_knowledge,meta_llama_llama_3_70b_instruct,0.8679245283018868,0.11506575185820458,1.003787878787878,0.7-0.9
clinical_knowledge,meta_llama_llama_3_70b_instruct,0.8603773584905661,0.12058319039451125,1.0037878787878798,0.7-0.9
clinical_knowledge,meta_llama_llama_3_70b_instruct,0.8528301886792453,0.12598627787307076,1.0037878787878824,0.7-0.9
clinical_knowledge,meta_llama_llama_3_70b_instruct,0.8528301886792453,0.12598627787307076,1.0037878787878824,0.7-0.9
clinical_knowledge,meta_llama_llama_3_70b_instruct,0.8528301886792453,0.12598627787307076,1.0037878787878824,0.7-0.9
clinical_knowledge,meta_llama_llama_3_70b_instruct,0.8452830188679246,0.13127501429388233,1.0037878787878798,0.7-0.9
clinical_knowledge,meta_llama_llama_3_70b_instruct,0.8490566037735849,0.1286449399656947,1.0037878787878793,0.7-0.9
clinical_knowledge,meta_llama_llama_3_70b_instruct,0.8490566037735849,0.1286449399656947,1.0037878787878793,0.7-0.9
clinical_knowledge,meta_llama_llama_3_70b_instruct,0.8528301886792453,0.12598627787307076,1.0037878787878824,0.7-0.9
clinical_knowledge,meta_llama_llama_3_70b_instruct,0.8528301886792453,0.12598627787307076,1.0037878787878824,0.7-0.9
clinical_knowledge,meta_llama_llama_3_70b_instruct,0.8603773584905661,0.12058319039451125,1.0037878787878798,0.7-0.9
clinical_knowledge,meta_llama_llama_3_70b_instruct,0.8603773584905661,0.12058319039451125,1.0037878787878798,0.7-0.9
clinical_knowledge,meta_llama_llama_3_70b_instruct,0.8603773584905661,0.12058319039451125,1.0037878787878798,0.7-0.9
clinical_knowledge,meta_llama_llama_3_70b_instruct,0.8603773584905661,0.12058319039451125,1.0037878787878798,0.7-0.9
clinical_knowledge,meta_llama_llama_3_70b_instruct,0.8641509433962264,0.11783876500857705,1.0037878787878851,0.7-0.9
clinical_knowledge,meta_llama_llama_3_70b_instruct,0.8415094339622642,0.13387650085763317,1.0037878787878807,0.7-0.9
clinical_knowledge,meta_llama_llama_3_70b_instruct,0.8566037735849057,0.12329902801600942,1.0037878787878811,0.7-0.9
clinical_knowledge,meta_llama_llama_3_70b_instruct,0.8603773584905661,0.12058319039451125,1.0037878787878798,0.7-0.9
clinical_knowledge,meta_llama_llama_3_70b_instruct,0.8641509433962264,0.11783876500857705,1.0037878787878851,0.7-0.9
clinical_knowledge,meta_llama_llama_3_70b_instruct,0.8641509433962264,0.11783876500857707,1.0037878787878853,0.7-0.9
clinical_knowledge,meta_llama_llama_3_70b_instruct,0.8679245283018868,0.11506575185820452,1.0037878787878773,0.7-0.9
clinical_knowledge,meta_llama_llama_3_70b_instruct,0.8716981132075472,0.11226415094339555,1.003787878787873,0.7-0.9
clinical_knowledge,meta_llama_llama_3_70b_instruct,0.8641509433962264,0.11783876500857705,1.0037878787878851,0.7-0.9
clinical_knowledge,meta_llama_llama_3_70b_instruct,0.8679245283018868,0.11506575185820452,1.0037878787878773,0.7-0.9
clinical_knowledge,meta_llama_llama_3_70b_instruct,0.8679245283018868,0.11506575185820452,1.0037878787878773,0.7-0.9
clinical_knowledge,meta_llama_llama_3_70b_instruct,0.8754716981132076,0.10943396226415046,1.0037878787878745,0.7-0.9
clinical_knowledge,meta_llama_llama_3_70b_instruct,0.8679245283018868,0.11506575185820453,1.0037878787878776,0.7-0.9
clinical_knowledge,meta_llama_llama_3_70b_instruct,0.8603773584905661,0.12058319039451125,1.0037878787878798,0.7-0.9
clinical_knowledge,meta_llama_llama_3_8b_instruct,0.7132075471698113,0.20531732418524784,1.0037878787878745,0.7-0.9
clinical_knowledge,meta_llama_llama_3_8b_instruct,0.7245283018867924,0.20034305317324233,1.0037878787878811,0.7-0.9
clinical_knowledge,meta_llama_llama_3_8b_instruct,0.7320754716981132,0.1968839336763867,1.0037878787878796,0.7-0.9
clinical_knowledge,meta_llama_llama_3_8b_instruct,0.7245283018867924,0.2003430531732423,1.003787878787881,0.7-0.9
clinical_knowledge,meta_llama_llama_3_8b_instruct,0.7283018867924528,0.19862778730703268,1.0037878787878791,0.7-0.9
clinical_knowledge,meta_llama_llama_3_8b_instruct,0.7245283018867924,0.20034305317324236,1.0037878787878811,0.7-0.9
clinical_knowledge,meta_llama_llama_3_8b_instruct,0.7245283018867924,0.20034305317324233,1.0037878787878811,0.7-0.9
clinical_knowledge,meta_llama_llama_3_8b_instruct,0.7245283018867924,0.20034305317324233,1.0037878787878811,0.7-0.9
clinical_knowledge,meta_llama_llama_3_8b_instruct,0.7169811320754716,0.20368782161235044,1.0037878787878813,0.7-0.9
clinical_knowledge,meta_llama_llama_3_8b_instruct,0.7283018867924528,0.19862778730703268,1.0037878787878791,0.7-0.9
clinical_knowledge,meta_llama_llama_3_8b_instruct,0.7283018867924528,0.19862778730703268,1.0037878787878791,0.7-0.9
clinical_knowledge,meta_llama_llama_3_8b_instruct,0.7358490566037735,0.1951114922813048,1.003787878787885,0.7-0.9
clinical_knowledge,meta_llama_llama_3_8b_instruct,0.7283018867924528,0.19862778730703268,1.0037878787878791,0.7-0.9
clinical_knowledge,meta_llama_llama_3_8b_instruct,0.7320754716981132,0.1968839336763867,1.0037878787878796,0.7-0.9
clinical_knowledge,meta_llama_llama_3_8b_instruct,0.7283018867924528,0.19862778730703268,1.0037878787878791,0.7-0.9
clinical_knowledge,meta_llama_llama_3_8b_instruct,0.7245283018867924,0.20034305317324236,1.0037878787878811,0.7-0.9
clinical_knowledge,meta_llama_llama_3_8b_instruct,0.7320754716981132,0.1968839336763867,1.0037878787878796,0.7-0.9
clinical_knowledge,meta_llama_llama_3_8b_instruct,0.7320754716981132,0.1968839336763867,1.0037878787878796,0.7-0.9
clinical_knowledge,meta_llama_llama_3_8b_instruct,0.720754716981132,0.20202973127501458,1.0037878787878802,0.7-0.9
clinical_knowledge,meta_llama_llama_3_8b_instruct,0.7320754716981132,0.1968839336763867,1.0037878787878796,0.7-0.9
clinical_knowledge,meta_llama_llama_3_8b_instruct,0.7094339622641509,0.2069182389937097,1.0037878787878738,0.7-0.9
clinical_knowledge,meta_llama_llama_3_8b_instruct,0.7094339622641509,0.20691823899370976,1.003787878787874,0.7-0.9
clinical_knowledge,meta_llama_llama_3_8b_instruct,0.7018867924528301,0.2100343053173256,1.0037878787878853,0.7-0.9
clinical_knowledge,meta_llama_llama_3_8b_instruct,0.7132075471698113,0.2053173241852478,1.0037878787878742,0.7-0.9
clinical_knowledge,meta_llama_llama_3_8b_instruct,0.720754716981132,0.20202973127501458,1.0037878787878802,0.7-0.9
clinical_knowledge,meta_llama_llama_3_8b_instruct,0.7169811320754716,0.20368782161235044,1.0037878787878813,0.7-0.9
clinical_knowledge,meta_llama_llama_3_8b_instruct,0.7018867924528301,0.21003430531732553,1.0037878787878851,0.7-0.9
clinical_knowledge,meta_llama_llama_3_8b_instruct,0.7094339622641509,0.20691823899370979,1.0037878787878742,0.7-0.9
clinical_knowledge,meta_llama_llama_3_8b_instruct,0.7094339622641509,0.2069182389937098,1.0037878787878745,0.7-0.9
clinical_knowledge,meta_llama_llama_3_8b_instruct,0.6943396226415094,0.21303602058319088,1.003787878787881,0.5-0.7
clinical_knowledge,meta_llama_llama_3_8b_instruct,0.7018867924528301,0.21003430531732553,1.0037878787878851,0.7-0.9
clinical_knowledge,meta_llama_llama_3_8b_instruct,0.690566037735849,0.21449399656946744,1.0037878787878747,0.5-0.7
clinical_knowledge,meta_llama_llama_3_8b_instruct,0.7094339622641509,0.20691823899370973,1.003787878787874,0.7-0.9
clinical_knowledge,meta_llama_llama_3_8b_instruct,0.7245283018867924,0.20034305317324239,1.0037878787878813,0.7-0.9
clinical_knowledge,meta_llama_llama_3_8b_instruct,0.7169811320754716,0.20368782161235044,1.0037878787878813,0.7-0.9
clinical_knowledge,meta_llama_llama_3_8b_instruct,0.7132075471698113,0.20531732418524778,1.0037878787878742,0.7-0.9
clinical_knowledge,meta_llama_llama_3_8b_instruct,0.7283018867924528,0.19862778730703268,1.0037878787878791,0.7-0.9
clinical_knowledge,meta_llama_llama_3_8b_instruct,0.7320754716981132,0.1968839336763867,1.0037878787878796,0.7-0.9
clinical_knowledge,meta_llama_llama_3_8b_instruct,0.7245283018867924,0.2003430531732424,1.0037878787878816,0.7-0.9
clinical_knowledge,meta_llama_llama_3_8b_instruct,0.6943396226415094,0.21303602058319088,1.003787878787881,0.5-0.7
clinical_knowledge,meta_llama_llama_3_8b_instruct,0.7094339622641509,0.20691823899370979,1.0037878787878742,0.7-0.9
clinical_knowledge,meta_llama_llama_3_8b_instruct,0.7471698113207547,0.18962264150943445,1.0037878787878813,0.7-0.9
clinical_knowledge,meta_llama_llama_3_8b_instruct,0.7094339622641509,0.20691823899370976,1.003787878787874,0.7-0.9
clinical_knowledge,meta_llama_llama_3_8b_instruct,0.7056603773584905,0.20849056603773508,1.0037878787878751,0.7-0.9
clinical_knowledge,meta_llama_llama_3_8b_instruct,0.7283018867924528,0.19862778730703268,1.0037878787878791,0.7-0.9
clinical_knowledge,meta_llama_llama_3_8b_instruct,0.720754716981132,0.20202973127501458,1.0037878787878802,0.7-0.9
clinical_knowledge,meta_llama_llama_3_8b_instruct,0.7132075471698113,0.20531732418524778,1.0037878787878742,0.7-0.9
clinical_knowledge,meta_llama_llama_3_8b_instruct,0.7245283018867924,0.2003430531732424,1.0037878787878816,0.7-0.9
clinical_knowledge,meta_llama_llama_3_8b_instruct,0.720754716981132,0.20202973127501456,1.00378787878788,0.7-0.9
clinical_knowledge,meta_llama_llama_3_8b_instruct,0.7056603773584905,0.20849056603773505,1.003787878787875,0.7-0.9
clinical_knowledge,meta_llama_llama_3_8b_instruct,0.7320754716981132,0.1968839336763867,1.0037878787878796,0.7-0.9
clinical_knowledge,meta_llama_llama_3_8b_instruct,0.7094339622641509,0.20691823899370976,1.003787878787874,0.7-0.9
clinical_knowledge,meta_llama_llama_3_8b_instruct,0.7094339622641509,0.20691823899370973,1.003787878787874,0.7-0.9
clinical_knowledge,meta_llama_llama_3_8b_instruct,0.7132075471698113,0.20531732418524784,1.0037878787878745,0.7-0.9
clinical_knowledge,meta_llama_llama_3_8b_instruct,0.7132075471698113,0.2053173241852479,1.0037878787878747,0.7-0.9
clinical_knowledge,meta_llama_llama_3_8b_instruct,0.7094339622641509,0.20691823899370984,1.0037878787878745,0.7-0.9
clinical_knowledge,meta_llama_llama_3_8b_instruct,0.7018867924528301,0.21003430531732553,1.0037878787878851,0.7-0.9
clinical_knowledge,meta_llama_llama_3_8b_instruct,0.7094339622641509,0.20691823899370976,1.003787878787874,0.7-0.9
clinical_knowledge,meta_llama_llama_3_8b_instruct,0.7169811320754716,0.20368782161235044,1.0037878787878813,0.7-0.9
clinical_knowledge,meta_llama_llama_3_8b_instruct,0.7245283018867924,0.2003430531732424,1.0037878787878816,0.7-0.9
clinical_knowledge,meta_llama_llama_3_8b_instruct,0.6943396226415094,0.21303602058319088,1.003787878787881,0.5-0.7
clinical_knowledge,meta_llama_llama_3_8b_instruct,0.7396226415094339,0.19331046312178393,1.003787878787879,0.7-0.9
clinical_knowledge,meta_llama_llama_3_8b_instruct,0.7509433962264151,0.18773584905660448,1.0037878787878827,0.7-0.9
clinical_knowledge,meta_llama_llama_3_8b_instruct,0.720754716981132,0.20202973127501458,1.0037878787878802,0.7-0.9
clinical_knowledge,meta_llama_llama_3_8b_instruct,0.7169811320754716,0.20368782161235044,1.0037878787878813,0.7-0.9
clinical_knowledge,meta_llama_llama_3_8b_instruct,0.7169811320754716,0.20368782161235044,1.0037878787878813,0.7-0.9
clinical_knowledge,meta_llama_llama_3_8b_instruct,0.7320754716981132,0.1968839336763867,1.0037878787878796,0.7-0.9
clinical_knowledge,meta_llama_llama_3_8b_instruct,0.720754716981132,0.20202973127501458,1.0037878787878802,0.7-0.9
clinical_knowledge,meta_llama_llama_3_8b_instruct,0.7358490566037735,0.19511149228130475,1.0037878787878847,0.7-0.9
clinical_knowledge,meta_llama_llama_3_8b_instruct,0.7396226415094339,0.193310463121784,1.0037878787878793,0.7-0.9
clinical_knowledge,meta_llama_llama_3_8b_instruct,0.7056603773584905,0.20849056603773505,1.003787878787875,0.7-0.9
clinical_knowledge,meta_llama_llama_3_8b_instruct,0.7245283018867924,0.20034305317324239,1.0037878787878813,0.7-0.9
clinical_knowledge,meta_llama_llama_3_8b_instruct,0.7320754716981132,0.1968839336763867,1.0037878787878796,0.7-0.9
clinical_knowledge,meta_llama_llama_3_8b_instruct,0.7169811320754716,0.20368782161235047,1.0037878787878813,0.7-0.9
clinical_knowledge,meta_llama_llama_3_8b_instruct,0.7094339622641509,0.20691823899370976,1.003787878787874,0.7-0.9
clinical_knowledge,meta_llama_llama_3_8b_instruct,0.6981132075471698,0.21154945683247448,1.003787878787873,0.5-0.7
clinical_knowledge,meta_llama_llama_3_8b_instruct,0.7169811320754716,0.20368782161235044,1.0037878787878813,0.7-0.9
clinical_knowledge,meta_llama_llama_3_8b_instruct,0.6943396226415094,0.2130360205831909,1.0037878787878811,0.5-0.7
clinical_knowledge,meta_llama_llama_3_8b_instruct,0.6754716981132075,0.22004002287021202,1.003787878787881,0.5-0.7
clinical_knowledge,meta_llama_llama_3_8b_instruct,0.6981132075471698,0.21154945683247448,1.003787878787873,0.5-0.7
clinical_knowledge,meta_llama_llama_3_8b_instruct,0.7132075471698113,0.20531732418524795,1.003787878787875,0.7-0.9
clinical_knowledge,meta_llama_llama_3_8b_instruct,0.7094339622641509,0.20691823899370987,1.0037878787878747,0.7-0.9
clinical_knowledge,meta_llama_llama_3_8b_instruct,0.7433962264150943,0.19148084619782638,1.0037878787878736,0.7-0.9
clinical_knowledge,meta_llama_llama_3_8b_instruct,0.7396226415094339,0.1933104631217839,1.003787878787879,0.7-0.9
clinical_knowledge,meta_llama_llama_3_8b_instruct,0.7320754716981132,0.1968839336763867,1.0037878787878796,0.7-0.9
clinical_knowledge,meta_llama_llama_3_8b_instruct,0.7245283018867924,0.20034305317324233,1.0037878787878811,0.7-0.9
clinical_knowledge,meta_llama_llama_3_8b_instruct,0.7320754716981132,0.1968839336763867,1.0037878787878796,0.7-0.9
clinical_knowledge,meta_llama_llama_3_8b_instruct,0.7320754716981132,0.1968839336763867,1.0037878787878796,0.7-0.9
clinical_knowledge,meta_llama_llama_3_8b_instruct,0.7358490566037735,0.1951114922813048,1.003787878787885,0.7-0.9
clinical_knowledge,meta_llama_llama_3_8b_instruct,0.7320754716981132,0.1968839336763867,1.0037878787878796,0.7-0.9
clinical_knowledge,meta_llama_llama_3_8b_instruct,0.720754716981132,0.20202973127501458,1.0037878787878802,0.7-0.9
clinical_knowledge,meta_llama_llama_3_8b_instruct,0.7245283018867924,0.20034305317324244,1.0037878787878816,0.7-0.9
clinical_knowledge,meta_llama_llama_3_8b_instruct,0.7283018867924528,0.19862778730703268,1.0037878787878791,0.7-0.9
clinical_knowledge,meta_llama_llama_3_8b_instruct,0.7245283018867924,0.20034305317324239,1.0037878787878813,0.7-0.9
clinical_knowledge,meta_llama_llama_3_8b_instruct,0.7283018867924528,0.19862778730703268,1.0037878787878791,0.7-0.9
clinical_knowledge,meta_llama_llama_3_8b_instruct,0.720754716981132,0.20202973127501458,1.0037878787878802,0.7-0.9
clinical_knowledge,meta_llama_llama_3_8b_instruct,0.7320754716981132,0.1968839336763867,1.0037878787878796,0.7-0.9
clinical_knowledge,meta_llama_llama_3_8b_instruct,0.7245283018867924,0.2003430531732424,1.0037878787878816,0.7-0.9
clinical_knowledge,meta_llama_llama_3_8b_instruct,0.7132075471698113,0.20531732418524776,1.003787878787874,0.7-0.9
clinical_knowledge,meta_llama_llama_3_8b_instruct,0.7169811320754716,0.20368782161235047,1.0037878787878813,0.7-0.9
clinical_knowledge,mistralai_mistral_7b_instruct_v0_2,0.6226415094339622,0.2358490566037732,1.0037878787878771,0.5-0.7
clinical_knowledge,mistralai_mistral_7b_instruct_v0_2,0.630188679245283,0.23393367638650528,1.0037878787878731,0.5-0.7
clinical_knowledge,mistralai_mistral_7b_instruct_v0_2,0.6415094339622641,0.23084619782733126,1.0037878787878847,0.5-0.7
clinical_knowledge,mistralai_mistral_7b_instruct_v0_2,0.6188679245283019,0.2367638650657522,1.0037878787878802,0.5-0.7
clinical_knowledge,mistralai_mistral_7b_instruct_v0_2,0.630188679245283,0.23393367638650533,1.0037878787878733,0.5-0.7
clinical_knowledge,mistralai_mistral_7b_instruct_v0_2,0.6339622641509434,0.23293310463121672,1.003787878787874,0.5-0.7
clinical_knowledge,mistralai_mistral_7b_instruct_v0_2,0.6528301886792452,0.22750142938822163,1.0037878787878778,0.5-0.7
clinical_knowledge,mistralai_mistral_7b_instruct_v0_2,0.6490566037735849,0.2286449399656946,1.0037878787878785,0.5-0.7
clinical_knowledge,mistralai_mistral_7b_instruct_v0_2,0.6415094339622641,0.23084619782733118,1.0037878787878844,0.5-0.7
clinical_knowledge,mistralai_mistral_7b_instruct_v0_2,0.6566037735849056,0.2263293310463125,1.0037878787878802,0.5-0.7
clinical_knowledge,mistralai_mistral_7b_instruct_v0_2,0.6264150943396226,0.23490566037735947,1.003787878787883,0.5-0.7
clinical_knowledge,mistralai_mistral_7b_instruct_v0_2,0.6377358490566037,0.23190394511149137,1.003787878787875,0.5-0.7
clinical_knowledge,mistralai_mistral_7b_instruct_v0_2,0.6415094339622641,0.2308461978273313,1.003787878787885,0.5-0.7
clinical_knowledge,mistralai_mistral_7b_instruct_v0_2,0.6490566037735849,0.2286449399656946,1.0037878787878785,0.5-0.7
clinical_knowledge,mistralai_mistral_7b_instruct_v0_2,0.6339622641509434,0.23293310463121666,1.0037878787878738,0.5-0.7
clinical_knowledge,mistralai_mistral_7b_instruct_v0_2,0.6452830188679245,0.22975986277872945,1.0037878787878733,0.5-0.7
clinical_knowledge,mistralai_mistral_7b_instruct_v0_2,0.6377358490566037,0.23190394511149134,1.0037878787878747,0.5-0.7
clinical_knowledge,mistralai_mistral_7b_instruct_v0_2,0.6452830188679245,0.22975986277872948,1.0037878787878733,0.5-0.7
clinical_knowledge,mistralai_mistral_7b_instruct_v0_2,0.6566037735849056,0.2263293310463125,1.0037878787878802,0.5-0.7
clinical_knowledge,mistralai_mistral_7b_instruct_v0_2,0.6339622641509434,0.23293310463121672,1.003787878787874,0.5-0.7
clinical_knowledge,mistralai_mistral_7b_instruct_v0_2,0.6566037735849056,0.2263293310463125,1.0037878787878802,0.5-0.7
clinical_knowledge,mistralai_mistral_7b_instruct_v0_2,0.6264150943396226,0.23490566037735947,1.003787878787883,0.5-0.7
clinical_knowledge,mistralai_mistral_7b_instruct_v0_2,0.6037735849056604,0.24013722126929737,1.0037878787878813,0.5-0.7
clinical_knowledge,mistralai_mistral_7b_instruct_v0_2,0.5962264150943396,0.24165237278444862,1.0037878787878802,0.5-0.7
clinical_knowledge,mistralai_mistral_7b_instruct_v0_2,0.6377358490566037,0.23190394511149137,1.003787878787875,0.5-0.7
clinical_knowledge,mistralai_mistral_7b_instruct_v0_2,0.6075471698113207,0.2393367638650667,1.0037878787878827,0.5-0.7
clinical_knowledge,mistralai_mistral_7b_instruct_v0_2,0.5811320754716981,0.24433962264150866,1.0037878787878756,0.5-0.7
clinical_knowledge,mistralai_mistral_7b_instruct_v0_2,0.6264150943396226,0.23490566037735947,1.003787878787883,0.5-0.7
clinical_knowledge,mistralai_mistral_7b_instruct_v0_2,0.5924528301886792,0.24236706689536974,1.0037878787878827,0.5-0.7
clinical_knowledge,mistralai_mistral_7b_instruct_v0_2,0.5886792452830188,0.24305317324185163,1.0037878787878753,0.5-0.7
clinical_knowledge,mistralai_mistral_7b_instruct_v0_2,0.5735849056603773,0.24551172098341875,1.0037878787878773,0.5-0.7
clinical_knowledge,mistralai_mistral_7b_instruct_v0_2,0.6188679245283019,0.23676386506575225,1.0037878787878804,0.5-0.7
clinical_knowledge,mistralai_mistral_7b_instruct_v0_2,0.6377358490566037,0.23190394511149137,1.003787878787875,0.5-0.7
clinical_knowledge,mistralai_mistral_7b_instruct_v0_2,0.6528301886792452,0.22750142938822163,1.0037878787878778,0.5-0.7
clinical_knowledge,mistralai_mistral_7b_instruct_v0_2,0.6490566037735849,0.2286449399656946,1.0037878787878785,0.5-0.7
clinical_knowledge,mistralai_mistral_7b_instruct_v0_2,0.6490566037735849,0.22864493996569463,1.0037878787878785,0.5-0.7
clinical_knowledge,mistralai_mistral_7b_instruct_v0_2,0.660377358490566,0.2251286449399655,1.0037878787878778,0.5-0.7
clinical_knowledge,mistralai_mistral_7b_instruct_v0_2,0.6528301886792452,0.22750142938822163,1.0037878787878778,0.5-0.7
clinical_knowledge,mistralai_mistral_7b_instruct_v0_2,0.6754716981132075,0.22004002287021196,1.0037878787878804,0.5-0.7
clinical_knowledge,mistralai_mistral_7b_instruct_v0_2,0.660377358490566,0.22512864493996565,1.0037878787878785,0.5-0.7
clinical_knowledge,mistralai_mistral_7b_instruct_v0_2,0.6641509433962264,0.2238993710691814,1.0037878787878742,0.5-0.7
clinical_knowledge,mistralai_mistral_7b_instruct_v0_2,0.6528301886792452,0.22750142938822163,1.0037878787878778,0.5-0.7
clinical_knowledge,mistralai_mistral_7b_instruct_v0_2,0.6452830188679245,0.22975986277872945,1.0037878787878733,0.5-0.7
clinical_knowledge,mistralai_mistral_7b_instruct_v0_2,0.6490566037735849,0.22864493996569463,1.0037878787878785,0.5-0.7
clinical_knowledge,mistralai_mistral_7b_instruct_v0_2,0.6415094339622641,0.23084619782733115,1.0037878787878842,0.5-0.7
clinical_knowledge,mistralai_mistral_7b_instruct_v0_2,0.660377358490566,0.22512864493996565,1.0037878787878785,0.5-0.7
clinical_knowledge,mistralai_mistral_7b_instruct_v0_2,0.6150943396226415,0.2376500857632927,1.003787878787876,0.5-0.7
clinical_knowledge,mistralai_mistral_7b_instruct_v0_2,0.660377358490566,0.2251286449399656,1.0037878787878782,0.5-0.7
clinical_knowledge,mistralai_mistral_7b_instruct_v0_2,0.660377358490566,0.2251286449399656,1.0037878787878782,0.5-0.7
clinical_knowledge,mistralai_mistral_7b_instruct_v0_2,0.6150943396226415,0.2376500857632927,1.003787878787876,0.5-0.7
clinical_knowledge,mistralai_mistral_7b_instruct_v0_2,0.6415094339622641,0.23084619782733126,1.0037878787878847,0.5-0.7
clinical_knowledge,mistralai_mistral_7b_instruct_v0_2,0.6490566037735849,0.22864493996569463,1.0037878787878785,0.5-0.7
clinical_knowledge,mistralai_mistral_7b_instruct_v0_2,0.6339622641509434,0.2329331046312166,1.0037878787878736,0.5-0.7
clinical_knowledge,mistralai_mistral_7b_instruct_v0_2,0.6415094339622641,0.23084619782733132,1.003787878787885,0.5-0.7
clinical_knowledge,mistralai_mistral_7b_instruct_v0_2,0.6528301886792452,0.2275014293882216,1.0037878787878776,0.5-0.7
clinical_knowledge,mistralai_mistral_7b_instruct_v0_2,0.6641509433962264,0.2238993710691814,1.0037878787878742,0.5-0.7
clinical_knowledge,mistralai_mistral_7b_instruct_v0_2,0.6490566037735849,0.22864493996569463,1.0037878787878785,0.5-0.7
clinical_knowledge,mistralai_mistral_7b_instruct_v0_2,0.6339622641509434,0.23293310463121666,1.0037878787878738,0.5-0.7
clinical_knowledge,mistralai_mistral_7b_instruct_v0_2,0.6150943396226415,0.2376500857632927,1.003787878787876,0.5-0.7
clinical_knowledge,mistralai_mistral_7b_instruct_v0_2,0.6226415094339622,0.2358490566037732,1.0037878787878771,0.5-0.7
clinical_knowledge,mistralai_mistral_7b_instruct_v0_2,0.6339622641509434,0.23293310463121666,1.0037878787878738,0.5-0.7
clinical_knowledge,mistralai_mistral_7b_instruct_v0_2,0.6679245283018868,0.2226415094339627,1.0037878787878807,0.5-0.7
clinical_knowledge,mistralai_mistral_7b_instruct_v0_2,0.6415094339622641,0.2308461978273313,1.003787878787885,0.5-0.7
clinical_knowledge,mistralai_mistral_7b_instruct_v0_2,0.6452830188679245,0.2297598627787295,1.0037878787878736,0.5-0.7
clinical_knowledge,mistralai_mistral_7b_instruct_v0_2,0.630188679245283,0.2339336763865053,1.0037878787878733,0.5-0.7
clinical_knowledge,mistralai_mistral_7b_instruct_v0_2,0.6188679245283019,0.2367638650657522,1.0037878787878802,0.5-0.7
clinical_knowledge,mistralai_mistral_7b_instruct_v0_2,0.6490566037735849,0.22864493996569457,1.0037878787878782,0.5-0.7
clinical_knowledge,mistralai_mistral_7b_instruct_v0_2,0.6226415094339622,0.2358490566037732,1.0037878787878771,0.5-0.7
clinical_knowledge,mistralai_mistral_7b_instruct_v0_2,0.6528301886792452,0.22750142938822163,1.0037878787878778,0.5-0.7
clinical_knowledge,mistralai_mistral_7b_instruct_v0_2,0.6716981132075471,0.22135506003430538,1.003787878787879,0.5-0.7
clinical_knowledge,mistralai_mistral_7b_instruct_v0_2,0.6113207547169811,0.23850771869639817,1.0037878787878798,0.5-0.7
clinical_knowledge,mistralai_mistral_7b_instruct_v0_2,0.6641509433962264,0.2238993710691814,1.0037878787878742,0.5-0.7
clinical_knowledge,mistralai_mistral_7b_instruct_v0_2,0.660377358490566,0.22512864493996554,1.003787878787878,0.5-0.7
clinical_knowledge,mistralai_mistral_7b_instruct_v0_2,0.6415094339622641,0.23084619782733126,1.0037878787878847,0.5-0.7
clinical_knowledge,mistralai_mistral_7b_instruct_v0_2,0.6226415094339622,0.2358490566037732,1.0037878787878771,0.5-0.7
clinical_knowledge,mistralai_mistral_7b_instruct_v0_2,0.5924528301886792,0.24236706689536977,1.003787878787883,0.5-0.7
clinical_knowledge,mistralai_mistral_7b_instruct_v0_2,0.5811320754716981,0.24433962264150869,1.0037878787878758,0.5-0.7
clinical_knowledge,mistralai_mistral_7b_instruct_v0_2,0.6188679245283019,0.2367638650657522,1.0037878787878802,0.5-0.7
clinical_knowledge,mistralai_mistral_7b_instruct_v0_2,0.5886792452830188,0.24305317324185174,1.0037878787878758,0.5-0.7
clinical_knowledge,mistralai_mistral_7b_instruct_v0_2,0.6,0.2409090909090897,1.0037878787878738,0.5-0.7
clinical_knowledge,mistralai_mistral_7b_instruct_v0_2,0.5849056603773585,0.24371069182390073,1.0037878787878844,0.5-0.7
clinical_knowledge,mistralai_mistral_7b_instruct_v0_2,0.6339622641509434,0.23293310463121672,1.003787878787874,0.5-0.7
clinical_knowledge,mistralai_mistral_7b_instruct_v0_2,0.6452830188679245,0.22975986277872945,1.0037878787878733,0.5-0.7
clinical_knowledge,mistralai_mistral_7b_instruct_v0_2,0.6716981132075471,0.22135506003430538,1.003787878787879,0.5-0.7
clinical_knowledge,mistralai_mistral_7b_instruct_v0_2,0.6528301886792452,0.22750142938822163,1.0037878787878778,0.5-0.7
clinical_knowledge,mistralai_mistral_7b_instruct_v0_2,0.660377358490566,0.22512864493996565,1.0037878787878785,0.5-0.7
clinical_knowledge,mistralai_mistral_7b_instruct_v0_2,0.660377358490566,0.22512864493996554,1.003787878787878,0.5-0.7
clinical_knowledge,mistralai_mistral_7b_instruct_v0_2,0.6679245283018868,0.22264150943396271,1.0037878787878807,0.5-0.7
clinical_knowledge,mistralai_mistral_7b_instruct_v0_2,0.6339622641509434,0.23293310463121666,1.0037878787878738,0.5-0.7
clinical_knowledge,mistralai_mistral_7b_instruct_v0_2,0.6566037735849056,0.2263293310463125,1.0037878787878802,0.5-0.7
clinical_knowledge,mistralai_mistral_7b_instruct_v0_2,0.6566037735849056,0.2263293310463125,1.0037878787878802,0.5-0.7
clinical_knowledge,mistralai_mistral_7b_instruct_v0_2,0.6641509433962264,0.2238993710691814,1.0037878787878742,0.5-0.7
clinical_knowledge,mistralai_mistral_7b_instruct_v0_2,0.6415094339622641,0.2308461978273313,1.003787878787885,0.5-0.7
clinical_knowledge,mistralai_mistral_7b_instruct_v0_2,0.6415094339622641,0.2308461978273313,1.003787878787885,0.5-0.7
clinical_knowledge,mistralai_mistral_7b_instruct_v0_2,0.6452830188679245,0.22975986277872942,1.0037878787878731,0.5-0.7
clinical_knowledge,mistralai_mistral_7b_instruct_v0_2,0.6264150943396226,0.23490566037735947,1.003787878787883,0.5-0.7
clinical_knowledge,mistralai_mistral_7b_instruct_v0_2,0.6452830188679245,0.22975986277872948,1.0037878787878733,0.5-0.7
clinical_knowledge,mistralai_mistral_7b_instruct_v0_2,0.630188679245283,0.23393367638650533,1.0037878787878733,0.5-0.7
clinical_knowledge,mistralai_mistral_7b_instruct_v0_2,0.6490566037735849,0.22864493996569463,1.0037878787878785,0.5-0.7
clinical_knowledge,mistralai_mistral_7b_instruct_v0_2,0.6339622641509434,0.23293310463121666,1.0037878787878738,0.5-0.7
clinical_knowledge,tiiuae_falcon_40b,0.5773584905660377,0.24493996569468332,1.0037878787878813,0.5-0.7
clinical_knowledge,tiiuae_falcon_40b,0.5509433962264151,0.24834190966266473,1.0037878787878802,0.5-0.7
clinical_knowledge,tiiuae_falcon_40b,0.569811320754717,0.24605488850771978,1.0037878787878833,0.5-0.7
clinical_knowledge,tiiuae_falcon_40b,0.569811320754717,0.24605488850771978,1.0037878787878833,0.5-0.7
clinical_knowledge,tiiuae_falcon_40b,0.5886792452830188,0.24305317324185186,1.0037878787878762,0.5-0.7
clinical_knowledge,tiiuae_falcon_40b,0.5735849056603773,0.24551172098341875,1.0037878787878773,0.5-0.7
clinical_knowledge,tiiuae_falcon_40b,0.5547169811320755,0.2479416809605488,1.0037878787878785,0.5-0.7
clinical_knowledge,tiiuae_falcon_40b,0.5735849056603773,0.24551172098341875,1.0037878787878773,0.5-0.7
clinical_knowledge,tiiuae_falcon_40b,0.5962264150943396,0.2416523727844486,1.0037878787878802,0.5-0.7
clinical_knowledge,tiiuae_falcon_40b,0.539622641509434,0.24937106918239005,1.0037878787878793,0.5-0.7
clinical_knowledge,tiiuae_falcon_40b,0.569811320754717,0.24605488850771978,1.0037878787878833,0.5-0.7
clinical_knowledge,tiiuae_falcon_40b,0.5660377358490566,0.24656946826758133,1.0037878787878782,0.5-0.7
clinical_knowledge,tiiuae_falcon_40b,0.5773584905660377,0.24493996569468332,1.0037878787878813,0.5-0.7
clinical_knowledge,tiiuae_falcon_40b,0.5886792452830188,0.24305317324185186,1.0037878787878762,0.5-0.7
clinical_knowledge,tiiuae_falcon_40b,0.5622641509433962,0.24705546026300812,1.0037878787878816,0.5-0.7
clinical_knowledge,tiiuae_falcon_40b,0.569811320754717,0.24605488850771984,1.0037878787878836,0.5-0.7
clinical_knowledge,tiiuae_falcon_40b,0.569811320754717,0.24605488850771978,1.0037878787878833,0.5-0.7
clinical_knowledge,tiiuae_falcon_40b,0.5660377358490566,0.24656946826758133,1.0037878787878782,0.5-0.7
clinical_knowledge,tiiuae_falcon_40b,0.539622641509434,0.24937106918239005,1.0037878787878793,0.5-0.7
clinical_knowledge,tiiuae_falcon_40b,0.5811320754716981,0.24433962264150869,1.0037878787878758,0.5-0.7
clinical_knowledge,tiiuae_falcon_40b,0.5886792452830188,0.2430531732418518,1.003787878787876,0.5-0.7
clinical_knowledge,tiiuae_falcon_40b,0.5849056603773585,0.2437106918239008,1.0037878787878847,0.5-0.7
clinical_knowledge,tiiuae_falcon_40b,0.5358490566037736,0.24965694682675887,1.0037878787878816,0.5-0.7
clinical_knowledge,tiiuae_falcon_40b,0.5886792452830188,0.2430531732418518,1.003787878787876,0.5-0.7
clinical_knowledge,tiiuae_falcon_40b,0.5886792452830188,0.24305317324185186,1.0037878787878762,0.5-0.7
clinical_knowledge,tiiuae_falcon_40b,0.5924528301886792,0.24236706689536974,1.0037878787878827,0.5-0.7
clinical_knowledge,tiiuae_falcon_40b,0.5849056603773585,0.24371069182390073,1.0037878787878844,0.5-0.7
clinical_knowledge,tiiuae_falcon_40b,0.569811320754717,0.24605488850771978,1.0037878787878833,0.5-0.7
clinical_knowledge,tiiuae_falcon_40b,0.5547169811320755,0.24794168096054878,1.0037878787878785,0.5-0.7
clinical_knowledge,tiiuae_falcon_40b,0.569811320754717,0.24605488850771978,1.0037878787878833,0.5-0.7
clinical_knowledge,tiiuae_falcon_40b,0.5811320754716981,0.24433962264150874,1.003787878787876,0.5-0.7
clinical_knowledge,tiiuae_falcon_40b,0.5735849056603773,0.24551172098341875,1.0037878787878773,0.5-0.7
clinical_knowledge,tiiuae_falcon_40b,0.5773584905660377,0.24493996569468332,1.0037878787878813,0.5-0.7
clinical_knowledge,tiiuae_falcon_40b,0.5962264150943396,0.24165237278444854,1.00378787878788,0.5-0.7
clinical_knowledge,tiiuae_falcon_40b,0.5924528301886792,0.24236706689536977,1.003787878787883,0.5-0.7
clinical_knowledge,tiiuae_falcon_40b,0.5773584905660377,0.24493996569468332,1.0037878787878813,0.5-0.7
clinical_knowledge,tiiuae_falcon_40b,0.5773584905660377,0.24493996569468332,1.0037878787878813,0.5-0.7
clinical_knowledge,tiiuae_falcon_40b,0.5207547169811321,0.25051457975986263,1.0037878787878782,0.5-0.7
clinical_knowledge,tiiuae_falcon_40b,0.5433962264150943,0.2490566037735842,1.003787878787876,0.5-0.7
clinical_knowledge,tiiuae_falcon_40b,0.539622641509434,0.24937106918239005,1.0037878787878793,0.5-0.7
clinical_knowledge,tiiuae_falcon_40b,0.5433962264150943,0.2490566037735842,1.003787878787876,0.5-0.7
clinical_knowledge,tiiuae_falcon_40b,0.5471698113207547,0.24871355060034267,1.0037878787878773,0.5-0.7
clinical_knowledge,tiiuae_falcon_40b,0.5509433962264151,0.24834190966266478,1.0037878787878804,0.5-0.7
clinical_knowledge,tiiuae_falcon_40b,0.5622641509433962,0.24705546026300818,1.0037878787878818,0.5-0.7
clinical_knowledge,tiiuae_falcon_40b,0.5811320754716981,0.24433962264150869,1.0037878787878758,0.5-0.7
clinical_knowledge,tiiuae_falcon_40b,0.5547169811320755,0.24794168096054872,1.0037878787878782,0.5-0.7
clinical_knowledge,tiiuae_falcon_40b,0.5660377358490566,0.24656946826758133,1.0037878787878782,0.5-0.7
clinical_knowledge,tiiuae_falcon_40b,0.5886792452830188,0.24305317324185174,1.0037878787878758,0.5-0.7
clinical_knowledge,tiiuae_falcon_40b,0.5735849056603773,0.24551172098341875,1.0037878787878773,0.5-0.7
clinical_knowledge,tiiuae_falcon_40b,0.5358490566037736,0.24965694682675893,1.0037878787878818,0.5-0.7
clinical_knowledge,tiiuae_falcon_40b,0.5886792452830188,0.24305317324185186,1.0037878787878762,0.5-0.7
clinical_knowledge,tiiuae_falcon_40b,0.5886792452830188,0.24305317324185186,1.0037878787878762,0.5-0.7
clinical_knowledge,tiiuae_falcon_40b,0.5735849056603773,0.24551172098341875,1.0037878787878773,0.5-0.7
clinical_knowledge,tiiuae_falcon_40b,0.5622641509433962,0.24705546026300812,1.0037878787878816,0.5-0.7
clinical_knowledge,tiiuae_falcon_40b,0.5245283018867924,0.2503430531732426,1.003787878787882,0.5-0.7
clinical_knowledge,tiiuae_falcon_40b,0.5547169811320755,0.24794168096054878,1.0037878787878785,0.5-0.7
clinical_knowledge,tiiuae_falcon_40b,0.5547169811320755,0.24794168096054878,1.0037878787878785,0.5-0.7
clinical_knowledge,tiiuae_falcon_40b,0.5773584905660377,0.24493996569468332,1.0037878787878813,0.5-0.7
clinical_knowledge,tiiuae_falcon_40b,0.5773584905660377,0.24493996569468332,1.0037878787878813,0.5-0.7
clinical_knowledge,tiiuae_falcon_40b,0.5358490566037736,0.24965694682675887,1.0037878787878816,0.5-0.7
clinical_knowledge,tiiuae_falcon_40b,0.5660377358490566,0.24656946826758128,1.003787878787878,0.5-0.7
clinical_knowledge,tiiuae_falcon_40b,0.5849056603773585,0.2437106918239008,1.0037878787878847,0.5-0.7
clinical_knowledge,tiiuae_falcon_40b,0.5811320754716981,0.24433962264150874,1.003787878787876,0.5-0.7
clinical_knowledge,tiiuae_falcon_40b,0.5886792452830188,0.24305317324185186,1.0037878787878762,0.5-0.7
clinical_knowledge,tiiuae_falcon_40b,0.5924528301886792,0.24236706689536977,1.003787878787883,0.5-0.7
clinical_knowledge,tiiuae_falcon_40b,0.5811320754716981,0.24433962264150869,1.0037878787878758,0.5-0.7
clinical_knowledge,tiiuae_falcon_40b,0.5660377358490566,0.24656946826758128,1.003787878787878,0.5-0.7
clinical_knowledge,tiiuae_falcon_40b,0.569811320754717,0.24605488850771978,1.0037878787878833,0.5-0.7
clinical_knowledge,tiiuae_falcon_40b,0.5471698113207547,0.24871355060034273,1.0037878787878776,0.5-0.7
clinical_knowledge,tiiuae_falcon_40b,0.5660377358490566,0.24656946826758133,1.0037878787878782,0.5-0.7
clinical_knowledge,tiiuae_falcon_40b,0.5547169811320755,0.24794168096054878,1.0037878787878785,0.5-0.7
clinical_knowledge,tiiuae_falcon_40b,0.5660377358490566,0.24656946826758133,1.0037878787878782,0.5-0.7
clinical_knowledge,tiiuae_falcon_40b,0.5509433962264151,0.24834190966266478,1.0037878787878804,0.5-0.7
clinical_knowledge,tiiuae_falcon_40b,0.5509433962264151,0.24834190966266478,1.0037878787878804,0.5-0.7
clinical_knowledge,tiiuae_falcon_40b,0.5660377358490566,0.24656946826758128,1.003787878787878,0.5-0.7
clinical_knowledge,tiiuae_falcon_40b,0.5094339622641509,0.2508576329331053,1.0037878787878816,0.5-0.7
clinical_knowledge,tiiuae_falcon_40b,0.5773584905660377,0.24493996569468332,1.0037878787878813,0.5-0.7
clinical_knowledge,tiiuae_falcon_40b,0.5773584905660377,0.24493996569468332,1.0037878787878813,0.5-0.7
clinical_knowledge,tiiuae_falcon_40b,0.5622641509433962,0.24705546026300818,1.0037878787878818,0.5-0.7
clinical_knowledge,tiiuae_falcon_40b,0.5622641509433962,0.24705546026300812,1.0037878787878816,0.5-0.7
clinical_knowledge,tiiuae_falcon_40b,0.5622641509433962,0.24705546026300812,1.0037878787878816,0.5-0.7
clinical_knowledge,tiiuae_falcon_40b,0.5773584905660377,0.24493996569468332,1.0037878787878813,0.5-0.7
clinical_knowledge,tiiuae_falcon_40b,0.5547169811320755,0.24794168096054878,1.0037878787878785,0.5-0.7
clinical_knowledge,tiiuae_falcon_40b,0.5660377358490566,0.24656946826758128,1.003787878787878,0.5-0.7
clinical_knowledge,tiiuae_falcon_40b,0.5773584905660377,0.24493996569468332,1.0037878787878813,0.5-0.7
clinical_knowledge,tiiuae_falcon_40b,0.5547169811320755,0.24794168096054878,1.0037878787878785,0.5-0.7
clinical_knowledge,tiiuae_falcon_40b,0.5735849056603773,0.24551172098341878,1.0037878787878776,0.5-0.7
clinical_knowledge,tiiuae_falcon_40b,0.5547169811320755,0.24794168096054878,1.0037878787878785,0.5-0.7
clinical_knowledge,tiiuae_falcon_40b,0.5584905660377358,0.24751286449399634,1.0037878787878778,0.5-0.7
clinical_knowledge,tiiuae_falcon_40b,0.5471698113207547,0.24871355060034261,1.0037878787878771,0.5-0.7
clinical_knowledge,tiiuae_falcon_40b,0.5849056603773585,0.24371069182390073,1.0037878787878844,0.5-0.7
clinical_knowledge,tiiuae_falcon_40b,0.5773584905660377,0.24493996569468332,1.0037878787878813,0.5-0.7
clinical_knowledge,tiiuae_falcon_40b,0.5622641509433962,0.24705546026300812,1.0037878787878816,0.5-0.7
clinical_knowledge,tiiuae_falcon_40b,0.5962264150943396,0.2416523727844486,1.0037878787878802,0.5-0.7
clinical_knowledge,tiiuae_falcon_40b,0.5735849056603773,0.24551172098341875,1.0037878787878773,0.5-0.7
clinical_knowledge,tiiuae_falcon_40b,0.5849056603773585,0.24371069182390073,1.0037878787878844,0.5-0.7
clinical_knowledge,tiiuae_falcon_40b,0.5773584905660377,0.24493996569468332,1.0037878787878813,0.5-0.7
clinical_knowledge,tiiuae_falcon_40b,0.5773584905660377,0.24493996569468332,1.0037878787878813,0.5-0.7
clinical_knowledge,tiiuae_falcon_40b,0.5660377358490566,0.24656946826758128,1.003787878787878,0.5-0.7
clinical_knowledge,tiiuae_falcon_40b,0.5622641509433962,0.24705546026300812,1.0037878787878816,0.5-0.7
college_mathematics,codellama_codellama_34b_instruct,0.35,0.22979797979797945,1.0101010101010086,0.3-0.5
college_mathematics,codellama_codellama_34b_instruct,0.34,0.22666666666666685,1.010101010101011,0.3-0.5
college_mathematics,codellama_codellama_34b_instruct,0.34,0.22666666666666685,1.010101010101011,0.3-0.5
college_mathematics,codellama_codellama_34b_instruct,0.32,0.2197979797979795,1.0101010101010088,0.3-0.5
college_mathematics,codellama_codellama_34b_instruct,0.34,0.22666666666666685,1.010101010101011,0.3-0.5
college_mathematics,codellama_codellama_34b_instruct,0.31,0.21606060606060593,1.0101010101010095,0.3-0.5
college_mathematics,codellama_codellama_34b_instruct,0.3,0.21212121212121193,1.0101010101010093,0.1-0.3
college_mathematics,codellama_codellama_34b_instruct,0.31,0.21606060606060595,1.0101010101010097,0.3-0.5
college_mathematics,codellama_codellama_34b_instruct,0.32,0.2197979797979795,1.0101010101010088,0.3-0.5
college_mathematics,codellama_codellama_34b_instruct,0.33,0.22333333333333297,1.0101010101010084,0.3-0.5
college_mathematics,codellama_codellama_34b_instruct,0.32,0.2197979797979795,1.0101010101010088,0.3-0.5
college_mathematics,codellama_codellama_34b_instruct,0.34,0.22666666666666685,1.010101010101011,0.3-0.5
college_mathematics,codellama_codellama_34b_instruct,0.33,0.22333333333333297,1.0101010101010084,0.3-0.5
college_mathematics,codellama_codellama_34b_instruct,0.3,0.21212121212121193,1.0101010101010093,0.1-0.3
college_mathematics,codellama_codellama_34b_instruct,0.32,0.21979797979797952,1.0101010101010088,0.3-0.5
college_mathematics,codellama_codellama_34b_instruct,0.29,0.20797979797979774,1.010101010101009,0.1-0.3
college_mathematics,codellama_codellama_34b_instruct,0.27,0.19909090909090943,1.0101010101010117,0.1-0.3
college_mathematics,codellama_codellama_34b_instruct,0.34,0.22666666666666685,1.010101010101011,0.3-0.5
college_mathematics,codellama_codellama_34b_instruct,0.32,0.2197979797979795,1.0101010101010088,0.3-0.5
college_mathematics,codellama_codellama_34b_instruct,0.29,0.20797979797979776,1.0101010101010093,0.1-0.3
college_mathematics,codellama_codellama_34b_instruct,0.31,0.21606060606060593,1.0101010101010095,0.3-0.5
college_mathematics,codellama_codellama_34b_instruct,0.27,0.19909090909090932,1.0101010101010113,0.1-0.3
college_mathematics,codellama_codellama_34b_instruct,0.31,0.21606060606060595,1.0101010101010097,0.3-0.5
college_mathematics,codellama_codellama_34b_instruct,0.29,0.20797979797979776,1.0101010101010093,0.1-0.3
college_mathematics,codellama_codellama_34b_instruct,0.33,0.223333333333333,1.0101010101010086,0.3-0.5
college_mathematics,codellama_codellama_34b_instruct,0.33,0.223333333333333,1.0101010101010086,0.3-0.5
college_mathematics,codellama_codellama_34b_instruct,0.27,0.19909090909090937,1.0101010101010115,0.1-0.3
college_mathematics,codellama_codellama_34b_instruct,0.29,0.20797979797979776,1.0101010101010093,0.1-0.3
college_mathematics,codellama_codellama_34b_instruct,0.31,0.21606060606060593,1.0101010101010095,0.3-0.5
college_mathematics,codellama_codellama_34b_instruct,0.34,0.22666666666666685,1.010101010101011,0.3-0.5
college_mathematics,codellama_codellama_34b_instruct,0.27,0.19909090909090932,1.0101010101010113,0.1-0.3
college_mathematics,codellama_codellama_34b_instruct,0.33,0.223333333333333,1.0101010101010086,0.3-0.5
college_mathematics,codellama_codellama_34b_instruct,0.27,0.19909090909090937,1.0101010101010115,0.1-0.3
college_mathematics,codellama_codellama_34b_instruct,0.25,0.1893939393939394,1.0101010101010102,0.1-0.3
college_mathematics,codellama_codellama_34b_instruct,0.28,0.20363636363636353,1.0101010101010095,0.1-0.3
college_mathematics,codellama_codellama_34b_instruct,0.36,0.23272727272727273,1.0101010101010102,0.3-0.5
college_mathematics,codellama_codellama_34b_instruct,0.36,0.23272727272727273,1.0101010101010102,0.3-0.5
college_mathematics,codellama_codellama_34b_instruct,0.33,0.22333333333333305,1.0101010101010088,0.3-0.5
college_mathematics,codellama_codellama_34b_instruct,0.31,0.21606060606060593,1.0101010101010095,0.3-0.5
college_mathematics,codellama_codellama_34b_instruct,0.3,0.21212121212121193,1.0101010101010093,0.1-0.3
college_mathematics,codellama_codellama_34b_instruct,0.33,0.22333333333333305,1.0101010101010088,0.3-0.5
college_mathematics,codellama_codellama_34b_instruct,0.27,0.19909090909090937,1.0101010101010115,0.1-0.3
college_mathematics,codellama_codellama_34b_instruct,0.32,0.2197979797979795,1.0101010101010088,0.3-0.5
college_mathematics,codellama_codellama_34b_instruct,0.28,0.20363636363636353,1.0101010101010095,0.1-0.3
college_mathematics,codellama_codellama_34b_instruct,0.28,0.2036363636363635,1.0101010101010095,0.1-0.3
college_mathematics,codellama_codellama_34b_instruct,0.28,0.2036363636363635,1.0101010101010095,0.1-0.3
college_mathematics,codellama_codellama_34b_instruct,0.26,0.19434343434343418,1.0101010101010093,0.1-0.3
college_mathematics,codellama_codellama_34b_instruct,0.3,0.21212121212121193,1.0101010101010093,0.1-0.3
college_mathematics,codellama_codellama_34b_instruct,0.3,0.21212121212121193,1.0101010101010093,0.1-0.3
college_mathematics,codellama_codellama_34b_instruct,0.32,0.21979797979797946,1.0101010101010086,0.3-0.5
college_mathematics,codellama_codellama_34b_instruct,0.3,0.21212121212121193,1.0101010101010093,0.1-0.3
college_mathematics,codellama_codellama_34b_instruct,0.29,0.20797979797979776,1.0101010101010093,0.1-0.3
college_mathematics,codellama_codellama_34b_instruct,0.25,0.1893939393939394,1.0101010101010102,0.1-0.3
college_mathematics,codellama_codellama_34b_instruct,0.3,0.21212121212121193,1.0101010101010093,0.1-0.3
college_mathematics,codellama_codellama_34b_instruct,0.3,0.21212121212121193,1.0101010101010093,0.1-0.3
college_mathematics,codellama_codellama_34b_instruct,0.32,0.2197979797979795,1.0101010101010088,0.3-0.5
college_mathematics,codellama_codellama_34b_instruct,0.29,0.20797979797979776,1.0101010101010093,0.1-0.3
college_mathematics,codellama_codellama_34b_instruct,0.28,0.20363636363636353,1.0101010101010095,0.1-0.3
college_mathematics,codellama_codellama_34b_instruct,0.28,0.20363636363636353,1.0101010101010095,0.1-0.3
college_mathematics,codellama_codellama_34b_instruct,0.28,0.20363636363636356,1.0101010101010097,0.1-0.3
college_mathematics,codellama_codellama_34b_instruct,0.27,0.19909090909090937,1.0101010101010115,0.1-0.3
college_mathematics,codellama_codellama_34b_instruct,0.27,0.19909090909090937,1.0101010101010115,0.1-0.3
college_mathematics,codellama_codellama_34b_instruct,0.27,0.19909090909090937,1.0101010101010115,0.1-0.3
college_mathematics,codellama_codellama_34b_instruct,0.35,0.2297979797979795,1.0101010101010088,0.3-0.5
college_mathematics,codellama_codellama_34b_instruct,0.34,0.2266666666666669,1.0101010101010113,0.3-0.5
college_mathematics,codellama_codellama_34b_instruct,0.34,0.22666666666666685,1.010101010101011,0.3-0.5
college_mathematics,codellama_codellama_34b_instruct,0.27,0.19909090909090937,1.0101010101010115,0.1-0.3
college_mathematics,codellama_codellama_34b_instruct,0.32,0.21979797979797952,1.0101010101010088,0.3-0.5
college_mathematics,codellama_codellama_34b_instruct,0.3,0.21212121212121193,1.0101010101010093,0.1-0.3
college_mathematics,codellama_codellama_34b_instruct,0.31,0.21606060606060593,1.0101010101010095,0.3-0.5
college_mathematics,codellama_codellama_34b_instruct,0.31,0.21606060606060595,1.0101010101010097,0.3-0.5
college_mathematics,codellama_codellama_34b_instruct,0.28,0.20363636363636356,1.0101010101010097,0.1-0.3
college_mathematics,codellama_codellama_34b_instruct,0.3,0.21212121212121193,1.0101010101010093,0.1-0.3
college_mathematics,codellama_codellama_34b_instruct,0.29,0.20797979797979776,1.0101010101010093,0.1-0.3
college_mathematics,codellama_codellama_34b_instruct,0.32,0.21979797979797952,1.0101010101010088,0.3-0.5
college_mathematics,codellama_codellama_34b_instruct,0.24,0.18424242424242454,1.0101010101010117,0.1-0.3
college_mathematics,codellama_codellama_34b_instruct,0.28,0.2036363636363635,1.0101010101010095,0.1-0.3
college_mathematics,codellama_codellama_34b_instruct,0.28,0.2036363636363635,1.0101010101010095,0.1-0.3
college_mathematics,codellama_codellama_34b_instruct,0.27,0.19909090909090935,1.0101010101010115,0.1-0.3
college_mathematics,codellama_codellama_34b_instruct,0.33,0.22333333333333294,1.0101010101010084,0.3-0.5
college_mathematics,codellama_codellama_34b_instruct,0.3,0.21212121212121193,1.0101010101010093,0.1-0.3
college_mathematics,codellama_codellama_34b_instruct,0.28,0.20363636363636353,1.0101010101010095,0.1-0.3
college_mathematics,codellama_codellama_34b_instruct,0.28,0.20363636363636353,1.0101010101010095,0.1-0.3
college_mathematics,codellama_codellama_34b_instruct,0.34,0.22666666666666685,1.010101010101011,0.3-0.5
college_mathematics,codellama_codellama_34b_instruct,0.28,0.20363636363636353,1.0101010101010095,0.1-0.3
college_mathematics,codellama_codellama_34b_instruct,0.27,0.19909090909090935,1.0101010101010115,0.1-0.3
college_mathematics,codellama_codellama_34b_instruct,0.28,0.20363636363636353,1.0101010101010095,0.1-0.3
college_mathematics,codellama_codellama_34b_instruct,0.28,0.20363636363636353,1.0101010101010095,0.1-0.3
college_mathematics,codellama_codellama_34b_instruct,0.26,0.19434343434343426,1.0101010101010095,0.1-0.3
college_mathematics,codellama_codellama_34b_instruct,0.31,0.21606060606060593,1.0101010101010095,0.3-0.5
college_mathematics,codellama_codellama_34b_instruct,0.24,0.1842424242424245,1.0101010101010115,0.1-0.3
college_mathematics,codellama_codellama_34b_instruct,0.28,0.2036363636363635,1.0101010101010095,0.1-0.3
college_mathematics,codellama_codellama_34b_instruct,0.29,0.20797979797979776,1.0101010101010093,0.1-0.3
college_mathematics,codellama_codellama_34b_instruct,0.32,0.21979797979797946,1.0101010101010086,0.3-0.5
college_mathematics,codellama_codellama_34b_instruct,0.27,0.19909090909090937,1.0101010101010115,0.1-0.3
college_mathematics,codellama_codellama_34b_instruct,0.24,0.18424242424242454,1.0101010101010117,0.1-0.3
college_mathematics,codellama_codellama_34b_instruct,0.27,0.19909090909090937,1.0101010101010115,0.1-0.3
college_mathematics,codellama_codellama_34b_instruct,0.28,0.2036363636363635,1.0101010101010095,0.1-0.3
college_mathematics,codellama_codellama_34b_instruct,0.29,0.20797979797979776,1.0101010101010093,0.1-0.3
college_mathematics,codellama_codellama_34b_instruct,0.29,0.20797979797979776,1.0101010101010093,0.1-0.3
college_mathematics,google_flan_t5_xl,0.26,0.19434343434343412,1.0101010101010088,0.1-0.3
college_mathematics,google_flan_t5_xl,0.28,0.2036363636363634,1.0101010101010088,0.1-0.3
college_mathematics,google_flan_t5_xl,0.28,0.20363636363636342,1.010101010101009,0.1-0.3
college_mathematics,google_flan_t5_xl,0.28,0.2036363636363634,1.0101010101010088,0.1-0.3
college_mathematics,google_flan_t5_xl,0.27,0.19909090909090935,1.0101010101010115,0.1-0.3
college_mathematics,google_flan_t5_xl,0.28,0.2036363636363634,1.0101010101010088,0.1-0.3
college_mathematics,google_flan_t5_xl,0.27,0.19909090909090935,1.0101010101010115,0.1-0.3
college_mathematics,google_flan_t5_xl,0.28,0.20363636363636342,1.010101010101009,0.1-0.3
college_mathematics,google_flan_t5_xl,0.27,0.19909090909090935,1.0101010101010115,0.1-0.3
college_mathematics,google_flan_t5_xl,0.27,0.19909090909090935,1.0101010101010115,0.1-0.3
college_mathematics,google_flan_t5_xl,0.26,0.19434343434343412,1.0101010101010088,0.1-0.3
college_mathematics,google_flan_t5_xl,0.27,0.19909090909090935,1.0101010101010115,0.1-0.3
college_mathematics,google_flan_t5_xl,0.28,0.2036363636363634,1.0101010101010088,0.1-0.3
college_mathematics,google_flan_t5_xl,0.28,0.20363636363636342,1.010101010101009,0.1-0.3
college_mathematics,google_flan_t5_xl,0.28,0.20363636363636342,1.010101010101009,0.1-0.3
college_mathematics,google_flan_t5_xl,0.27,0.19909090909090935,1.0101010101010115,0.1-0.3
college_mathematics,google_flan_t5_xl,0.28,0.20363636363636342,1.010101010101009,0.1-0.3
college_mathematics,google_flan_t5_xl,0.27,0.19909090909090935,1.0101010101010115,0.1-0.3
college_mathematics,google_flan_t5_xl,0.28,0.2036363636363634,1.0101010101010088,0.1-0.3
college_mathematics,google_flan_t5_xl,0.28,0.20363636363636342,1.010101010101009,0.1-0.3
college_mathematics,google_flan_t5_xl,0.3,0.21212121212121193,1.0101010101010093,0.1-0.3
college_mathematics,google_flan_t5_xl,0.28,0.20363636363636342,1.010101010101009,0.1-0.3
college_mathematics,google_flan_t5_xl,0.27,0.19909090909090932,1.0101010101010113,0.1-0.3
college_mathematics,google_flan_t5_xl,0.24,0.1842424242424246,1.010101010101012,0.1-0.3
college_mathematics,google_flan_t5_xl,0.29,0.20797979797979776,1.0101010101010093,0.1-0.3
college_mathematics,google_flan_t5_xl,0.29,0.20797979797979776,1.0101010101010093,0.1-0.3
college_mathematics,google_flan_t5_xl,0.25,0.1893939393939394,1.0101010101010102,0.1-0.3
college_mathematics,google_flan_t5_xl,0.3,0.21212121212121193,1.0101010101010093,0.1-0.3
college_mathematics,google_flan_t5_xl,0.27,0.19909090909090935,1.0101010101010115,0.1-0.3
college_mathematics,google_flan_t5_xl,0.32,0.2197979797979795,1.0101010101010088,0.3-0.5
college_mathematics,google_flan_t5_xl,0.29,0.20797979797979776,1.0101010101010093,0.1-0.3
college_mathematics,google_flan_t5_xl,0.28,0.20363636363636342,1.010101010101009,0.1-0.3
college_mathematics,google_flan_t5_xl,0.28,0.20363636363636342,1.010101010101009,0.1-0.3
college_mathematics,google_flan_t5_xl,0.29,0.2079797979797978,1.0101010101010093,0.1-0.3
college_mathematics,google_flan_t5_xl,0.26,0.19434343434343412,1.0101010101010088,0.1-0.3
college_mathematics,google_flan_t5_xl,0.27,0.19909090909090935,1.0101010101010115,0.1-0.3
college_mathematics,google_flan_t5_xl,0.27,0.19909090909090935,1.0101010101010115,0.1-0.3
college_mathematics,google_flan_t5_xl,0.28,0.2036363636363634,1.0101010101010088,0.1-0.3
college_mathematics,google_flan_t5_xl,0.28,0.2036363636363634,1.0101010101010088,0.1-0.3
college_mathematics,google_flan_t5_xl,0.28,0.2036363636363634,1.0101010101010088,0.1-0.3
college_mathematics,google_flan_t5_xl,0.3,0.21212121212121193,1.0101010101010093,0.1-0.3
college_mathematics,google_flan_t5_xl,0.28,0.2036363636363634,1.0101010101010088,0.1-0.3
college_mathematics,google_flan_t5_xl,0.34,0.22666666666666685,1.010101010101011,0.3-0.5
college_mathematics,google_flan_t5_xl,0.28,0.2036363636363634,1.0101010101010088,0.1-0.3
college_mathematics,google_flan_t5_xl,0.28,0.20363636363636342,1.010101010101009,0.1-0.3
college_mathematics,google_flan_t5_xl,0.28,0.20363636363636342,1.010101010101009,0.1-0.3
college_mathematics,google_flan_t5_xl,0.31,0.21606060606060593,1.0101010101010095,0.3-0.5
college_mathematics,google_flan_t5_xl,0.28,0.20363636363636342,1.010101010101009,0.1-0.3
college_mathematics,google_flan_t5_xl,0.32,0.21979797979797958,1.010101010101009,0.3-0.5
college_mathematics,google_flan_t5_xl,0.31,0.21606060606060593,1.0101010101010095,0.3-0.5
college_mathematics,google_flan_t5_xl,0.28,0.20363636363636342,1.010101010101009,0.1-0.3
college_mathematics,google_flan_t5_xl,0.28,0.20363636363636342,1.010101010101009,0.1-0.3
college_mathematics,google_flan_t5_xl,0.28,0.2036363636363634,1.0101010101010088,0.1-0.3
college_mathematics,google_flan_t5_xl,0.27,0.19909090909090935,1.0101010101010115,0.1-0.3
college_mathematics,google_flan_t5_xl,0.28,0.20363636363636342,1.010101010101009,0.1-0.3
college_mathematics,google_flan_t5_xl,0.28,0.20363636363636342,1.010101010101009,0.1-0.3
college_mathematics,google_flan_t5_xl,0.31,0.21606060606060595,1.0101010101010097,0.3-0.5
college_mathematics,google_flan_t5_xl,0.29,0.2079797979797978,1.0101010101010093,0.1-0.3
college_mathematics,google_flan_t5_xl,0.28,0.20363636363636342,1.010101010101009,0.1-0.3
college_mathematics,google_flan_t5_xl,0.29,0.20797979797979776,1.0101010101010093,0.1-0.3
college_mathematics,google_flan_t5_xl,0.28,0.20363636363636342,1.010101010101009,0.1-0.3
college_mathematics,google_flan_t5_xl,0.28,0.20363636363636342,1.010101010101009,0.1-0.3
college_mathematics,google_flan_t5_xl,0.28,0.20363636363636342,1.010101010101009,0.1-0.3
college_mathematics,google_flan_t5_xl,0.27,0.19909090909090935,1.0101010101010115,0.1-0.3
college_mathematics,google_flan_t5_xl,0.28,0.20363636363636345,1.010101010101009,0.1-0.3
college_mathematics,google_flan_t5_xl,0.28,0.20363636363636345,1.010101010101009,0.1-0.3
college_mathematics,google_flan_t5_xl,0.27,0.19909090909090935,1.0101010101010115,0.1-0.3
college_mathematics,google_flan_t5_xl,0.27,0.19909090909090935,1.0101010101010115,0.1-0.3
college_mathematics,google_flan_t5_xl,0.27,0.19909090909090935,1.0101010101010115,0.1-0.3
college_mathematics,google_flan_t5_xl,0.27,0.19909090909090935,1.0101010101010115,0.1-0.3
college_mathematics,google_flan_t5_xl,0.26,0.19434343434343412,1.0101010101010088,0.1-0.3
college_mathematics,google_flan_t5_xl,0.28,0.2036363636363634,1.0101010101010088,0.1-0.3
college_mathematics,google_flan_t5_xl,0.29,0.20797979797979776,1.0101010101010093,0.1-0.3
college_mathematics,google_flan_t5_xl,0.29,0.20797979797979776,1.0101010101010093,0.1-0.3
college_mathematics,google_flan_t5_xl,0.26,0.19434343434343404,1.0101010101010084,0.1-0.3
college_mathematics,google_flan_t5_xl,0.29,0.20797979797979776,1.0101010101010093,0.1-0.3
college_mathematics,google_flan_t5_xl,0.26,0.1943434343434342,1.0101010101010093,0.1-0.3
college_mathematics,google_flan_t5_xl,0.26,0.1943434343434342,1.0101010101010093,0.1-0.3
college_mathematics,google_flan_t5_xl,0.28,0.2036363636363634,1.0101010101010088,0.1-0.3
college_mathematics,google_flan_t5_xl,0.29,0.20797979797979776,1.0101010101010093,0.1-0.3
college_mathematics,google_flan_t5_xl,0.29,0.2079797979797978,1.0101010101010093,0.1-0.3
college_mathematics,google_flan_t5_xl,0.25,0.1893939393939394,1.0101010101010102,0.1-0.3
college_mathematics,google_flan_t5_xl,0.32,0.21979797979797958,1.010101010101009,0.3-0.5
college_mathematics,google_flan_t5_xl,0.26,0.1943434343434342,1.0101010101010093,0.1-0.3
college_mathematics,google_flan_t5_xl,0.3,0.21212121212121193,1.0101010101010093,0.1-0.3
college_mathematics,google_flan_t5_xl,0.31,0.21606060606060595,1.0101010101010097,0.3-0.5
college_mathematics,google_flan_t5_xl,0.3,0.21212121212121193,1.0101010101010093,0.1-0.3
college_mathematics,google_flan_t5_xl,0.31,0.21606060606060593,1.0101010101010095,0.3-0.5
college_mathematics,google_flan_t5_xl,0.28,0.2036363636363634,1.0101010101010088,0.1-0.3
college_mathematics,google_flan_t5_xl,0.26,0.1943434343434342,1.0101010101010093,0.1-0.3
college_mathematics,google_flan_t5_xl,0.27,0.19909090909090932,1.0101010101010113,0.1-0.3
college_mathematics,google_flan_t5_xl,0.28,0.2036363636363634,1.0101010101010088,0.1-0.3
college_mathematics,google_flan_t5_xl,0.28,0.2036363636363634,1.0101010101010088,0.1-0.3
college_mathematics,google_flan_t5_xl,0.26,0.19434343434343412,1.0101010101010088,0.1-0.3
college_mathematics,google_flan_t5_xl,0.29,0.20797979797979774,1.010101010101009,0.1-0.3
college_mathematics,google_flan_t5_xl,0.27,0.19909090909090932,1.0101010101010113,0.1-0.3
college_mathematics,google_flan_t5_xl,0.28,0.2036363636363634,1.0101010101010088,0.1-0.3
college_mathematics,google_flan_t5_xl,0.28,0.2036363636363634,1.0101010101010088,0.1-0.3
college_mathematics,google_flan_t5_xl,0.29,0.20797979797979776,1.0101010101010093,0.1-0.3
college_mathematics,google_flan_t5_xl,0.29,0.20797979797979776,1.0101010101010093,0.1-0.3
college_mathematics,google_gemma_7b_it,0.4,0.24242424242424238,1.01010101010101,0.3-0.5
college_mathematics,google_gemma_7b_it,0.39,0.24030303030303055,1.010101010101011,0.3-0.5
college_mathematics,google_gemma_7b_it,0.42,0.24606060606060623,1.0101010101010108,0.3-0.5
college_mathematics,google_gemma_7b_it,0.42,0.24606060606060623,1.0101010101010108,0.3-0.5
college_mathematics,google_gemma_7b_it,0.44,0.24888888888888894,1.0101010101010102,0.3-0.5
college_mathematics,google_gemma_7b_it,0.4,0.24242424242424235,1.0101010101010097,0.3-0.5
college_mathematics,google_gemma_7b_it,0.39,0.24030303030303052,1.010101010101011,0.3-0.5
college_mathematics,google_gemma_7b_it,0.37,0.23545454545454567,1.010101010101011,0.3-0.5
college_mathematics,google_gemma_7b_it,0.44,0.24888888888888888,1.01010101010101,0.3-0.5
college_mathematics,google_gemma_7b_it,0.43,0.24757575757575734,1.010101010101009,0.3-0.5
college_mathematics,google_gemma_7b_it,0.41,0.24434343434343422,1.0101010101010095,0.3-0.5
college_mathematics,google_gemma_7b_it,0.4,0.24242424242424235,1.0101010101010097,0.3-0.5
college_mathematics,google_gemma_7b_it,0.42,0.24606060606060623,1.0101010101010108,0.3-0.5
college_mathematics,google_gemma_7b_it,0.4,0.24242424242424238,1.01010101010101,0.3-0.5
college_mathematics,google_gemma_7b_it,0.43,0.24757575757575737,1.0101010101010093,0.3-0.5
college_mathematics,google_gemma_7b_it,0.4,0.24242424242424238,1.01010101010101,0.3-0.5
college_mathematics,google_gemma_7b_it,0.37,0.23545454545454567,1.010101010101011,0.3-0.5
college_mathematics,google_gemma_7b_it,0.4,0.24242424242424235,1.0101010101010097,0.3-0.5
college_mathematics,google_gemma_7b_it,0.41,0.24434343434343417,1.0101010101010093,0.3-0.5
college_mathematics,google_gemma_7b_it,0.37,0.23545454545454567,1.010101010101011,0.3-0.5
college_mathematics,google_gemma_7b_it,0.39,0.24030303030303052,1.010101010101011,0.3-0.5
college_mathematics,google_gemma_7b_it,0.36,0.23272727272727275,1.0101010101010102,0.3-0.5
college_mathematics,google_gemma_7b_it,0.4,0.24242424242424235,1.0101010101010097,0.3-0.5
college_mathematics,google_gemma_7b_it,0.38,0.23797979797979785,1.0101010101010095,0.3-0.5
college_mathematics,google_gemma_7b_it,0.37,0.2354545454545456,1.0101010101010108,0.3-0.5
college_mathematics,google_gemma_7b_it,0.37,0.2354545454545456,1.0101010101010108,0.3-0.5
college_mathematics,google_gemma_7b_it,0.33,0.223333333333333,1.0101010101010086,0.3-0.5
college_mathematics,google_gemma_7b_it,0.35,0.22979797979797956,1.010101010101009,0.3-0.5
college_mathematics,google_gemma_7b_it,0.33,0.22333333333333294,1.0101010101010084,0.3-0.5
college_mathematics,google_gemma_7b_it,0.38,0.2379797979797979,1.0101010101010097,0.3-0.5
college_mathematics,google_gemma_7b_it,0.35,0.2297979797979795,1.0101010101010088,0.3-0.5
college_mathematics,google_gemma_7b_it,0.41,0.24434343434343417,1.0101010101010093,0.3-0.5
college_mathematics,google_gemma_7b_it,0.38,0.2379797979797979,1.0101010101010097,0.3-0.5
college_mathematics,google_gemma_7b_it,0.38,0.23797979797979785,1.0101010101010095,0.3-0.5
college_mathematics,google_gemma_7b_it,0.37,0.2354545454545456,1.0101010101010108,0.3-0.5
college_mathematics,google_gemma_7b_it,0.37,0.2354545454545456,1.0101010101010108,0.3-0.5
college_mathematics,google_gemma_7b_it,0.39,0.24030303030303046,1.0101010101010108,0.3-0.5
college_mathematics,google_gemma_7b_it,0.37,0.2354545454545456,1.0101010101010108,0.3-0.5
college_mathematics,google_gemma_7b_it,0.37,0.2354545454545456,1.0101010101010108,0.3-0.5
college_mathematics,google_gemma_7b_it,0.37,0.2354545454545456,1.0101010101010108,0.3-0.5
college_mathematics,google_gemma_7b_it,0.39,0.24030303030303052,1.010101010101011,0.3-0.5
college_mathematics,google_gemma_7b_it,0.37,0.23545454545454558,1.0101010101010106,0.3-0.5
college_mathematics,google_gemma_7b_it,0.39,0.24030303030303046,1.0101010101010108,0.3-0.5
college_mathematics,google_gemma_7b_it,0.37,0.23545454545454567,1.010101010101011,0.3-0.5
college_mathematics,google_gemma_7b_it,0.4,0.24242424242424238,1.01010101010101,0.3-0.5
college_mathematics,google_gemma_7b_it,0.38,0.2379797979797979,1.0101010101010097,0.3-0.5
college_mathematics,google_gemma_7b_it,0.35,0.22979797979797958,1.0101010101010093,0.3-0.5
college_mathematics,google_gemma_7b_it,0.37,0.23545454545454567,1.010101010101011,0.3-0.5
college_mathematics,google_gemma_7b_it,0.37,0.2354545454545456,1.0101010101010108,0.3-0.5
college_mathematics,google_gemma_7b_it,0.36,0.23272727272727275,1.0101010101010102,0.3-0.5
college_mathematics,google_gemma_7b_it,0.37,0.2354545454545456,1.0101010101010108,0.3-0.5
college_mathematics,google_gemma_7b_it,0.37,0.2354545454545456,1.0101010101010108,0.3-0.5
college_mathematics,google_gemma_7b_it,0.36,0.23272727272727275,1.0101010101010102,0.3-0.5
college_mathematics,google_gemma_7b_it,0.35,0.22979797979797956,1.010101010101009,0.3-0.5
college_mathematics,google_gemma_7b_it,0.4,0.24242424242424235,1.0101010101010097,0.3-0.5
college_mathematics,google_gemma_7b_it,0.39,0.24030303030303052,1.010101010101011,0.3-0.5
college_mathematics,google_gemma_7b_it,0.38,0.23797979797979785,1.0101010101010095,0.3-0.5
college_mathematics,google_gemma_7b_it,0.4,0.24242424242424235,1.0101010101010097,0.3-0.5
college_mathematics,google_gemma_7b_it,0.4,0.24242424242424235,1.0101010101010097,0.3-0.5
college_mathematics,google_gemma_7b_it,0.33,0.22333333333333305,1.0101010101010088,0.3-0.5
college_mathematics,google_gemma_7b_it,0.38,0.23797979797979793,1.01010101010101,0.3-0.5
college_mathematics,google_gemma_7b_it,0.38,0.23797979797979785,1.0101010101010095,0.3-0.5
college_mathematics,google_gemma_7b_it,0.38,0.23797979797979785,1.0101010101010095,0.3-0.5
college_mathematics,google_gemma_7b_it,0.41,0.24434343434343417,1.0101010101010093,0.3-0.5
college_mathematics,google_gemma_7b_it,0.38,0.2379797979797979,1.0101010101010097,0.3-0.5
college_mathematics,google_gemma_7b_it,0.37,0.2354545454545456,1.0101010101010108,0.3-0.5
college_mathematics,google_gemma_7b_it,0.35,0.2297979797979795,1.0101010101010088,0.3-0.5
college_mathematics,google_gemma_7b_it,0.37,0.2354545454545456,1.0101010101010108,0.3-0.5
college_mathematics,google_gemma_7b_it,0.36,0.23272727272727275,1.0101010101010102,0.3-0.5
college_mathematics,google_gemma_7b_it,0.37,0.2354545454545456,1.0101010101010108,0.3-0.5
college_mathematics,google_gemma_7b_it,0.36,0.23272727272727275,1.0101010101010102,0.3-0.5
college_mathematics,google_gemma_7b_it,0.37,0.2354545454545456,1.0101010101010108,0.3-0.5
college_mathematics,google_gemma_7b_it,0.37,0.2354545454545456,1.0101010101010108,0.3-0.5
college_mathematics,google_gemma_7b_it,0.37,0.23545454545454567,1.010101010101011,0.3-0.5
college_mathematics,google_gemma_7b_it,0.36,0.23272727272727273,1.0101010101010102,0.3-0.5
college_mathematics,google_gemma_7b_it,0.38,0.23797979797979785,1.0101010101010095,0.3-0.5
college_mathematics,google_gemma_7b_it,0.34,0.2266666666666669,1.0101010101010113,0.3-0.5
college_mathematics,google_gemma_7b_it,0.34,0.2266666666666669,1.0101010101010113,0.3-0.5
college_mathematics,google_gemma_7b_it,0.33,0.22333333333333305,1.0101010101010088,0.3-0.5
college_mathematics,google_gemma_7b_it,0.38,0.23797979797979785,1.0101010101010095,0.3-0.5
college_mathematics,google_gemma_7b_it,0.4,0.24242424242424238,1.01010101010101,0.3-0.5
college_mathematics,google_gemma_7b_it,0.38,0.23797979797979793,1.01010101010101,0.3-0.5
college_mathematics,google_gemma_7b_it,0.37,0.23545454545454567,1.010101010101011,0.3-0.5
college_mathematics,google_gemma_7b_it,0.38,0.23797979797979793,1.01010101010101,0.3-0.5
college_mathematics,google_gemma_7b_it,0.4,0.24242424242424235,1.0101010101010097,0.3-0.5
college_mathematics,google_gemma_7b_it,0.4,0.24242424242424235,1.0101010101010097,0.3-0.5
college_mathematics,google_gemma_7b_it,0.39,0.24030303030303052,1.010101010101011,0.3-0.5
college_mathematics,google_gemma_7b_it,0.38,0.23797979797979793,1.01010101010101,0.3-0.5
college_mathematics,google_gemma_7b_it,0.4,0.24242424242424235,1.0101010101010097,0.3-0.5
college_mathematics,google_gemma_7b_it,0.39,0.24030303030303055,1.010101010101011,0.3-0.5
college_mathematics,google_gemma_7b_it,0.36,0.23272727272727275,1.0101010101010102,0.3-0.5
college_mathematics,google_gemma_7b_it,0.36,0.23272727272727275,1.0101010101010102,0.3-0.5
college_mathematics,google_gemma_7b_it,0.35,0.2297979797979795,1.0101010101010088,0.3-0.5
college_mathematics,google_gemma_7b_it,0.4,0.24242424242424235,1.0101010101010097,0.3-0.5
college_mathematics,google_gemma_7b_it,0.35,0.2297979797979795,1.0101010101010088,0.3-0.5
college_mathematics,google_gemma_7b_it,0.35,0.22979797979797956,1.010101010101009,0.3-0.5
college_mathematics,google_gemma_7b_it,0.34,0.2266666666666669,1.0101010101010113,0.3-0.5
college_mathematics,google_gemma_7b_it,0.34,0.2266666666666669,1.0101010101010113,0.3-0.5
college_mathematics,google_gemma_7b_it,0.36,0.23272727272727275,1.0101010101010102,0.3-0.5
college_mathematics,google_gemma_7b_it,0.36,0.23272727272727275,1.0101010101010102,0.3-0.5
college_mathematics,meta_llama_llama_3_70b_instruct,0.52,0.25212121212121175,1.0101010101010086,0.5-0.7
college_mathematics,meta_llama_llama_3_70b_instruct,0.53,0.2516161616161616,1.0101010101010102,0.5-0.7
college_mathematics,meta_llama_llama_3_70b_instruct,0.53,0.2516161616161616,1.0101010101010102,0.5-0.7
college_mathematics,meta_llama_llama_3_70b_instruct,0.53,0.2516161616161616,1.0101010101010102,0.5-0.7
college_mathematics,meta_llama_llama_3_70b_instruct,0.55,0.25,1.0101010101010102,0.5-0.7
college_mathematics,meta_llama_llama_3_70b_instruct,0.53,0.2516161616161616,1.0101010101010102,0.5-0.7
college_mathematics,meta_llama_llama_3_70b_instruct,0.55,0.25,1.0101010101010102,0.5-0.7
college_mathematics,meta_llama_llama_3_70b_instruct,0.52,0.25212121212121175,1.0101010101010086,0.5-0.7
college_mathematics,meta_llama_llama_3_70b_instruct,0.5,0.25252525252525254,1.0101010101010102,0.3-0.5
college_mathematics,meta_llama_llama_3_70b_instruct,0.53,0.2516161616161616,1.0101010101010102,0.5-0.7
college_mathematics,meta_llama_llama_3_70b_instruct,0.53,0.2516161616161616,1.0101010101010102,0.5-0.7
college_mathematics,meta_llama_llama_3_70b_instruct,0.52,0.25212121212121175,1.0101010101010086,0.5-0.7
college_mathematics,meta_llama_llama_3_70b_instruct,0.53,0.2516161616161616,1.0101010101010102,0.5-0.7
college_mathematics,meta_llama_llama_3_70b_instruct,0.54,0.250909090909091,1.0101010101010106,0.5-0.7
college_mathematics,meta_llama_llama_3_70b_instruct,0.52,0.25212121212121175,1.0101010101010086,0.5-0.7
college_mathematics,meta_llama_llama_3_70b_instruct,0.53,0.2516161616161616,1.0101010101010102,0.5-0.7
college_mathematics,meta_llama_llama_3_70b_instruct,0.53,0.2516161616161616,1.0101010101010102,0.5-0.7
college_mathematics,meta_llama_llama_3_70b_instruct,0.54,0.250909090909091,1.0101010101010106,0.5-0.7
college_mathematics,meta_llama_llama_3_70b_instruct,0.54,0.250909090909091,1.0101010101010106,0.5-0.7
college_mathematics,meta_llama_llama_3_70b_instruct,0.53,0.2516161616161616,1.0101010101010102,0.5-0.7
college_mathematics,meta_llama_llama_3_70b_instruct,0.54,0.250909090909091,1.0101010101010106,0.5-0.7
college_mathematics,meta_llama_llama_3_70b_instruct,0.52,0.25212121212121175,1.0101010101010086,0.5-0.7
college_mathematics,meta_llama_llama_3_70b_instruct,0.48,0.2521212121212119,1.0101010101010093,0.3-0.5
college_mathematics,meta_llama_llama_3_70b_instruct,0.48,0.2521212121212119,1.0101010101010093,0.3-0.5
college_mathematics,meta_llama_llama_3_70b_instruct,0.5,0.25252525252525254,1.0101010101010102,0.3-0.5
college_mathematics,meta_llama_llama_3_70b_instruct,0.49,0.2524242424242421,1.0101010101010088,0.3-0.5
college_mathematics,meta_llama_llama_3_70b_instruct,0.54,0.250909090909091,1.0101010101010106,0.5-0.7
college_mathematics,meta_llama_llama_3_70b_instruct,0.54,0.250909090909091,1.0101010101010106,0.5-0.7
college_mathematics,meta_llama_llama_3_70b_instruct,0.53,0.2516161616161616,1.0101010101010102,0.5-0.7
college_mathematics,meta_llama_llama_3_70b_instruct,0.54,0.250909090909091,1.0101010101010106,0.5-0.7
college_mathematics,meta_llama_llama_3_70b_instruct,0.54,0.250909090909091,1.0101010101010106,0.5-0.7
college_mathematics,meta_llama_llama_3_70b_instruct,0.55,0.24999999999999997,1.01010101010101,0.5-0.7
college_mathematics,meta_llama_llama_3_70b_instruct,0.54,0.250909090909091,1.0101010101010106,0.5-0.7
college_mathematics,meta_llama_llama_3_70b_instruct,0.55,0.24999999999999997,1.01010101010101,0.5-0.7
college_mathematics,meta_llama_llama_3_70b_instruct,0.55,0.24999999999999997,1.01010101010101,0.5-0.7
college_mathematics,meta_llama_llama_3_70b_instruct,0.54,0.250909090909091,1.0101010101010106,0.5-0.7
college_mathematics,meta_llama_llama_3_70b_instruct,0.52,0.25212121212121175,1.0101010101010086,0.5-0.7
college_mathematics,meta_llama_llama_3_70b_instruct,0.56,0.248888888888889,1.0101010101010106,0.5-0.7
college_mathematics,meta_llama_llama_3_70b_instruct,0.53,0.2516161616161616,1.0101010101010102,0.5-0.7
college_mathematics,meta_llama_llama_3_70b_instruct,0.56,0.24888888888888897,1.0101010101010104,0.5-0.7
college_mathematics,meta_llama_llama_3_70b_instruct,0.55,0.25,1.0101010101010102,0.5-0.7
college_mathematics,meta_llama_llama_3_70b_instruct,0.55,0.25,1.0101010101010102,0.5-0.7
college_mathematics,meta_llama_llama_3_70b_instruct,0.57,0.24757575757575742,1.0101010101010095,0.5-0.7
college_mathematics,meta_llama_llama_3_70b_instruct,0.57,0.24757575757575742,1.0101010101010095,0.5-0.7
college_mathematics,meta_llama_llama_3_70b_instruct,0.52,0.25212121212121175,1.0101010101010086,0.5-0.7
college_mathematics,meta_llama_llama_3_70b_instruct,0.54,0.250909090909091,1.0101010101010106,0.5-0.7
college_mathematics,meta_llama_llama_3_70b_instruct,0.54,0.25090909090909097,1.0101010101010104,0.5-0.7
college_mathematics,meta_llama_llama_3_70b_instruct,0.54,0.25090909090909097,1.0101010101010104,0.5-0.7
college_mathematics,meta_llama_llama_3_70b_instruct,0.54,0.250909090909091,1.0101010101010106,0.5-0.7
college_mathematics,meta_llama_llama_3_70b_instruct,0.54,0.250909090909091,1.0101010101010106,0.5-0.7
college_mathematics,meta_llama_llama_3_70b_instruct,0.54,0.250909090909091,1.0101010101010106,0.5-0.7
college_mathematics,meta_llama_llama_3_70b_instruct,0.54,0.250909090909091,1.0101010101010106,0.5-0.7
college_mathematics,meta_llama_llama_3_70b_instruct,0.54,0.250909090909091,1.0101010101010106,0.5-0.7
college_mathematics,meta_llama_llama_3_70b_instruct,0.56,0.248888888888889,1.0101010101010106,0.5-0.7
college_mathematics,meta_llama_llama_3_70b_instruct,0.52,0.25212121212121175,1.0101010101010086,0.5-0.7
college_mathematics,meta_llama_llama_3_70b_instruct,0.54,0.250909090909091,1.0101010101010106,0.5-0.7
college_mathematics,meta_llama_llama_3_70b_instruct,0.55,0.24999999999999997,1.01010101010101,0.5-0.7
college_mathematics,meta_llama_llama_3_70b_instruct,0.53,0.2516161616161616,1.0101010101010102,0.5-0.7
college_mathematics,meta_llama_llama_3_70b_instruct,0.55,0.24999999999999997,1.01010101010101,0.5-0.7
college_mathematics,meta_llama_llama_3_70b_instruct,0.55,0.24999999999999997,1.01010101010101,0.5-0.7
college_mathematics,meta_llama_llama_3_70b_instruct,0.58,0.24606060606060617,1.0101010101010106,0.5-0.7
college_mathematics,meta_llama_llama_3_70b_instruct,0.54,0.25090909090909097,1.0101010101010104,0.5-0.7
college_mathematics,meta_llama_llama_3_70b_instruct,0.54,0.25090909090909097,1.0101010101010104,0.5-0.7
college_mathematics,meta_llama_llama_3_70b_instruct,0.53,0.2516161616161616,1.0101010101010102,0.5-0.7
college_mathematics,meta_llama_llama_3_70b_instruct,0.53,0.2516161616161616,1.0101010101010102,0.5-0.7
college_mathematics,meta_llama_llama_3_70b_instruct,0.55,0.25,1.0101010101010102,0.5-0.7
college_mathematics,meta_llama_llama_3_70b_instruct,0.55,0.24999999999999997,1.01010101010101,0.5-0.7
college_mathematics,meta_llama_llama_3_70b_instruct,0.56,0.248888888888889,1.0101010101010106,0.5-0.7
college_mathematics,meta_llama_llama_3_70b_instruct,0.54,0.25090909090909097,1.0101010101010104,0.5-0.7
college_mathematics,meta_llama_llama_3_70b_instruct,0.58,0.24606060606060617,1.0101010101010106,0.5-0.7
college_mathematics,meta_llama_llama_3_70b_instruct,0.56,0.248888888888889,1.0101010101010106,0.5-0.7
college_mathematics,meta_llama_llama_3_70b_instruct,0.55,0.24999999999999997,1.01010101010101,0.5-0.7
college_mathematics,meta_llama_llama_3_70b_instruct,0.52,0.25212121212121175,1.0101010101010086,0.5-0.7
college_mathematics,meta_llama_llama_3_70b_instruct,0.57,0.24757575757575742,1.0101010101010095,0.5-0.7
college_mathematics,meta_llama_llama_3_70b_instruct,0.57,0.24757575757575745,1.0101010101010095,0.5-0.7
college_mathematics,meta_llama_llama_3_70b_instruct,0.59,0.24434343434343422,1.0101010101010095,0.5-0.7
college_mathematics,meta_llama_llama_3_70b_instruct,0.59,0.24434343434343422,1.0101010101010095,0.5-0.7
college_mathematics,meta_llama_llama_3_70b_instruct,0.6,0.24242424242424238,1.01010101010101,0.5-0.7
college_mathematics,meta_llama_llama_3_70b_instruct,0.58,0.2460606060606062,1.0101010101010106,0.5-0.7
college_mathematics,meta_llama_llama_3_70b_instruct,0.59,0.24434343434343422,1.0101010101010095,0.5-0.7
college_mathematics,meta_llama_llama_3_70b_instruct,0.58,0.24606060606060617,1.0101010101010106,0.5-0.7
college_mathematics,meta_llama_llama_3_70b_instruct,0.56,0.248888888888889,1.0101010101010106,0.5-0.7
college_mathematics,meta_llama_llama_3_70b_instruct,0.55,0.24999999999999997,1.01010101010101,0.5-0.7
college_mathematics,meta_llama_llama_3_70b_instruct,0.56,0.248888888888889,1.0101010101010106,0.5-0.7
college_mathematics,meta_llama_llama_3_70b_instruct,0.54,0.250909090909091,1.0101010101010106,0.5-0.7
college_mathematics,meta_llama_llama_3_70b_instruct,0.56,0.24888888888888897,1.0101010101010104,0.5-0.7
college_mathematics,meta_llama_llama_3_70b_instruct,0.54,0.250909090909091,1.0101010101010106,0.5-0.7
college_mathematics,meta_llama_llama_3_70b_instruct,0.52,0.25212121212121175,1.0101010101010086,0.5-0.7
college_mathematics,meta_llama_llama_3_70b_instruct,0.54,0.250909090909091,1.0101010101010106,0.5-0.7
college_mathematics,meta_llama_llama_3_70b_instruct,0.56,0.248888888888889,1.0101010101010106,0.5-0.7
college_mathematics,meta_llama_llama_3_70b_instruct,0.55,0.24999999999999997,1.01010101010101,0.5-0.7
college_mathematics,meta_llama_llama_3_70b_instruct,0.55,0.25,1.0101010101010102,0.5-0.7
college_mathematics,meta_llama_llama_3_70b_instruct,0.53,0.2516161616161616,1.0101010101010102,0.5-0.7
college_mathematics,meta_llama_llama_3_70b_instruct,0.54,0.250909090909091,1.0101010101010106,0.5-0.7
college_mathematics,meta_llama_llama_3_70b_instruct,0.55,0.24999999999999997,1.01010101010101,0.5-0.7
college_mathematics,meta_llama_llama_3_70b_instruct,0.52,0.25212121212121175,1.0101010101010086,0.5-0.7
college_mathematics,meta_llama_llama_3_70b_instruct,0.54,0.250909090909091,1.0101010101010106,0.5-0.7
college_mathematics,meta_llama_llama_3_70b_instruct,0.54,0.250909090909091,1.0101010101010106,0.5-0.7
college_mathematics,meta_llama_llama_3_70b_instruct,0.57,0.24757575757575742,1.0101010101010095,0.5-0.7
college_mathematics,meta_llama_llama_3_70b_instruct,0.53,0.2516161616161616,1.0101010101010102,0.5-0.7
college_mathematics,meta_llama_llama_3_8b_instruct,0.35,0.22979797979797945,1.0101010101010086,0.3-0.5
college_mathematics,meta_llama_llama_3_8b_instruct,0.37,0.23545454545454567,1.010101010101011,0.3-0.5
college_mathematics,meta_llama_llama_3_8b_instruct,0.37,0.2354545454545456,1.0101010101010108,0.3-0.5
college_mathematics,meta_llama_llama_3_8b_instruct,0.35,0.2297979797979795,1.0101010101010088,0.3-0.5
college_mathematics,meta_llama_llama_3_8b_instruct,0.36,0.23272727272727273,1.0101010101010102,0.3-0.5
college_mathematics,meta_llama_llama_3_8b_instruct,0.35,0.22979797979797945,1.0101010101010086,0.3-0.5
college_mathematics,meta_llama_llama_3_8b_instruct,0.4,0.24242424242424238,1.01010101010101,0.3-0.5
college_mathematics,meta_llama_llama_3_8b_instruct,0.36,0.23272727272727273,1.0101010101010102,0.3-0.5
college_mathematics,meta_llama_llama_3_8b_instruct,0.36,0.23272727272727273,1.0101010101010102,0.3-0.5
college_mathematics,meta_llama_llama_3_8b_instruct,0.39,0.24030303030303046,1.0101010101010108,0.3-0.5
college_mathematics,meta_llama_llama_3_8b_instruct,0.35,0.22979797979797958,1.0101010101010093,0.3-0.5
college_mathematics,meta_llama_llama_3_8b_instruct,0.39,0.24030303030303052,1.010101010101011,0.3-0.5
college_mathematics,meta_llama_llama_3_8b_instruct,0.38,0.23797979797979793,1.01010101010101,0.3-0.5
college_mathematics,meta_llama_llama_3_8b_instruct,0.37,0.2354545454545456,1.0101010101010108,0.3-0.5
college_mathematics,meta_llama_llama_3_8b_instruct,0.34,0.22666666666666685,1.010101010101011,0.3-0.5
college_mathematics,meta_llama_llama_3_8b_instruct,0.32,0.21979797979797946,1.0101010101010086,0.3-0.5
college_mathematics,meta_llama_llama_3_8b_instruct,0.35,0.22979797979797956,1.010101010101009,0.3-0.5
college_mathematics,meta_llama_llama_3_8b_instruct,0.35,0.22979797979797956,1.010101010101009,0.3-0.5
college_mathematics,meta_llama_llama_3_8b_instruct,0.36,0.23272727272727273,1.0101010101010102,0.3-0.5
college_mathematics,meta_llama_llama_3_8b_instruct,0.32,0.21979797979797952,1.0101010101010088,0.3-0.5
college_mathematics,meta_llama_llama_3_8b_instruct,0.35,0.2297979797979795,1.0101010101010088,0.3-0.5
college_mathematics,meta_llama_llama_3_8b_instruct,0.32,0.2197979797979795,1.0101010101010088,0.3-0.5
college_mathematics,meta_llama_llama_3_8b_instruct,0.38,0.2379797979797979,1.0101010101010097,0.3-0.5
college_mathematics,meta_llama_llama_3_8b_instruct,0.35,0.2297979797979795,1.0101010101010088,0.3-0.5
college_mathematics,meta_llama_llama_3_8b_instruct,0.38,0.23797979797979793,1.01010101010101,0.3-0.5
college_mathematics,meta_llama_llama_3_8b_instruct,0.38,0.23797979797979782,1.0101010101010095,0.3-0.5
college_mathematics,meta_llama_llama_3_8b_instruct,0.35,0.2297979797979795,1.0101010101010088,0.3-0.5
college_mathematics,meta_llama_llama_3_8b_instruct,0.37,0.2354545454545456,1.0101010101010108,0.3-0.5
college_mathematics,meta_llama_llama_3_8b_instruct,0.32,0.2197979797979795,1.0101010101010088,0.3-0.5
college_mathematics,meta_llama_llama_3_8b_instruct,0.35,0.22979797979797958,1.0101010101010093,0.3-0.5
college_mathematics,meta_llama_llama_3_8b_instruct,0.36,0.23272727272727275,1.0101010101010102,0.3-0.5
college_mathematics,meta_llama_llama_3_8b_instruct,0.41,0.24434343434343417,1.0101010101010093,0.3-0.5
college_mathematics,meta_llama_llama_3_8b_instruct,0.34,0.22666666666666685,1.010101010101011,0.3-0.5
college_mathematics,meta_llama_llama_3_8b_instruct,0.41,0.24434343434343422,1.0101010101010095,0.3-0.5
college_mathematics,meta_llama_llama_3_8b_instruct,0.4,0.24242424242424238,1.01010101010101,0.3-0.5
college_mathematics,meta_llama_llama_3_8b_instruct,0.38,0.23797979797979785,1.0101010101010095,0.3-0.5
college_mathematics,meta_llama_llama_3_8b_instruct,0.35,0.2297979797979795,1.0101010101010088,0.3-0.5
college_mathematics,meta_llama_llama_3_8b_instruct,0.37,0.23545454545454567,1.010101010101011,0.3-0.5
college_mathematics,meta_llama_llama_3_8b_instruct,0.34,0.2266666666666669,1.0101010101010113,0.3-0.5
college_mathematics,meta_llama_llama_3_8b_instruct,0.35,0.2297979797979795,1.0101010101010088,0.3-0.5
college_mathematics,meta_llama_llama_3_8b_instruct,0.36,0.23272727272727275,1.0101010101010102,0.3-0.5
college_mathematics,meta_llama_llama_3_8b_instruct,0.35,0.2297979797979795,1.0101010101010088,0.3-0.5
college_mathematics,meta_llama_llama_3_8b_instruct,0.37,0.2354545454545456,1.0101010101010108,0.3-0.5
college_mathematics,meta_llama_llama_3_8b_instruct,0.39,0.24030303030303046,1.0101010101010108,0.3-0.5
college_mathematics,meta_llama_llama_3_8b_instruct,0.34,0.22666666666666685,1.010101010101011,0.3-0.5
college_mathematics,meta_llama_llama_3_8b_instruct,0.35,0.22979797979797945,1.0101010101010086,0.3-0.5
college_mathematics,meta_llama_llama_3_8b_instruct,0.36,0.23272727272727273,1.0101010101010102,0.3-0.5
college_mathematics,meta_llama_llama_3_8b_instruct,0.37,0.23545454545454558,1.0101010101010106,0.3-0.5
college_mathematics,meta_llama_llama_3_8b_instruct,0.38,0.2379797979797979,1.0101010101010097,0.3-0.5
college_mathematics,meta_llama_llama_3_8b_instruct,0.36,0.23272727272727273,1.0101010101010102,0.3-0.5
college_mathematics,meta_llama_llama_3_8b_instruct,0.37,0.2354545454545456,1.0101010101010108,0.3-0.5
college_mathematics,meta_llama_llama_3_8b_instruct,0.39,0.24030303030303052,1.010101010101011,0.3-0.5
college_mathematics,meta_llama_llama_3_8b_instruct,0.39,0.24030303030303052,1.010101010101011,0.3-0.5
college_mathematics,meta_llama_llama_3_8b_instruct,0.4,0.24242424242424235,1.0101010101010097,0.3-0.5
college_mathematics,meta_llama_llama_3_8b_instruct,0.33,0.223333333333333,1.0101010101010086,0.3-0.5
college_mathematics,meta_llama_llama_3_8b_instruct,0.35,0.2297979797979795,1.0101010101010088,0.3-0.5
college_mathematics,meta_llama_llama_3_8b_instruct,0.33,0.223333333333333,1.0101010101010086,0.3-0.5
college_mathematics,meta_llama_llama_3_8b_instruct,0.35,0.22979797979797947,1.0101010101010088,0.3-0.5
college_mathematics,meta_llama_llama_3_8b_instruct,0.35,0.2297979797979795,1.0101010101010088,0.3-0.5
college_mathematics,meta_llama_llama_3_8b_instruct,0.34,0.2266666666666669,1.0101010101010113,0.3-0.5
college_mathematics,meta_llama_llama_3_8b_instruct,0.39,0.24030303030303046,1.0101010101010108,0.3-0.5
college_mathematics,meta_llama_llama_3_8b_instruct,0.38,0.23797979797979793,1.01010101010101,0.3-0.5
college_mathematics,meta_llama_llama_3_8b_instruct,0.4,0.24242424242424235,1.0101010101010097,0.3-0.5
college_mathematics,meta_llama_llama_3_8b_instruct,0.38,0.23797979797979782,1.0101010101010095,0.3-0.5
college_mathematics,meta_llama_llama_3_8b_instruct,0.38,0.23797979797979782,1.0101010101010095,0.3-0.5
college_mathematics,meta_llama_llama_3_8b_instruct,0.39,0.24030303030303046,1.0101010101010108,0.3-0.5
college_mathematics,meta_llama_llama_3_8b_instruct,0.38,0.23797979797979793,1.01010101010101,0.3-0.5
college_mathematics,meta_llama_llama_3_8b_instruct,0.36,0.23272727272727273,1.0101010101010102,0.3-0.5
college_mathematics,meta_llama_llama_3_8b_instruct,0.38,0.23797979797979793,1.01010101010101,0.3-0.5
college_mathematics,meta_llama_llama_3_8b_instruct,0.39,0.24030303030303052,1.010101010101011,0.3-0.5
college_mathematics,meta_llama_llama_3_8b_instruct,0.38,0.2379797979797979,1.0101010101010097,0.3-0.5
college_mathematics,meta_llama_llama_3_8b_instruct,0.38,0.23797979797979793,1.01010101010101,0.3-0.5
college_mathematics,meta_llama_llama_3_8b_instruct,0.37,0.2354545454545456,1.0101010101010108,0.3-0.5
college_mathematics,meta_llama_llama_3_8b_instruct,0.4,0.24242424242424238,1.01010101010101,0.3-0.5
college_mathematics,meta_llama_llama_3_8b_instruct,0.38,0.23797979797979785,1.0101010101010095,0.3-0.5
college_mathematics,meta_llama_llama_3_8b_instruct,0.36,0.23272727272727273,1.0101010101010102,0.3-0.5
college_mathematics,meta_llama_llama_3_8b_instruct,0.4,0.24242424242424235,1.0101010101010097,0.3-0.5
college_mathematics,meta_llama_llama_3_8b_instruct,0.35,0.2297979797979795,1.0101010101010088,0.3-0.5
college_mathematics,meta_llama_llama_3_8b_instruct,0.31,0.21606060606060595,1.0101010101010097,0.3-0.5
college_mathematics,meta_llama_llama_3_8b_instruct,0.35,0.2297979797979795,1.0101010101010088,0.3-0.5
college_mathematics,meta_llama_llama_3_8b_instruct,0.35,0.22979797979797945,1.0101010101010086,0.3-0.5
college_mathematics,meta_llama_llama_3_8b_instruct,0.34,0.22666666666666685,1.010101010101011,0.3-0.5
college_mathematics,meta_llama_llama_3_8b_instruct,0.37,0.23545454545454567,1.010101010101011,0.3-0.5
college_mathematics,meta_llama_llama_3_8b_instruct,0.41,0.24434343434343422,1.0101010101010095,0.3-0.5
college_mathematics,meta_llama_llama_3_8b_instruct,0.4,0.24242424242424235,1.0101010101010097,0.3-0.5
college_mathematics,meta_llama_llama_3_8b_instruct,0.4,0.24242424242424235,1.0101010101010097,0.3-0.5
college_mathematics,meta_llama_llama_3_8b_instruct,0.4,0.24242424242424235,1.0101010101010097,0.3-0.5
college_mathematics,meta_llama_llama_3_8b_instruct,0.39,0.24030303030303046,1.0101010101010108,0.3-0.5
college_mathematics,meta_llama_llama_3_8b_instruct,0.37,0.2354545454545456,1.0101010101010108,0.3-0.5
college_mathematics,meta_llama_llama_3_8b_instruct,0.38,0.2379797979797979,1.0101010101010097,0.3-0.5
college_mathematics,meta_llama_llama_3_8b_instruct,0.42,0.24606060606060623,1.0101010101010108,0.3-0.5
college_mathematics,meta_llama_llama_3_8b_instruct,0.39,0.24030303030303052,1.010101010101011,0.3-0.5
college_mathematics,meta_llama_llama_3_8b_instruct,0.39,0.24030303030303052,1.010101010101011,0.3-0.5
college_mathematics,meta_llama_llama_3_8b_instruct,0.37,0.2354545454545456,1.0101010101010108,0.3-0.5
college_mathematics,meta_llama_llama_3_8b_instruct,0.43,0.24757575757575742,1.0101010101010095,0.3-0.5
college_mathematics,meta_llama_llama_3_8b_instruct,0.35,0.22979797979797945,1.0101010101010086,0.3-0.5
college_mathematics,meta_llama_llama_3_8b_instruct,0.39,0.24030303030303052,1.010101010101011,0.3-0.5
college_mathematics,meta_llama_llama_3_8b_instruct,0.4,0.24242424242424235,1.0101010101010097,0.3-0.5
college_mathematics,meta_llama_llama_3_8b_instruct,0.4,0.24242424242424238,1.01010101010101,0.3-0.5
college_mathematics,meta_llama_llama_3_8b_instruct,0.42,0.2460606060606062,1.0101010101010106,0.3-0.5
college_mathematics,mistralai_mistral_7b_instruct_v0_2,0.33,0.22333333333333294,1.0101010101010084,0.3-0.5
college_mathematics,mistralai_mistral_7b_instruct_v0_2,0.34,0.22666666666666685,1.010101010101011,0.3-0.5
college_mathematics,mistralai_mistral_7b_instruct_v0_2,0.38,0.23797979797979804,1.0101010101010104,0.3-0.5
college_mathematics,mistralai_mistral_7b_instruct_v0_2,0.32,0.21979797979797952,1.0101010101010088,0.3-0.5
college_mathematics,mistralai_mistral_7b_instruct_v0_2,0.36,0.23272727272727273,1.0101010101010102,0.3-0.5
college_mathematics,mistralai_mistral_7b_instruct_v0_2,0.34,0.22666666666666682,1.0101010101010108,0.3-0.5
college_mathematics,mistralai_mistral_7b_instruct_v0_2,0.38,0.23797979797979796,1.01010101010101,0.3-0.5
college_mathematics,mistralai_mistral_7b_instruct_v0_2,0.35,0.22979797979797936,1.0101010101010082,0.3-0.5
college_mathematics,mistralai_mistral_7b_instruct_v0_2,0.35,0.22979797979797933,1.0101010101010082,0.3-0.5
college_mathematics,mistralai_mistral_7b_instruct_v0_2,0.31,0.21606060606060595,1.0101010101010097,0.3-0.5
college_mathematics,mistralai_mistral_7b_instruct_v0_2,0.33,0.22333333333333286,1.010101010101008,0.3-0.5
college_mathematics,mistralai_mistral_7b_instruct_v0_2,0.36,0.23272727272727273,1.0101010101010102,0.3-0.5
college_mathematics,mistralai_mistral_7b_instruct_v0_2,0.32,0.21979797979797952,1.0101010101010088,0.3-0.5
college_mathematics,mistralai_mistral_7b_instruct_v0_2,0.34,0.22666666666666682,1.0101010101010108,0.3-0.5
college_mathematics,mistralai_mistral_7b_instruct_v0_2,0.33,0.22333333333333294,1.0101010101010084,0.3-0.5
college_mathematics,mistralai_mistral_7b_instruct_v0_2,0.34,0.22666666666666682,1.0101010101010108,0.3-0.5
college_mathematics,mistralai_mistral_7b_instruct_v0_2,0.32,0.21979797979797952,1.0101010101010088,0.3-0.5
college_mathematics,mistralai_mistral_7b_instruct_v0_2,0.35,0.2297979797979794,1.0101010101010084,0.3-0.5
college_mathematics,mistralai_mistral_7b_instruct_v0_2,0.32,0.21979797979797952,1.0101010101010088,0.3-0.5
college_mathematics,mistralai_mistral_7b_instruct_v0_2,0.32,0.21979797979797952,1.0101010101010088,0.3-0.5
college_mathematics,mistralai_mistral_7b_instruct_v0_2,0.32,0.21979797979797952,1.0101010101010088,0.3-0.5
college_mathematics,mistralai_mistral_7b_instruct_v0_2,0.32,0.2197979797979795,1.0101010101010088,0.3-0.5
college_mathematics,mistralai_mistral_7b_instruct_v0_2,0.28,0.2036363636363633,1.0101010101010084,0.1-0.3
college_mathematics,mistralai_mistral_7b_instruct_v0_2,0.32,0.2197979797979795,1.0101010101010088,0.3-0.5
college_mathematics,mistralai_mistral_7b_instruct_v0_2,0.3,0.212121212121212,1.0101010101010095,0.1-0.3
college_mathematics,mistralai_mistral_7b_instruct_v0_2,0.3,0.212121212121212,1.0101010101010095,0.1-0.3
college_mathematics,mistralai_mistral_7b_instruct_v0_2,0.29,0.20797979797979774,1.010101010101009,0.1-0.3
college_mathematics,mistralai_mistral_7b_instruct_v0_2,0.31,0.21606060606060595,1.0101010101010097,0.3-0.5
college_mathematics,mistralai_mistral_7b_instruct_v0_2,0.35,0.22979797979797945,1.0101010101010086,0.3-0.5
college_mathematics,mistralai_mistral_7b_instruct_v0_2,0.33,0.2233333333333328,1.0101010101010077,0.3-0.5
college_mathematics,mistralai_mistral_7b_instruct_v0_2,0.29,0.20797979797979774,1.010101010101009,0.1-0.3
college_mathematics,mistralai_mistral_7b_instruct_v0_2,0.32,0.2197979797979795,1.0101010101010088,0.3-0.5
college_mathematics,mistralai_mistral_7b_instruct_v0_2,0.33,0.22333333333333294,1.0101010101010084,0.3-0.5
college_mathematics,mistralai_mistral_7b_instruct_v0_2,0.34,0.22666666666666685,1.010101010101011,0.3-0.5
college_mathematics,mistralai_mistral_7b_instruct_v0_2,0.31,0.21606060606060595,1.0101010101010097,0.3-0.5
college_mathematics,mistralai_mistral_7b_instruct_v0_2,0.32,0.21979797979797952,1.0101010101010088,0.3-0.5
college_mathematics,mistralai_mistral_7b_instruct_v0_2,0.33,0.22333333333333286,1.010101010101008,0.3-0.5
college_mathematics,mistralai_mistral_7b_instruct_v0_2,0.35,0.22979797979797936,1.0101010101010082,0.3-0.5
college_mathematics,mistralai_mistral_7b_instruct_v0_2,0.38,0.23797979797979807,1.0101010101010104,0.3-0.5
college_mathematics,mistralai_mistral_7b_instruct_v0_2,0.31,0.21606060606060595,1.0101010101010097,0.3-0.5
college_mathematics,mistralai_mistral_7b_instruct_v0_2,0.33,0.22333333333333286,1.010101010101008,0.3-0.5
college_mathematics,mistralai_mistral_7b_instruct_v0_2,0.4,0.24242424242424238,1.01010101010101,0.3-0.5
college_mathematics,mistralai_mistral_7b_instruct_v0_2,0.32,0.2197979797979795,1.0101010101010088,0.3-0.5
college_mathematics,mistralai_mistral_7b_instruct_v0_2,0.31,0.21606060606060595,1.0101010101010097,0.3-0.5
college_mathematics,mistralai_mistral_7b_instruct_v0_2,0.37,0.2354545454545457,1.010101010101011,0.3-0.5
college_mathematics,mistralai_mistral_7b_instruct_v0_2,0.39,0.24030303030303055,1.010101010101011,0.3-0.5
college_mathematics,mistralai_mistral_7b_instruct_v0_2,0.36,0.23272727272727273,1.0101010101010102,0.3-0.5
college_mathematics,mistralai_mistral_7b_instruct_v0_2,0.3,0.212121212121212,1.0101010101010095,0.1-0.3
college_mathematics,mistralai_mistral_7b_instruct_v0_2,0.31,0.21606060606060595,1.0101010101010097,0.3-0.5
college_mathematics,mistralai_mistral_7b_instruct_v0_2,0.29,0.20797979797979768,1.0101010101010088,0.1-0.3
college_mathematics,mistralai_mistral_7b_instruct_v0_2,0.39,0.24030303030303052,1.010101010101011,0.3-0.5
college_mathematics,mistralai_mistral_7b_instruct_v0_2,0.3,0.212121212121212,1.0101010101010095,0.1-0.3
college_mathematics,mistralai_mistral_7b_instruct_v0_2,0.31,0.21606060606060595,1.0101010101010097,0.3-0.5
college_mathematics,mistralai_mistral_7b_instruct_v0_2,0.35,0.22979797979797936,1.0101010101010082,0.3-0.5
college_mathematics,mistralai_mistral_7b_instruct_v0_2,0.34,0.22666666666666682,1.0101010101010108,0.3-0.5
college_mathematics,mistralai_mistral_7b_instruct_v0_2,0.35,0.2297979797979793,1.010101010101008,0.3-0.5
college_mathematics,mistralai_mistral_7b_instruct_v0_2,0.32,0.2197979797979795,1.0101010101010088,0.3-0.5
college_mathematics,mistralai_mistral_7b_instruct_v0_2,0.32,0.2197979797979795,1.0101010101010088,0.3-0.5
college_mathematics,mistralai_mistral_7b_instruct_v0_2,0.33,0.22333333333333286,1.010101010101008,0.3-0.5
college_mathematics,mistralai_mistral_7b_instruct_v0_2,0.32,0.21979797979797952,1.0101010101010088,0.3-0.5
college_mathematics,mistralai_mistral_7b_instruct_v0_2,0.33,0.22333333333333286,1.010101010101008,0.3-0.5
college_mathematics,mistralai_mistral_7b_instruct_v0_2,0.37,0.2354545454545457,1.010101010101011,0.3-0.5
college_mathematics,mistralai_mistral_7b_instruct_v0_2,0.35,0.2297979797979793,1.010101010101008,0.3-0.5
college_mathematics,mistralai_mistral_7b_instruct_v0_2,0.35,0.22979797979797933,1.0101010101010082,0.3-0.5
college_mathematics,mistralai_mistral_7b_instruct_v0_2,0.31,0.21606060606060595,1.0101010101010097,0.3-0.5
college_mathematics,mistralai_mistral_7b_instruct_v0_2,0.32,0.21979797979797952,1.0101010101010088,0.3-0.5
college_mathematics,mistralai_mistral_7b_instruct_v0_2,0.39,0.24030303030303052,1.010101010101011,0.3-0.5
college_mathematics,mistralai_mistral_7b_instruct_v0_2,0.31,0.21606060606060595,1.0101010101010097,0.3-0.5
college_mathematics,mistralai_mistral_7b_instruct_v0_2,0.36,0.23272727272727273,1.0101010101010102,0.3-0.5
college_mathematics,mistralai_mistral_7b_instruct_v0_2,0.35,0.2297979797979794,1.0101010101010084,0.3-0.5
college_mathematics,mistralai_mistral_7b_instruct_v0_2,0.3,0.212121212121212,1.0101010101010095,0.1-0.3
college_mathematics,mistralai_mistral_7b_instruct_v0_2,0.38,0.23797979797979804,1.0101010101010104,0.3-0.5
college_mathematics,mistralai_mistral_7b_instruct_v0_2,0.35,0.22979797979797936,1.0101010101010082,0.3-0.5
college_mathematics,mistralai_mistral_7b_instruct_v0_2,0.32,0.21979797979797952,1.0101010101010088,0.3-0.5
college_mathematics,mistralai_mistral_7b_instruct_v0_2,0.35,0.22979797979797933,1.0101010101010082,0.3-0.5
college_mathematics,mistralai_mistral_7b_instruct_v0_2,0.32,0.2197979797979795,1.0101010101010088,0.3-0.5
college_mathematics,mistralai_mistral_7b_instruct_v0_2,0.32,0.21979797979797952,1.0101010101010088,0.3-0.5
college_mathematics,mistralai_mistral_7b_instruct_v0_2,0.34,0.22666666666666685,1.010101010101011,0.3-0.5
college_mathematics,mistralai_mistral_7b_instruct_v0_2,0.34,0.22666666666666685,1.010101010101011,0.3-0.5
college_mathematics,mistralai_mistral_7b_instruct_v0_2,0.32,0.2197979797979795,1.0101010101010088,0.3-0.5
college_mathematics,mistralai_mistral_7b_instruct_v0_2,0.33,0.22333333333333294,1.0101010101010084,0.3-0.5
college_mathematics,mistralai_mistral_7b_instruct_v0_2,0.31,0.21606060606060595,1.0101010101010097,0.3-0.5
college_mathematics,mistralai_mistral_7b_instruct_v0_2,0.33,0.22333333333333294,1.0101010101010084,0.3-0.5
college_mathematics,mistralai_mistral_7b_instruct_v0_2,0.33,0.22333333333333294,1.0101010101010084,0.3-0.5
college_mathematics,mistralai_mistral_7b_instruct_v0_2,0.33,0.22333333333333294,1.0101010101010084,0.3-0.5
college_mathematics,mistralai_mistral_7b_instruct_v0_2,0.34,0.22666666666666682,1.0101010101010108,0.3-0.5
college_mathematics,mistralai_mistral_7b_instruct_v0_2,0.33,0.22333333333333294,1.0101010101010084,0.3-0.5
college_mathematics,mistralai_mistral_7b_instruct_v0_2,0.36,0.23272727272727273,1.0101010101010102,0.3-0.5
college_mathematics,mistralai_mistral_7b_instruct_v0_2,0.32,0.21979797979797952,1.0101010101010088,0.3-0.5
college_mathematics,mistralai_mistral_7b_instruct_v0_2,0.32,0.2197979797979795,1.0101010101010088,0.3-0.5
college_mathematics,mistralai_mistral_7b_instruct_v0_2,0.28,0.20363636363636328,1.0101010101010084,0.1-0.3
college_mathematics,mistralai_mistral_7b_instruct_v0_2,0.32,0.2197979797979795,1.0101010101010088,0.3-0.5
college_mathematics,mistralai_mistral_7b_instruct_v0_2,0.32,0.21979797979797952,1.0101010101010088,0.3-0.5
college_mathematics,mistralai_mistral_7b_instruct_v0_2,0.34,0.22666666666666685,1.010101010101011,0.3-0.5
college_mathematics,mistralai_mistral_7b_instruct_v0_2,0.32,0.2197979797979795,1.0101010101010088,0.3-0.5
college_mathematics,mistralai_mistral_7b_instruct_v0_2,0.35,0.22979797979797933,1.0101010101010082,0.3-0.5
college_mathematics,mistralai_mistral_7b_instruct_v0_2,0.32,0.21979797979797952,1.0101010101010088,0.3-0.5
college_mathematics,mistralai_mistral_7b_instruct_v0_2,0.32,0.2197979797979795,1.0101010101010088,0.3-0.5
college_mathematics,mistralai_mistral_7b_instruct_v0_2,0.34,0.22666666666666682,1.0101010101010108,0.3-0.5
college_mathematics,mistralai_mistral_7b_instruct_v0_2,0.34,0.22666666666666682,1.0101010101010108,0.3-0.5
college_mathematics,tiiuae_falcon_40b,0.34,0.2266666666666669,1.0101010101010113,0.3-0.5
college_mathematics,tiiuae_falcon_40b,0.34,0.2266666666666669,1.0101010101010113,0.3-0.5
college_mathematics,tiiuae_falcon_40b,0.35,0.22979797979797956,1.010101010101009,0.3-0.5
college_mathematics,tiiuae_falcon_40b,0.31,0.21606060606060595,1.0101010101010097,0.3-0.5
college_mathematics,tiiuae_falcon_40b,0.34,0.2266666666666669,1.0101010101010113,0.3-0.5
college_mathematics,tiiuae_falcon_40b,0.33,0.22333333333333294,1.0101010101010084,0.3-0.5
college_mathematics,tiiuae_falcon_40b,0.36,0.23272727272727273,1.0101010101010102,0.3-0.5
college_mathematics,tiiuae_falcon_40b,0.32,0.21979797979797946,1.0101010101010086,0.3-0.5
college_mathematics,tiiuae_falcon_40b,0.36,0.23272727272727275,1.0101010101010102,0.3-0.5
college_mathematics,tiiuae_falcon_40b,0.3,0.21212121212121193,1.0101010101010093,0.1-0.3
college_mathematics,tiiuae_falcon_40b,0.33,0.22333333333333294,1.0101010101010084,0.3-0.5
college_mathematics,tiiuae_falcon_40b,0.33,0.22333333333333297,1.0101010101010084,0.3-0.5
college_mathematics,tiiuae_falcon_40b,0.33,0.22333333333333288,1.0101010101010082,0.3-0.5
college_mathematics,tiiuae_falcon_40b,0.35,0.22979797979797947,1.0101010101010088,0.3-0.5
college_mathematics,tiiuae_falcon_40b,0.32,0.2197979797979795,1.0101010101010088,0.3-0.5
college_mathematics,tiiuae_falcon_40b,0.34,0.2266666666666669,1.0101010101010113,0.3-0.5
college_mathematics,tiiuae_falcon_40b,0.32,0.21979797979797946,1.0101010101010086,0.3-0.5
college_mathematics,tiiuae_falcon_40b,0.33,0.22333333333333297,1.0101010101010084,0.3-0.5
college_mathematics,tiiuae_falcon_40b,0.36,0.23272727272727273,1.0101010101010102,0.3-0.5
college_mathematics,tiiuae_falcon_40b,0.34,0.22666666666666685,1.010101010101011,0.3-0.5
college_mathematics,tiiuae_falcon_40b,0.32,0.2197979797979795,1.0101010101010088,0.3-0.5
college_mathematics,tiiuae_falcon_40b,0.32,0.21979797979797946,1.0101010101010086,0.3-0.5
college_mathematics,tiiuae_falcon_40b,0.31,0.21606060606060593,1.0101010101010095,0.3-0.5
college_mathematics,tiiuae_falcon_40b,0.31,0.21606060606060595,1.0101010101010097,0.3-0.5
college_mathematics,tiiuae_falcon_40b,0.29,0.20797979797979774,1.010101010101009,0.1-0.3
college_mathematics,tiiuae_falcon_40b,0.29,0.20797979797979774,1.010101010101009,0.1-0.3
college_mathematics,tiiuae_falcon_40b,0.34,0.2266666666666669,1.0101010101010113,0.3-0.5
college_mathematics,tiiuae_falcon_40b,0.33,0.22333333333333297,1.0101010101010084,0.3-0.5
college_mathematics,tiiuae_falcon_40b,0.33,0.22333333333333294,1.0101010101010084,0.3-0.5
college_mathematics,tiiuae_falcon_40b,0.35,0.22979797979797956,1.010101010101009,0.3-0.5
college_mathematics,tiiuae_falcon_40b,0.36,0.23272727272727275,1.0101010101010102,0.3-0.5
college_mathematics,tiiuae_falcon_40b,0.33,0.22333333333333297,1.0101010101010084,0.3-0.5
college_mathematics,tiiuae_falcon_40b,0.34,0.22666666666666685,1.010101010101011,0.3-0.5
college_mathematics,tiiuae_falcon_40b,0.29,0.20797979797979776,1.0101010101010093,0.1-0.3
college_mathematics,tiiuae_falcon_40b,0.33,0.22333333333333294,1.0101010101010084,0.3-0.5
college_mathematics,tiiuae_falcon_40b,0.33,0.22333333333333297,1.0101010101010084,0.3-0.5
college_mathematics,tiiuae_falcon_40b,0.33,0.22333333333333297,1.0101010101010084,0.3-0.5
college_mathematics,tiiuae_falcon_40b,0.34,0.2266666666666669,1.0101010101010113,0.3-0.5
college_mathematics,tiiuae_falcon_40b,0.35,0.22979797979797945,1.0101010101010086,0.3-0.5
college_mathematics,tiiuae_falcon_40b,0.35,0.22979797979797945,1.0101010101010086,0.3-0.5
college_mathematics,tiiuae_falcon_40b,0.36,0.23272727272727273,1.0101010101010102,0.3-0.5
college_mathematics,tiiuae_falcon_40b,0.35,0.22979797979797947,1.0101010101010088,0.3-0.5
college_mathematics,tiiuae_falcon_40b,0.34,0.2266666666666669,1.0101010101010113,0.3-0.5
college_mathematics,tiiuae_falcon_40b,0.34,0.22666666666666685,1.010101010101011,0.3-0.5
college_mathematics,tiiuae_falcon_40b,0.36,0.23272727272727273,1.0101010101010102,0.3-0.5
college_mathematics,tiiuae_falcon_40b,0.36,0.23272727272727273,1.0101010101010102,0.3-0.5
college_mathematics,tiiuae_falcon_40b,0.35,0.22979797979797958,1.0101010101010093,0.3-0.5
college_mathematics,tiiuae_falcon_40b,0.34,0.22666666666666685,1.010101010101011,0.3-0.5
college_mathematics,tiiuae_falcon_40b,0.38,0.2379797979797979,1.0101010101010097,0.3-0.5
college_mathematics,tiiuae_falcon_40b,0.33,0.22333333333333297,1.0101010101010084,0.3-0.5
college_mathematics,tiiuae_falcon_40b,0.38,0.2379797979797979,1.0101010101010097,0.3-0.5
college_mathematics,tiiuae_falcon_40b,0.38,0.2379797979797979,1.0101010101010097,0.3-0.5
college_mathematics,tiiuae_falcon_40b,0.35,0.2297979797979795,1.0101010101010088,0.3-0.5
college_mathematics,tiiuae_falcon_40b,0.38,0.23797979797979793,1.01010101010101,0.3-0.5
college_mathematics,tiiuae_falcon_40b,0.29,0.20797979797979774,1.010101010101009,0.1-0.3
college_mathematics,tiiuae_falcon_40b,0.35,0.2297979797979795,1.0101010101010088,0.3-0.5
college_mathematics,tiiuae_falcon_40b,0.32,0.21979797979797946,1.0101010101010086,0.3-0.5
college_mathematics,tiiuae_falcon_40b,0.33,0.22333333333333297,1.0101010101010084,0.3-0.5
college_mathematics,tiiuae_falcon_40b,0.33,0.22333333333333297,1.0101010101010084,0.3-0.5
college_mathematics,tiiuae_falcon_40b,0.33,0.22333333333333297,1.0101010101010084,0.3-0.5
college_mathematics,tiiuae_falcon_40b,0.35,0.2297979797979795,1.0101010101010088,0.3-0.5
college_mathematics,tiiuae_falcon_40b,0.33,0.22333333333333294,1.0101010101010084,0.3-0.5
college_mathematics,tiiuae_falcon_40b,0.34,0.22666666666666685,1.010101010101011,0.3-0.5
college_mathematics,tiiuae_falcon_40b,0.32,0.21979797979797946,1.0101010101010086,0.3-0.5
college_mathematics,tiiuae_falcon_40b,0.34,0.2266666666666669,1.0101010101010113,0.3-0.5
college_mathematics,tiiuae_falcon_40b,0.33,0.22333333333333294,1.0101010101010084,0.3-0.5
college_mathematics,tiiuae_falcon_40b,0.31,0.21606060606060595,1.0101010101010097,0.3-0.5
college_mathematics,tiiuae_falcon_40b,0.35,0.2297979797979795,1.0101010101010088,0.3-0.5
college_mathematics,tiiuae_falcon_40b,0.31,0.21606060606060595,1.0101010101010097,0.3-0.5
college_mathematics,tiiuae_falcon_40b,0.32,0.2197979797979795,1.0101010101010088,0.3-0.5
college_mathematics,tiiuae_falcon_40b,0.35,0.22979797979797947,1.0101010101010088,0.3-0.5
college_mathematics,tiiuae_falcon_40b,0.36,0.23272727272727273,1.0101010101010102,0.3-0.5
college_mathematics,tiiuae_falcon_40b,0.32,0.21979797979797946,1.0101010101010086,0.3-0.5
college_mathematics,tiiuae_falcon_40b,0.34,0.2266666666666669,1.0101010101010113,0.3-0.5
college_mathematics,tiiuae_falcon_40b,0.33,0.22333333333333294,1.0101010101010084,0.3-0.5
college_mathematics,tiiuae_falcon_40b,0.33,0.22333333333333297,1.0101010101010084,0.3-0.5
college_mathematics,tiiuae_falcon_40b,0.35,0.22979797979797958,1.0101010101010093,0.3-0.5
college_mathematics,tiiuae_falcon_40b,0.35,0.22979797979797958,1.0101010101010093,0.3-0.5
college_mathematics,tiiuae_falcon_40b,0.34,0.2266666666666669,1.0101010101010113,0.3-0.5
college_mathematics,tiiuae_falcon_40b,0.32,0.21979797979797946,1.0101010101010086,0.3-0.5
college_mathematics,tiiuae_falcon_40b,0.32,0.21979797979797946,1.0101010101010086,0.3-0.5
college_mathematics,tiiuae_falcon_40b,0.32,0.2197979797979795,1.0101010101010088,0.3-0.5
college_mathematics,tiiuae_falcon_40b,0.31,0.21606060606060595,1.0101010101010097,0.3-0.5
college_mathematics,tiiuae_falcon_40b,0.32,0.21979797979797946,1.0101010101010086,0.3-0.5
college_mathematics,tiiuae_falcon_40b,0.3,0.212121212121212,1.0101010101010095,0.1-0.3
college_mathematics,tiiuae_falcon_40b,0.35,0.22979797979797947,1.0101010101010088,0.3-0.5
college_mathematics,tiiuae_falcon_40b,0.32,0.21979797979797946,1.0101010101010086,0.3-0.5
college_mathematics,tiiuae_falcon_40b,0.31,0.21606060606060595,1.0101010101010097,0.3-0.5
college_mathematics,tiiuae_falcon_40b,0.33,0.22333333333333288,1.0101010101010082,0.3-0.5
college_mathematics,tiiuae_falcon_40b,0.34,0.2266666666666669,1.0101010101010113,0.3-0.5
college_mathematics,tiiuae_falcon_40b,0.31,0.21606060606060595,1.0101010101010097,0.3-0.5
college_mathematics,tiiuae_falcon_40b,0.32,0.2197979797979795,1.0101010101010088,0.3-0.5
college_mathematics,tiiuae_falcon_40b,0.35,0.2297979797979795,1.0101010101010088,0.3-0.5
college_mathematics,tiiuae_falcon_40b,0.34,0.2266666666666669,1.0101010101010113,0.3-0.5
college_mathematics,tiiuae_falcon_40b,0.33,0.22333333333333297,1.0101010101010084,0.3-0.5
college_mathematics,tiiuae_falcon_40b,0.31,0.21606060606060595,1.0101010101010097,0.3-0.5
college_mathematics,tiiuae_falcon_40b,0.33,0.22333333333333297,1.0101010101010084,0.3-0.5
college_mathematics,tiiuae_falcon_40b,0.35,0.22979797979797956,1.010101010101009,0.3-0.5
college_mathematics,tiiuae_falcon_40b,0.35,0.2297979797979795,1.0101010101010088,0.3-0.5
college_mathematics,tiiuae_falcon_40b,0.35,0.2297979797979795,1.0101010101010088,0.3-0.5
econometrics,codellama_codellama_34b_instruct,0.43859649122807015,0.2484086321999693,1.0088495575221255,0.3-0.5
econometrics,codellama_codellama_34b_instruct,0.45614035087719296,0.2502716969414688,1.0088495575221241,0.3-0.5
econometrics,codellama_codellama_34b_instruct,0.4473684210526316,0.24941779226828076,1.0088495575221217,0.3-0.5
econometrics,codellama_codellama_34b_instruct,0.4298245614035088,0.24724421673653163,1.0088495575221241,0.3-0.5
econometrics,codellama_codellama_34b_instruct,0.4298245614035088,0.24724421673653157,1.008849557522124,0.3-0.5
econometrics,codellama_codellama_34b_instruct,0.4298245614035088,0.24724421673653157,1.008849557522124,0.3-0.5
econometrics,codellama_codellama_34b_instruct,0.45614035087719296,0.2502716969414688,1.0088495575221241,0.3-0.5
econometrics,codellama_codellama_34b_instruct,0.47368421052631576,0.2515137401024683,1.0088495575221228,0.3-0.5
econometrics,codellama_codellama_34b_instruct,0.42105263157894735,0.2459245458779687,1.0088495575221215,0.3-0.5
econometrics,codellama_codellama_34b_instruct,0.4298245614035088,0.24724421673653163,1.0088495575221241,0.3-0.5
econometrics,codellama_codellama_34b_instruct,0.4298245614035088,0.24724421673653152,1.0088495575221237,0.3-0.5
econometrics,codellama_codellama_34b_instruct,0.40350877192982454,0.24281943797546948,1.0088495575221232,0.3-0.5
econometrics,codellama_codellama_34b_instruct,0.43859649122807015,0.2484086321999693,1.0088495575221255,0.3-0.5
econometrics,codellama_codellama_34b_instruct,0.4298245614035088,0.24724421673653152,1.0088495575221237,0.3-0.5
econometrics,codellama_codellama_34b_instruct,0.41228070175438597,0.24444961962428216,1.0088495575221248,0.3-0.5
econometrics,codellama_codellama_34b_instruct,0.43859649122807015,0.2484086321999693,1.0088495575221255,0.3-0.5
econometrics,codellama_codellama_34b_instruct,0.43859649122807015,0.2484086321999693,1.0088495575221255,0.3-0.5
econometrics,codellama_codellama_34b_instruct,0.40350877192982454,0.24281943797546948,1.0088495575221232,0.3-0.5
econometrics,codellama_codellama_34b_instruct,0.4298245614035088,0.24724421673653152,1.0088495575221237,0.3-0.5
econometrics,codellama_codellama_34b_instruct,0.40350877192982454,0.24281943797546948,1.0088495575221232,0.3-0.5
econometrics,codellama_codellama_34b_instruct,0.41228070175438597,0.24444961962428216,1.0088495575221248,0.3-0.5
econometrics,codellama_codellama_34b_instruct,0.4473684210526316,0.24941779226828076,1.0088495575221217,0.3-0.5
econometrics,codellama_codellama_34b_instruct,0.4298245614035088,0.24724421673653157,1.008849557522124,0.3-0.5
econometrics,codellama_codellama_34b_instruct,0.42105263157894735,0.2459245458779687,1.0088495575221215,0.3-0.5
econometrics,codellama_codellama_34b_instruct,0.43859649122807015,0.2484086321999693,1.0088495575221255,0.3-0.5
econometrics,codellama_codellama_34b_instruct,0.4298245614035088,0.24724421673653155,1.0088495575221237,0.3-0.5
econometrics,codellama_codellama_34b_instruct,0.49122807017543857,0.2521347616829691,1.0088495575221264,0.3-0.5
econometrics,codellama_codellama_34b_instruct,0.49122807017543857,0.2521347616829691,1.0088495575221264,0.3-0.5
econometrics,codellama_codellama_34b_instruct,0.5087719298245614,0.25213476168296906,1.0088495575221261,0.5-0.7
econometrics,codellama_codellama_34b_instruct,0.47368421052631576,0.2515137401024683,1.0088495575221228,0.3-0.5
econometrics,codellama_codellama_34b_instruct,0.49122807017543857,0.2521347616829691,1.0088495575221264,0.3-0.5
econometrics,codellama_codellama_34b_instruct,0.47368421052631576,0.2515137401024683,1.0088495575221228,0.3-0.5
econometrics,codellama_codellama_34b_instruct,0.4473684210526316,0.24941779226828073,1.0088495575221217,0.3-0.5
econometrics,codellama_codellama_34b_instruct,0.4649122807017544,0.2509703462195315,1.0088495575221255,0.3-0.5
econometrics,codellama_codellama_34b_instruct,0.4298245614035088,0.24724421673653155,1.0088495575221237,0.3-0.5
econometrics,codellama_codellama_34b_instruct,0.4298245614035088,0.24724421673653157,1.008849557522124,0.3-0.5
econometrics,codellama_codellama_34b_instruct,0.41228070175438597,0.24444961962428216,1.0088495575221248,0.3-0.5
econometrics,codellama_codellama_34b_instruct,0.43859649122807015,0.2484086321999693,1.0088495575221255,0.3-0.5
econometrics,codellama_codellama_34b_instruct,0.43859649122807015,0.2484086321999693,1.0088495575221255,0.3-0.5
econometrics,codellama_codellama_34b_instruct,0.43859649122807015,0.2484086321999693,1.0088495575221255,0.3-0.5
econometrics,codellama_codellama_34b_instruct,0.4298245614035088,0.24724421673653157,1.008849557522124,0.3-0.5
econometrics,codellama_codellama_34b_instruct,0.4649122807017544,0.2509703462195315,1.0088495575221255,0.3-0.5
econometrics,codellama_codellama_34b_instruct,0.4824561403508772,0.2519018785902805,1.0088495575221217,0.3-0.5
econometrics,codellama_codellama_34b_instruct,0.47368421052631576,0.25151374010246835,1.008849557522123,0.3-0.5
econometrics,codellama_codellama_34b_instruct,0.4649122807017544,0.2509703462195315,1.0088495575221255,0.3-0.5
econometrics,codellama_codellama_34b_instruct,0.4298245614035088,0.24724421673653157,1.008849557522124,0.3-0.5
econometrics,codellama_codellama_34b_instruct,0.4824561403508772,0.2519018785902805,1.0088495575221217,0.3-0.5
econometrics,codellama_codellama_34b_instruct,0.47368421052631576,0.2515137401024683,1.0088495575221228,0.3-0.5
econometrics,codellama_codellama_34b_instruct,0.4649122807017544,0.2509703462195315,1.0088495575221255,0.3-0.5
econometrics,codellama_codellama_34b_instruct,0.4473684210526316,0.24941779226828073,1.0088495575221217,0.3-0.5
econometrics,codellama_codellama_34b_instruct,0.43859649122807015,0.2484086321999693,1.0088495575221255,0.3-0.5
econometrics,codellama_codellama_34b_instruct,0.43859649122807015,0.2484086321999693,1.0088495575221255,0.3-0.5
econometrics,codellama_codellama_34b_instruct,0.47368421052631576,0.2515137401024683,1.0088495575221228,0.3-0.5
econometrics,codellama_codellama_34b_instruct,0.4649122807017544,0.25097034621953146,1.0088495575221252,0.3-0.5
econometrics,codellama_codellama_34b_instruct,0.43859649122807015,0.2484086321999693,1.0088495575221255,0.3-0.5
econometrics,codellama_codellama_34b_instruct,0.4298245614035088,0.24724421673653155,1.0088495575221237,0.3-0.5
econometrics,codellama_codellama_34b_instruct,0.4473684210526316,0.24941779226828076,1.0088495575221217,0.3-0.5
econometrics,codellama_codellama_34b_instruct,0.4473684210526316,0.24941779226828076,1.0088495575221217,0.3-0.5
econometrics,codellama_codellama_34b_instruct,0.4473684210526316,0.24941779226828076,1.0088495575221217,0.3-0.5
econometrics,codellama_codellama_34b_instruct,0.4473684210526316,0.24941779226828073,1.0088495575221217,0.3-0.5
econometrics,codellama_codellama_34b_instruct,0.4473684210526316,0.24941779226828073,1.0088495575221217,0.3-0.5
econometrics,codellama_codellama_34b_instruct,0.49122807017543857,0.2521347616829691,1.0088495575221264,0.3-0.5
econometrics,codellama_codellama_34b_instruct,0.4824561403508772,0.2519018785902805,1.0088495575221217,0.3-0.5
econometrics,codellama_codellama_34b_instruct,0.43859649122807015,0.2484086321999693,1.0088495575221255,0.3-0.5
econometrics,codellama_codellama_34b_instruct,0.43859649122807015,0.2484086321999693,1.0088495575221255,0.3-0.5
econometrics,codellama_codellama_34b_instruct,0.45614035087719296,0.25027169694146884,1.0088495575221244,0.3-0.5
econometrics,codellama_codellama_34b_instruct,0.4824561403508772,0.2519018785902805,1.0088495575221217,0.3-0.5
econometrics,codellama_codellama_34b_instruct,0.45614035087719296,0.2502716969414688,1.0088495575221241,0.3-0.5
econometrics,codellama_codellama_34b_instruct,0.4824561403508772,0.2519018785902805,1.0088495575221217,0.3-0.5
econometrics,codellama_codellama_34b_instruct,0.4824561403508772,0.2519018785902805,1.0088495575221217,0.3-0.5
econometrics,codellama_codellama_34b_instruct,0.5,0.252212389380531,1.008849557522124,0.3-0.5
econometrics,codellama_codellama_34b_instruct,0.45614035087719296,0.25027169694146884,1.0088495575221244,0.3-0.5
econometrics,codellama_codellama_34b_instruct,0.4649122807017544,0.25097034621953146,1.0088495575221252,0.3-0.5
econometrics,codellama_codellama_34b_instruct,0.43859649122807015,0.2484086321999693,1.0088495575221255,0.3-0.5
econometrics,codellama_codellama_34b_instruct,0.5,0.252212389380531,1.008849557522124,0.3-0.5
econometrics,codellama_codellama_34b_instruct,0.42105263157894735,0.24592454587796866,1.0088495575221215,0.3-0.5
econometrics,codellama_codellama_34b_instruct,0.4824561403508772,0.2519018785902805,1.0088495575221217,0.3-0.5
econometrics,codellama_codellama_34b_instruct,0.4824561403508772,0.2519018785902805,1.0088495575221217,0.3-0.5
econometrics,codellama_codellama_34b_instruct,0.45614035087719296,0.2502716969414688,1.0088495575221241,0.3-0.5
econometrics,codellama_codellama_34b_instruct,0.45614035087719296,0.2502716969414688,1.0088495575221241,0.3-0.5
econometrics,codellama_codellama_34b_instruct,0.41228070175438597,0.24444961962428216,1.0088495575221248,0.3-0.5
econometrics,codellama_codellama_34b_instruct,0.45614035087719296,0.2502716969414688,1.0088495575221241,0.3-0.5
econometrics,codellama_codellama_34b_instruct,0.42105263157894735,0.24592454587796866,1.0088495575221215,0.3-0.5
econometrics,codellama_codellama_34b_instruct,0.4649122807017544,0.2509703462195315,1.0088495575221255,0.3-0.5
econometrics,codellama_codellama_34b_instruct,0.43859649122807015,0.2484086321999693,1.0088495575221255,0.3-0.5
econometrics,codellama_codellama_34b_instruct,0.4473684210526316,0.24941779226828076,1.0088495575221217,0.3-0.5
econometrics,codellama_codellama_34b_instruct,0.42105263157894735,0.2459245458779687,1.0088495575221215,0.3-0.5
econometrics,codellama_codellama_34b_instruct,0.43859649122807015,0.2484086321999693,1.0088495575221255,0.3-0.5
econometrics,codellama_codellama_34b_instruct,0.47368421052631576,0.2515137401024683,1.0088495575221228,0.3-0.5
econometrics,codellama_codellama_34b_instruct,0.49122807017543857,0.2521347616829691,1.0088495575221264,0.3-0.5
econometrics,codellama_codellama_34b_instruct,0.4649122807017544,0.2509703462195315,1.0088495575221255,0.3-0.5
econometrics,codellama_codellama_34b_instruct,0.43859649122807015,0.2484086321999693,1.0088495575221255,0.3-0.5
econometrics,codellama_codellama_34b_instruct,0.45614035087719296,0.2502716969414688,1.0088495575221241,0.3-0.5
econometrics,codellama_codellama_34b_instruct,0.4473684210526316,0.24941779226828076,1.0088495575221217,0.3-0.5
econometrics,codellama_codellama_34b_instruct,0.4473684210526316,0.2494177922682808,1.008849557522122,0.3-0.5
econometrics,codellama_codellama_34b_instruct,0.4473684210526316,0.24941779226828076,1.0088495575221217,0.3-0.5
econometrics,codellama_codellama_34b_instruct,0.4298245614035088,0.2472442167365316,1.008849557522124,0.3-0.5
econometrics,codellama_codellama_34b_instruct,0.4473684210526316,0.24941779226828073,1.0088495575221217,0.3-0.5
econometrics,codellama_codellama_34b_instruct,0.4473684210526316,0.24941779226828073,1.0088495575221217,0.3-0.5
econometrics,codellama_codellama_34b_instruct,0.4473684210526316,0.24941779226828073,1.0088495575221217,0.3-0.5
econometrics,google_flan_t5_xl,0.3157894736842105,0.21797857475547328,1.0088495575221264,0.3-0.5
econometrics,google_flan_t5_xl,0.30701754385964913,0.21464058376028522,1.008849557522122,0.3-0.5
econometrics,google_flan_t5_xl,0.2982456140350877,0.21114733736997388,1.0088495575221252,0.1-0.3
econometrics,google_flan_t5_xl,0.30701754385964913,0.21464058376028522,1.008849557522122,0.3-0.5
econometrics,google_flan_t5_xl,0.2982456140350877,0.21114733736997385,1.0088495575221252,0.1-0.3
econometrics,google_flan_t5_xl,0.2982456140350877,0.21114733736997388,1.0088495575221252,0.1-0.3
econometrics,google_flan_t5_xl,0.30701754385964913,0.21464058376028522,1.008849557522122,0.3-0.5
econometrics,google_flan_t5_xl,0.2807017543859649,0.20369507840397422,1.0088495575221224,0.1-0.3
econometrics,google_flan_t5_xl,0.2982456140350877,0.21114733736997385,1.0088495575221252,0.1-0.3
econometrics,google_flan_t5_xl,0.3157894736842105,0.21797857475547325,1.0088495575221261,0.3-0.5
econometrics,google_flan_t5_xl,0.30701754385964913,0.21464058376028522,1.008849557522122,0.3-0.5
econometrics,google_flan_t5_xl,0.2982456140350877,0.21114733736997385,1.0088495575221252,0.1-0.3
econometrics,google_flan_t5_xl,0.3157894736842105,0.21797857475547325,1.0088495575221261,0.3-0.5
econometrics,google_flan_t5_xl,0.3157894736842105,0.21797857475547325,1.0088495575221261,0.3-0.5
econometrics,google_flan_t5_xl,0.30701754385964913,0.21464058376028522,1.008849557522122,0.3-0.5
econometrics,google_flan_t5_xl,0.2894736842105263,0.20749883558453677,1.0088495575221248,0.1-0.3
econometrics,google_flan_t5_xl,0.30701754385964913,0.2146405837602852,1.0088495575221217,0.3-0.5
econometrics,google_flan_t5_xl,0.2982456140350877,0.21114733736997385,1.0088495575221252,0.1-0.3
econometrics,google_flan_t5_xl,0.2894736842105263,0.2074988355845368,1.008849557522125,0.1-0.3
econometrics,google_flan_t5_xl,0.2982456140350877,0.21114733736997388,1.0088495575221252,0.1-0.3
econometrics,google_flan_t5_xl,0.2894736842105263,0.20749883558453677,1.0088495575221248,0.1-0.3
econometrics,google_flan_t5_xl,0.30701754385964913,0.2146405837602852,1.0088495575221217,0.3-0.5
econometrics,google_flan_t5_xl,0.30701754385964913,0.21464058376028522,1.008849557522122,0.3-0.5
econometrics,google_flan_t5_xl,0.30701754385964913,0.21464058376028522,1.008849557522122,0.3-0.5
econometrics,google_flan_t5_xl,0.2982456140350877,0.21114733736997385,1.0088495575221252,0.1-0.3
econometrics,google_flan_t5_xl,0.30701754385964913,0.21464058376028522,1.008849557522122,0.3-0.5
econometrics,google_flan_t5_xl,0.30701754385964913,0.21464058376028522,1.008849557522122,0.3-0.5
econometrics,google_flan_t5_xl,0.32456140350877194,0.22116131035553493,1.0088495575221241,0.3-0.5
econometrics,google_flan_t5_xl,0.32456140350877194,0.22116131035553493,1.0088495575221241,0.3-0.5
econometrics,google_flan_t5_xl,0.3157894736842105,0.21797857475547328,1.0088495575221264,0.3-0.5
econometrics,google_flan_t5_xl,0.3157894736842105,0.21797857475547328,1.0088495575221264,0.3-0.5
econometrics,google_flan_t5_xl,0.2894736842105263,0.20749883558453674,1.0088495575221248,0.1-0.3
econometrics,google_flan_t5_xl,0.30701754385964913,0.2146405837602852,1.0088495575221217,0.3-0.5
econometrics,google_flan_t5_xl,0.30701754385964913,0.21464058376028522,1.008849557522122,0.3-0.5
econometrics,google_flan_t5_xl,0.30701754385964913,0.21464058376028522,1.008849557522122,0.3-0.5
econometrics,google_flan_t5_xl,0.2982456140350877,0.21114733736997385,1.0088495575221252,0.1-0.3
econometrics,google_flan_t5_xl,0.2982456140350877,0.21114733736997385,1.0088495575221252,0.1-0.3
econometrics,google_flan_t5_xl,0.2894736842105263,0.2074988355845368,1.008849557522125,0.1-0.3
econometrics,google_flan_t5_xl,0.2894736842105263,0.2074988355845368,1.008849557522125,0.1-0.3
econometrics,google_flan_t5_xl,0.2894736842105263,0.2074988355845368,1.008849557522125,0.1-0.3
econometrics,google_flan_t5_xl,0.30701754385964913,0.21464058376028522,1.008849557522122,0.3-0.5
econometrics,google_flan_t5_xl,0.30701754385964913,0.21464058376028522,1.008849557522122,0.3-0.5
econometrics,google_flan_t5_xl,0.3157894736842105,0.21797857475547325,1.0088495575221261,0.3-0.5
econometrics,google_flan_t5_xl,0.30701754385964913,0.21464058376028522,1.008849557522122,0.3-0.5
econometrics,google_flan_t5_xl,0.2982456140350877,0.21114733736997388,1.0088495575221252,0.1-0.3
econometrics,google_flan_t5_xl,0.2982456140350877,0.21114733736997388,1.0088495575221252,0.1-0.3
econometrics,google_flan_t5_xl,0.30701754385964913,0.21464058376028522,1.008849557522122,0.3-0.5
econometrics,google_flan_t5_xl,0.30701754385964913,0.2146405837602852,1.0088495575221217,0.3-0.5
econometrics,google_flan_t5_xl,0.3157894736842105,0.21797857475547328,1.0088495575221264,0.3-0.5
econometrics,google_flan_t5_xl,0.30701754385964913,0.21464058376028522,1.008849557522122,0.3-0.5
econometrics,google_flan_t5_xl,0.2982456140350877,0.21114733736997385,1.0088495575221252,0.1-0.3
econometrics,google_flan_t5_xl,0.30701754385964913,0.21464058376028522,1.008849557522122,0.3-0.5
econometrics,google_flan_t5_xl,0.30701754385964913,0.21464058376028522,1.008849557522122,0.3-0.5
econometrics,google_flan_t5_xl,0.2894736842105263,0.20749883558453674,1.0088495575221248,0.1-0.3
econometrics,google_flan_t5_xl,0.30701754385964913,0.21464058376028522,1.008849557522122,0.3-0.5
econometrics,google_flan_t5_xl,0.30701754385964913,0.21464058376028522,1.008849557522122,0.3-0.5
econometrics,google_flan_t5_xl,0.3157894736842105,0.21797857475547325,1.0088495575221261,0.3-0.5
econometrics,google_flan_t5_xl,0.30701754385964913,0.21464058376028522,1.008849557522122,0.3-0.5
econometrics,google_flan_t5_xl,0.3157894736842105,0.21797857475547325,1.0088495575221261,0.3-0.5
econometrics,google_flan_t5_xl,0.32456140350877194,0.22116131035553493,1.0088495575221241,0.3-0.5
econometrics,google_flan_t5_xl,0.3157894736842105,0.21797857475547328,1.0088495575221264,0.3-0.5
econometrics,google_flan_t5_xl,0.3157894736842105,0.21797857475547328,1.0088495575221264,0.3-0.5
econometrics,google_flan_t5_xl,0.3157894736842105,0.21797857475547328,1.0088495575221264,0.3-0.5
econometrics,google_flan_t5_xl,0.2982456140350877,0.21114733736997385,1.0088495575221252,0.1-0.3
econometrics,google_flan_t5_xl,0.2982456140350877,0.21114733736997385,1.0088495575221252,0.1-0.3
econometrics,google_flan_t5_xl,0.2982456140350877,0.21114733736997385,1.0088495575221252,0.1-0.3
econometrics,google_flan_t5_xl,0.30701754385964913,0.21464058376028522,1.008849557522122,0.3-0.5
econometrics,google_flan_t5_xl,0.3157894736842105,0.21797857475547325,1.0088495575221261,0.3-0.5
econometrics,google_flan_t5_xl,0.3157894736842105,0.21797857475547325,1.0088495575221261,0.3-0.5
econometrics,google_flan_t5_xl,0.3157894736842105,0.21797857475547325,1.0088495575221261,0.3-0.5
econometrics,google_flan_t5_xl,0.2982456140350877,0.21114733736997385,1.0088495575221252,0.1-0.3
econometrics,google_flan_t5_xl,0.30701754385964913,0.21464058376028522,1.008849557522122,0.3-0.5
econometrics,google_flan_t5_xl,0.30701754385964913,0.21464058376028522,1.008849557522122,0.3-0.5
econometrics,google_flan_t5_xl,0.30701754385964913,0.21464058376028522,1.008849557522122,0.3-0.5
econometrics,google_flan_t5_xl,0.3157894736842105,0.21797857475547328,1.0088495575221264,0.3-0.5
econometrics,google_flan_t5_xl,0.30701754385964913,0.21464058376028522,1.008849557522122,0.3-0.5
econometrics,google_flan_t5_xl,0.30701754385964913,0.21464058376028522,1.008849557522122,0.3-0.5
econometrics,google_flan_t5_xl,0.30701754385964913,0.21464058376028522,1.008849557522122,0.3-0.5
econometrics,google_flan_t5_xl,0.2894736842105263,0.20749883558453677,1.0088495575221248,0.1-0.3
econometrics,google_flan_t5_xl,0.2982456140350877,0.21114733736997385,1.0088495575221252,0.1-0.3
econometrics,google_flan_t5_xl,0.30701754385964913,0.21464058376028522,1.008849557522122,0.3-0.5
econometrics,google_flan_t5_xl,0.2982456140350877,0.21114733736997385,1.0088495575221252,0.1-0.3
econometrics,google_flan_t5_xl,0.30701754385964913,0.21464058376028522,1.008849557522122,0.3-0.5
econometrics,google_flan_t5_xl,0.2982456140350877,0.21114733736997385,1.0088495575221252,0.1-0.3
econometrics,google_flan_t5_xl,0.2982456140350877,0.21114733736997385,1.0088495575221252,0.1-0.3
econometrics,google_flan_t5_xl,0.2807017543859649,0.20369507840397422,1.0088495575221224,0.1-0.3
econometrics,google_flan_t5_xl,0.30701754385964913,0.21464058376028522,1.008849557522122,0.3-0.5
econometrics,google_flan_t5_xl,0.30701754385964913,0.21464058376028522,1.008849557522122,0.3-0.5
econometrics,google_flan_t5_xl,0.2982456140350877,0.21114733736997385,1.0088495575221252,0.1-0.3
econometrics,google_flan_t5_xl,0.2982456140350877,0.21114733736997385,1.0088495575221252,0.1-0.3
econometrics,google_flan_t5_xl,0.3157894736842105,0.21797857475547325,1.0088495575221261,0.3-0.5
econometrics,google_flan_t5_xl,0.3157894736842105,0.21797857475547325,1.0088495575221261,0.3-0.5
econometrics,google_flan_t5_xl,0.3157894736842105,0.21797857475547325,1.0088495575221261,0.3-0.5
econometrics,google_flan_t5_xl,0.3157894736842105,0.21797857475547325,1.0088495575221261,0.3-0.5
econometrics,google_flan_t5_xl,0.32456140350877194,0.22116131035553493,1.0088495575221241,0.3-0.5
econometrics,google_flan_t5_xl,0.30701754385964913,0.21464058376028522,1.008849557522122,0.3-0.5
econometrics,google_flan_t5_xl,0.30701754385964913,0.21464058376028522,1.008849557522122,0.3-0.5
econometrics,google_flan_t5_xl,0.3157894736842105,0.21797857475547325,1.0088495575221261,0.3-0.5
econometrics,google_flan_t5_xl,0.3157894736842105,0.21797857475547325,1.0088495575221261,0.3-0.5
econometrics,google_flan_t5_xl,0.3157894736842105,0.21797857475547325,1.0088495575221261,0.3-0.5
econometrics,google_gemma_7b_it,0.30701754385964913,0.2146405837602852,1.0088495575221217,0.3-0.5
econometrics,google_gemma_7b_it,0.3684210526315789,0.23474615742897031,1.0088495575221226,0.3-0.5
econometrics,google_gemma_7b_it,0.35964912280701755,0.23233969880453323,1.008849557522123,0.3-0.5
econometrics,google_gemma_7b_it,0.37719298245614036,0.23699736065828245,1.0088495575221221,0.3-0.5
econometrics,google_gemma_7b_it,0.37719298245614036,0.23699736065828247,1.0088495575221224,0.3-0.5
econometrics,google_gemma_7b_it,0.37719298245614036,0.23699736065828245,1.0088495575221221,0.3-0.5
econometrics,google_gemma_7b_it,0.37719298245614036,0.23699736065828245,1.0088495575221221,0.3-0.5
econometrics,google_gemma_7b_it,0.3333333333333333,0.2241887905604716,1.0088495575221221,0.3-0.5
econometrics,google_gemma_7b_it,0.40350877192982454,0.24281943797546954,1.0088495575221235,0.3-0.5
econometrics,google_gemma_7b_it,0.38596491228070173,0.2390933084924705,1.0088495575221257,0.3-0.5
econometrics,google_gemma_7b_it,0.3684210526315789,0.2347461574289703,1.0088495575221224,0.3-0.5
econometrics,google_gemma_7b_it,0.39473684210526316,0.24103400093153196,1.0088495575221221,0.3-0.5
econometrics,google_gemma_7b_it,0.3684210526315789,0.2347461574289703,1.0088495575221224,0.3-0.5
econometrics,google_gemma_7b_it,0.3508771929824561,0.22977798478497108,1.008849557522123,0.3-0.5
econometrics,google_gemma_7b_it,0.37719298245614036,0.23699736065828247,1.0088495575221224,0.3-0.5
econometrics,google_gemma_7b_it,0.34210526315789475,0.22706101537028434,1.0088495575221248,0.3-0.5
econometrics,google_gemma_7b_it,0.34210526315789475,0.22706101537028434,1.0088495575221248,0.3-0.5
econometrics,google_gemma_7b_it,0.39473684210526316,0.24103400093153196,1.0088495575221221,0.3-0.5
econometrics,google_gemma_7b_it,0.3508771929824561,0.2297779847849711,1.0088495575221232,0.3-0.5
econometrics,google_gemma_7b_it,0.38596491228070173,0.23909330849247057,1.008849557522126,0.3-0.5
econometrics,google_gemma_7b_it,0.34210526315789475,0.22706101537028434,1.0088495575221248,0.3-0.5
econometrics,google_gemma_7b_it,0.35964912280701755,0.23233969880453323,1.008849557522123,0.3-0.5
econometrics,google_gemma_7b_it,0.3508771929824561,0.22977798478497116,1.0088495575221235,0.3-0.5
econometrics,google_gemma_7b_it,0.3684210526315789,0.2347461574289703,1.0088495575221224,0.3-0.5
econometrics,google_gemma_7b_it,0.34210526315789475,0.2270610153702843,1.0088495575221246,0.3-0.5
econometrics,google_gemma_7b_it,0.34210526315789475,0.2270610153702843,1.0088495575221246,0.3-0.5
econometrics,google_gemma_7b_it,0.30701754385964913,0.21464058376028522,1.008849557522122,0.3-0.5
econometrics,google_gemma_7b_it,0.2982456140350877,0.21114733736997385,1.0088495575221252,0.1-0.3
econometrics,google_gemma_7b_it,0.2543859649122807,0.19135227449153847,1.0088495575221232,0.1-0.3
econometrics,google_gemma_7b_it,0.2982456140350877,0.21114733736997385,1.0088495575221252,0.1-0.3
econometrics,google_gemma_7b_it,0.32456140350877194,0.22116131035553505,1.0088495575221248,0.3-0.5
econometrics,google_gemma_7b_it,0.32456140350877194,0.22116131035553502,1.0088495575221246,0.3-0.5
econometrics,google_gemma_7b_it,0.34210526315789475,0.22706101537028428,1.0088495575221246,0.3-0.5
econometrics,google_gemma_7b_it,0.3333333333333333,0.22418879056047158,1.0088495575221221,0.3-0.5
econometrics,google_gemma_7b_it,0.34210526315789475,0.22706101537028436,1.008849557522125,0.3-0.5
econometrics,google_gemma_7b_it,0.3684210526315789,0.2347461574289703,1.0088495575221224,0.3-0.5
econometrics,google_gemma_7b_it,0.3684210526315789,0.2347461574289703,1.0088495575221224,0.3-0.5
econometrics,google_gemma_7b_it,0.34210526315789475,0.22706101537028434,1.0088495575221248,0.3-0.5
econometrics,google_gemma_7b_it,0.3157894736842105,0.21797857475547328,1.0088495575221264,0.3-0.5
econometrics,google_gemma_7b_it,0.3157894736842105,0.21797857475547328,1.0088495575221264,0.3-0.5
econometrics,google_gemma_7b_it,0.32456140350877194,0.22116131035553505,1.0088495575221248,0.3-0.5
econometrics,google_gemma_7b_it,0.32456140350877194,0.221161310355535,1.0088495575221244,0.3-0.5
econometrics,google_gemma_7b_it,0.3157894736842105,0.21797857475547333,1.0088495575221266,0.3-0.5
econometrics,google_gemma_7b_it,0.3684210526315789,0.23474615742897031,1.0088495575221226,0.3-0.5
econometrics,google_gemma_7b_it,0.3684210526315789,0.23474615742897031,1.0088495575221226,0.3-0.5
econometrics,google_gemma_7b_it,0.35964912280701755,0.23233969880453323,1.008849557522123,0.3-0.5
econometrics,google_gemma_7b_it,0.2982456140350877,0.21114733736997385,1.0088495575221252,0.1-0.3
econometrics,google_gemma_7b_it,0.3684210526315789,0.2347461574289703,1.0088495575221224,0.3-0.5
econometrics,google_gemma_7b_it,0.34210526315789475,0.2270610153702843,1.0088495575221246,0.3-0.5
econometrics,google_gemma_7b_it,0.35964912280701755,0.23233969880453323,1.008849557522123,0.3-0.5
econometrics,google_gemma_7b_it,0.3684210526315789,0.2347461574289703,1.0088495575221224,0.3-0.5
econometrics,google_gemma_7b_it,0.3684210526315789,0.2347461574289703,1.0088495575221224,0.3-0.5
econometrics,google_gemma_7b_it,0.30701754385964913,0.21464058376028516,1.0088495575221215,0.3-0.5
econometrics,google_gemma_7b_it,0.35964912280701755,0.23233969880453323,1.008849557522123,0.3-0.5
econometrics,google_gemma_7b_it,0.34210526315789475,0.22706101537028436,1.008849557522125,0.3-0.5
econometrics,google_gemma_7b_it,0.38596491228070173,0.2390933084924705,1.0088495575221257,0.3-0.5
econometrics,google_gemma_7b_it,0.34210526315789475,0.22706101537028436,1.008849557522125,0.3-0.5
econometrics,google_gemma_7b_it,0.34210526315789475,0.22706101537028428,1.0088495575221246,0.3-0.5
econometrics,google_gemma_7b_it,0.34210526315789475,0.22706101537028428,1.0088495575221246,0.3-0.5
econometrics,google_gemma_7b_it,0.30701754385964913,0.21464058376028522,1.008849557522122,0.3-0.5
econometrics,google_gemma_7b_it,0.38596491228070173,0.2390933084924705,1.0088495575221257,0.3-0.5
econometrics,google_gemma_7b_it,0.32456140350877194,0.221161310355535,1.0088495575221244,0.3-0.5
econometrics,google_gemma_7b_it,0.32456140350877194,0.221161310355535,1.0088495575221244,0.3-0.5
econometrics,google_gemma_7b_it,0.35964912280701755,0.23233969880453326,1.008849557522123,0.3-0.5
econometrics,google_gemma_7b_it,0.37719298245614036,0.23699736065828245,1.0088495575221221,0.3-0.5
econometrics,google_gemma_7b_it,0.34210526315789475,0.22706101537028434,1.0088495575221248,0.3-0.5
econometrics,google_gemma_7b_it,0.32456140350877194,0.22116131035553505,1.0088495575221248,0.3-0.5
econometrics,google_gemma_7b_it,0.35964912280701755,0.2323396988045333,1.0088495575221232,0.3-0.5
econometrics,google_gemma_7b_it,0.34210526315789475,0.2270610153702843,1.0088495575221246,0.3-0.5
econometrics,google_gemma_7b_it,0.3508771929824561,0.2297779847849711,1.0088495575221232,0.3-0.5
econometrics,google_gemma_7b_it,0.3157894736842105,0.21797857475547325,1.0088495575221261,0.3-0.5
econometrics,google_gemma_7b_it,0.34210526315789475,0.22706101537028434,1.0088495575221248,0.3-0.5
econometrics,google_gemma_7b_it,0.3333333333333333,0.2241887905604716,1.0088495575221221,0.3-0.5
econometrics,google_gemma_7b_it,0.3333333333333333,0.2241887905604716,1.0088495575221221,0.3-0.5
econometrics,google_gemma_7b_it,0.3157894736842105,0.21797857475547325,1.0088495575221261,0.3-0.5
econometrics,google_gemma_7b_it,0.2631578947368421,0.1956217978574754,1.0088495575221232,0.1-0.3
econometrics,google_gemma_7b_it,0.32456140350877194,0.221161310355535,1.0088495575221244,0.3-0.5
econometrics,google_gemma_7b_it,0.32456140350877194,0.221161310355535,1.0088495575221244,0.3-0.5
econometrics,google_gemma_7b_it,0.30701754385964913,0.2146405837602853,1.0088495575221221,0.3-0.5
econometrics,google_gemma_7b_it,0.38596491228070173,0.23909330849247049,1.0088495575221255,0.3-0.5
econometrics,google_gemma_7b_it,0.38596491228070173,0.2390933084924705,1.0088495575221257,0.3-0.5
econometrics,google_gemma_7b_it,0.38596491228070173,0.23909330849247049,1.0088495575221255,0.3-0.5
econometrics,google_gemma_7b_it,0.38596491228070173,0.23909330849247049,1.0088495575221255,0.3-0.5
econometrics,google_gemma_7b_it,0.40350877192982454,0.24281943797546954,1.0088495575221235,0.3-0.5
econometrics,google_gemma_7b_it,0.39473684210526316,0.24103400093153196,1.0088495575221221,0.3-0.5
econometrics,google_gemma_7b_it,0.38596491228070173,0.23909330849247049,1.0088495575221255,0.3-0.5
econometrics,google_gemma_7b_it,0.38596491228070173,0.2390933084924705,1.0088495575221257,0.3-0.5
econometrics,google_gemma_7b_it,0.3684210526315789,0.2347461574289703,1.0088495575221224,0.3-0.5
econometrics,google_gemma_7b_it,0.39473684210526316,0.24103400093153193,1.0088495575221221,0.3-0.5
econometrics,google_gemma_7b_it,0.3508771929824561,0.2297779847849711,1.0088495575221232,0.3-0.5
econometrics,google_gemma_7b_it,0.35964912280701755,0.23233969880453326,1.008849557522123,0.3-0.5
econometrics,google_gemma_7b_it,0.3333333333333333,0.2241887905604716,1.0088495575221221,0.3-0.5
econometrics,google_gemma_7b_it,0.35964912280701755,0.23233969880453323,1.008849557522123,0.3-0.5
econometrics,google_gemma_7b_it,0.39473684210526316,0.24103400093153196,1.0088495575221221,0.3-0.5
econometrics,google_gemma_7b_it,0.2894736842105263,0.20749883558453674,1.0088495575221248,0.1-0.3
econometrics,google_gemma_7b_it,0.34210526315789475,0.22706101537028434,1.0088495575221248,0.3-0.5
econometrics,google_gemma_7b_it,0.34210526315789475,0.2270610153702843,1.0088495575221246,0.3-0.5
econometrics,google_gemma_7b_it,0.37719298245614036,0.23699736065828247,1.0088495575221224,0.3-0.5
econometrics,google_gemma_7b_it,0.37719298245614036,0.2369973606582825,1.0088495575221224,0.3-0.5
econometrics,google_gemma_7b_it,0.37719298245614036,0.2369973606582825,1.0088495575221224,0.3-0.5
econometrics,meta_llama_llama_3_70b_instruct,0.6842105263157895,0.21797857475547333,1.0088495575221266,0.5-0.7
econometrics,meta_llama_llama_3_70b_instruct,0.7192982456140351,0.2036950784039742,1.0088495575221221,0.7-0.9
econometrics,meta_llama_llama_3_70b_instruct,0.7017543859649122,0.21114733736997374,1.0088495575221244,0.7-0.9
econometrics,meta_llama_llama_3_70b_instruct,0.6754385964912281,0.22116131035553493,1.0088495575221241,0.5-0.7
econometrics,meta_llama_llama_3_70b_instruct,0.7105263157894737,0.2074988355845368,1.008849557522125,0.7-0.9
econometrics,meta_llama_llama_3_70b_instruct,0.7192982456140351,0.2036950784039742,1.0088495575221221,0.7-0.9
econometrics,meta_llama_llama_3_70b_instruct,0.7192982456140351,0.2036950784039742,1.0088495575221221,0.7-0.9
econometrics,meta_llama_llama_3_70b_instruct,0.7192982456140351,0.2036950784039742,1.0088495575221221,0.7-0.9
econometrics,meta_llama_llama_3_70b_instruct,0.7280701754385965,0.1997360658282879,1.008849557522126,0.7-0.9
econometrics,meta_llama_llama_3_70b_instruct,0.7280701754385965,0.1997360658282879,1.008849557522126,0.7-0.9
econometrics,meta_llama_llama_3_70b_instruct,0.7017543859649122,0.2111473373699738,1.0088495575221246,0.7-0.9
econometrics,meta_llama_llama_3_70b_instruct,0.7192982456140351,0.20369507840397422,1.0088495575221224,0.7-0.9
econometrics,meta_llama_llama_3_70b_instruct,0.7280701754385965,0.1997360658282879,1.008849557522126,0.7-0.9
econometrics,meta_llama_llama_3_70b_instruct,0.7280701754385965,0.19973606582828787,1.0088495575221257,0.7-0.9
econometrics,meta_llama_llama_3_70b_instruct,0.7105263157894737,0.20749883558453677,1.0088495575221248,0.7-0.9
econometrics,meta_llama_llama_3_70b_instruct,0.7368421052631579,0.19562179785747585,1.0088495575221255,0.7-0.9
econometrics,meta_llama_llama_3_70b_instruct,0.7280701754385965,0.1997360658282879,1.008849557522126,0.7-0.9
econometrics,meta_llama_llama_3_70b_instruct,0.7192982456140351,0.20369507840397422,1.0088495575221224,0.7-0.9
econometrics,meta_llama_llama_3_70b_instruct,0.7192982456140351,0.20369507840397422,1.0088495575221224,0.7-0.9
econometrics,meta_llama_llama_3_70b_instruct,0.7192982456140351,0.20369507840397422,1.0088495575221224,0.7-0.9
econometrics,meta_llama_llama_3_70b_instruct,0.7017543859649122,0.21114733736997374,1.0088495575221244,0.7-0.9
econometrics,meta_llama_llama_3_70b_instruct,0.7105263157894737,0.20749883558453674,1.0088495575221248,0.7-0.9
econometrics,meta_llama_llama_3_70b_instruct,0.6929824561403509,0.2146405837602853,1.0088495575221221,0.5-0.7
econometrics,meta_llama_llama_3_70b_instruct,0.6754385964912281,0.2211613103555349,1.0088495575221241,0.5-0.7
econometrics,meta_llama_llama_3_70b_instruct,0.6929824561403509,0.21464058376028536,1.0088495575221224,0.5-0.7
econometrics,meta_llama_llama_3_70b_instruct,0.6754385964912281,0.22116131035553485,1.008849557522124,0.5-0.7
econometrics,meta_llama_llama_3_70b_instruct,0.7105263157894737,0.2074988355845368,1.008849557522125,0.7-0.9
econometrics,meta_llama_llama_3_70b_instruct,0.7368421052631579,0.1956217978574758,1.0088495575221252,0.7-0.9
econometrics,meta_llama_llama_3_70b_instruct,0.7280701754385965,0.19973606582828793,1.0088495575221261,0.7-0.9
econometrics,meta_llama_llama_3_70b_instruct,0.7368421052631579,0.19562179785747585,1.0088495575221255,0.7-0.9
econometrics,meta_llama_llama_3_70b_instruct,0.7105263157894737,0.2074988355845368,1.008849557522125,0.7-0.9
econometrics,meta_llama_llama_3_70b_instruct,0.7280701754385965,0.1997360658282879,1.008849557522126,0.7-0.9
econometrics,meta_llama_llama_3_70b_instruct,0.7280701754385965,0.1997360658282879,1.008849557522126,0.7-0.9
econometrics,meta_llama_llama_3_70b_instruct,0.7280701754385965,0.19973606582828793,1.0088495575221261,0.7-0.9
econometrics,meta_llama_llama_3_70b_instruct,0.7456140350877193,0.19135227449153855,1.0088495575221237,0.7-0.9
econometrics,meta_llama_llama_3_70b_instruct,0.7280701754385965,0.1997360658282879,1.008849557522126,0.7-0.9
econometrics,meta_llama_llama_3_70b_instruct,0.7456140350877193,0.19135227449153855,1.0088495575221237,0.7-0.9
econometrics,meta_llama_llama_3_70b_instruct,0.7192982456140351,0.2036950784039742,1.0088495575221221,0.7-0.9
econometrics,meta_llama_llama_3_70b_instruct,0.7368421052631579,0.19562179785747585,1.0088495575221255,0.7-0.9
econometrics,meta_llama_llama_3_70b_instruct,0.7105263157894737,0.2074988355845368,1.008849557522125,0.7-0.9
econometrics,meta_llama_llama_3_70b_instruct,0.7192982456140351,0.2036950784039742,1.0088495575221221,0.7-0.9
econometrics,meta_llama_llama_3_70b_instruct,0.7105263157894737,0.20749883558453677,1.0088495575221248,0.7-0.9
econometrics,meta_llama_llama_3_70b_instruct,0.7105263157894737,0.2074988355845368,1.008849557522125,0.7-0.9
econometrics,meta_llama_llama_3_70b_instruct,0.7192982456140351,0.20369507840397422,1.0088495575221224,0.7-0.9
econometrics,meta_llama_llama_3_70b_instruct,0.7105263157894737,0.2074988355845368,1.008849557522125,0.7-0.9
econometrics,meta_llama_llama_3_70b_instruct,0.7280701754385965,0.1997360658282879,1.008849557522126,0.7-0.9
econometrics,meta_llama_llama_3_70b_instruct,0.6842105263157895,0.2179785747554732,1.008849557522126,0.5-0.7
econometrics,meta_llama_llama_3_70b_instruct,0.7192982456140351,0.2036950784039742,1.0088495575221221,0.7-0.9
econometrics,meta_llama_llama_3_70b_instruct,0.7368421052631579,0.19562179785747585,1.0088495575221255,0.7-0.9
econometrics,meta_llama_llama_3_70b_instruct,0.7280701754385965,0.19973606582828793,1.0088495575221261,0.7-0.9
econometrics,meta_llama_llama_3_70b_instruct,0.7192982456140351,0.2036950784039742,1.0088495575221221,0.7-0.9
econometrics,meta_llama_llama_3_70b_instruct,0.7192982456140351,0.2036950784039742,1.0088495575221221,0.7-0.9
econometrics,meta_llama_llama_3_70b_instruct,0.7280701754385965,0.19973606582828793,1.0088495575221261,0.7-0.9
econometrics,meta_llama_llama_3_70b_instruct,0.7368421052631579,0.19562179785747585,1.0088495575221255,0.7-0.9
econometrics,meta_llama_llama_3_70b_instruct,0.7280701754385965,0.19973606582828793,1.0088495575221261,0.7-0.9
econometrics,meta_llama_llama_3_70b_instruct,0.7105263157894737,0.2074988355845368,1.008849557522125,0.7-0.9
econometrics,meta_llama_llama_3_70b_instruct,0.7017543859649122,0.21114733736997374,1.0088495575221244,0.7-0.9
econometrics,meta_llama_llama_3_70b_instruct,0.7105263157894737,0.2074988355845368,1.008849557522125,0.7-0.9
econometrics,meta_llama_llama_3_70b_instruct,0.7192982456140351,0.2036950784039742,1.0088495575221221,0.7-0.9
econometrics,meta_llama_llama_3_70b_instruct,0.7105263157894737,0.2074988355845368,1.008849557522125,0.7-0.9
econometrics,meta_llama_llama_3_70b_instruct,0.7280701754385965,0.19973606582828793,1.0088495575221261,0.7-0.9
econometrics,meta_llama_llama_3_70b_instruct,0.7280701754385965,0.19973606582828793,1.0088495575221261,0.7-0.9
econometrics,meta_llama_llama_3_70b_instruct,0.7280701754385965,0.19973606582828793,1.0088495575221261,0.7-0.9
econometrics,meta_llama_llama_3_70b_instruct,0.6929824561403509,0.2146405837602853,1.0088495575221221,0.5-0.7
econometrics,meta_llama_llama_3_70b_instruct,0.7017543859649122,0.21114733736997365,1.008849557522124,0.7-0.9
econometrics,meta_llama_llama_3_70b_instruct,0.7192982456140351,0.20369507840397422,1.0088495575221224,0.7-0.9
econometrics,meta_llama_llama_3_70b_instruct,0.7368421052631579,0.19562179785747585,1.0088495575221255,0.7-0.9
econometrics,meta_llama_llama_3_70b_instruct,0.7192982456140351,0.20369507840397422,1.0088495575221224,0.7-0.9
econometrics,meta_llama_llama_3_70b_instruct,0.7280701754385965,0.19973606582828787,1.0088495575221257,0.7-0.9
econometrics,meta_llama_llama_3_70b_instruct,0.7280701754385965,0.19973606582828793,1.0088495575221261,0.7-0.9
econometrics,meta_llama_llama_3_70b_instruct,0.7368421052631579,0.19562179785747585,1.0088495575221255,0.7-0.9
econometrics,meta_llama_llama_3_70b_instruct,0.7368421052631579,0.19562179785747585,1.0088495575221255,0.7-0.9
econometrics,meta_llama_llama_3_70b_instruct,0.6929824561403509,0.2146405837602853,1.0088495575221221,0.5-0.7
econometrics,meta_llama_llama_3_70b_instruct,0.7192982456140351,0.2036950784039742,1.0088495575221221,0.7-0.9
econometrics,meta_llama_llama_3_70b_instruct,0.7105263157894737,0.2074988355845368,1.008849557522125,0.7-0.9
econometrics,meta_llama_llama_3_70b_instruct,0.7280701754385965,0.19973606582828793,1.0088495575221261,0.7-0.9
econometrics,meta_llama_llama_3_70b_instruct,0.7017543859649122,0.21114733736997393,1.0088495575221252,0.7-0.9
econometrics,meta_llama_llama_3_70b_instruct,0.6929824561403509,0.21464058376028522,1.008849557522122,0.5-0.7
econometrics,meta_llama_llama_3_70b_instruct,0.6929824561403509,0.21464058376028522,1.008849557522122,0.5-0.7
econometrics,meta_llama_llama_3_70b_instruct,0.7368421052631579,0.19562179785747585,1.0088495575221255,0.7-0.9
econometrics,meta_llama_llama_3_70b_instruct,0.7017543859649122,0.21114733736997385,1.008849557522125,0.7-0.9
econometrics,meta_llama_llama_3_70b_instruct,0.7105263157894737,0.20749883558453683,1.0088495575221252,0.7-0.9
econometrics,meta_llama_llama_3_70b_instruct,0.7105263157894737,0.2074988355845368,1.008849557522125,0.7-0.9
econometrics,meta_llama_llama_3_70b_instruct,0.7192982456140351,0.2036950784039742,1.0088495575221221,0.7-0.9
econometrics,meta_llama_llama_3_70b_instruct,0.7280701754385965,0.1997360658282879,1.008849557522126,0.7-0.9
econometrics,meta_llama_llama_3_70b_instruct,0.6929824561403509,0.21464058376028533,1.0088495575221224,0.5-0.7
econometrics,meta_llama_llama_3_70b_instruct,0.7280701754385965,0.1997360658282879,1.008849557522126,0.7-0.9
econometrics,meta_llama_llama_3_70b_instruct,0.7192982456140351,0.2036950784039742,1.0088495575221221,0.7-0.9
econometrics,meta_llama_llama_3_70b_instruct,0.7017543859649122,0.2111473373699738,1.0088495575221246,0.7-0.9
econometrics,meta_llama_llama_3_70b_instruct,0.7017543859649122,0.21114733736997374,1.0088495575221244,0.7-0.9
econometrics,meta_llama_llama_3_70b_instruct,0.6929824561403509,0.2146405837602853,1.0088495575221221,0.5-0.7
econometrics,meta_llama_llama_3_70b_instruct,0.7280701754385965,0.1997360658282879,1.008849557522126,0.7-0.9
econometrics,meta_llama_llama_3_70b_instruct,0.7192982456140351,0.2036950784039742,1.0088495575221221,0.7-0.9
econometrics,meta_llama_llama_3_70b_instruct,0.7280701754385965,0.19973606582828793,1.0088495575221261,0.7-0.9
econometrics,meta_llama_llama_3_70b_instruct,0.7192982456140351,0.2036950784039742,1.0088495575221221,0.7-0.9
econometrics,meta_llama_llama_3_70b_instruct,0.7192982456140351,0.2036950784039742,1.0088495575221221,0.7-0.9
econometrics,meta_llama_llama_3_70b_instruct,0.7280701754385965,0.19973606582828793,1.0088495575221261,0.7-0.9
econometrics,meta_llama_llama_3_70b_instruct,0.7280701754385965,0.19973606582828793,1.0088495575221261,0.7-0.9
econometrics,meta_llama_llama_3_70b_instruct,0.7105263157894737,0.2074988355845368,1.008849557522125,0.7-0.9
econometrics,meta_llama_llama_3_70b_instruct,0.7192982456140351,0.2036950784039742,1.0088495575221221,0.7-0.9
econometrics,meta_llama_llama_3_8b_instruct,0.543859649122807,0.25027169694146884,1.0088495575221244,0.5-0.7
econometrics,meta_llama_llama_3_8b_instruct,0.5526315789473685,0.24941779226828076,1.0088495575221217,0.5-0.7
econometrics,meta_llama_llama_3_8b_instruct,0.5526315789473685,0.24941779226828076,1.0088495575221217,0.5-0.7
econometrics,meta_llama_llama_3_8b_instruct,0.543859649122807,0.25027169694146884,1.0088495575221244,0.5-0.7
econometrics,meta_llama_llama_3_8b_instruct,0.4824561403508772,0.2519018785902805,1.0088495575221217,0.3-0.5
econometrics,meta_llama_llama_3_8b_instruct,0.543859649122807,0.25027169694146884,1.0088495575221244,0.5-0.7
econometrics,meta_llama_llama_3_8b_instruct,0.5350877192982456,0.25097034621953157,1.0088495575221257,0.5-0.7
econometrics,meta_llama_llama_3_8b_instruct,0.5350877192982456,0.2509703462195315,1.0088495575221255,0.5-0.7
econometrics,meta_llama_llama_3_8b_instruct,0.5263157894736842,0.25151374010246824,1.0088495575221226,0.5-0.7
econometrics,meta_llama_llama_3_8b_instruct,0.5789473684210527,0.2459245458779686,1.0088495575221212,0.5-0.7
econometrics,meta_llama_llama_3_8b_instruct,0.5877192982456141,0.24444961962428224,1.0088495575221252,0.5-0.7
econometrics,meta_llama_llama_3_8b_instruct,0.5964912280701754,0.24281943797546987,1.0088495575221248,0.5-0.7
econometrics,meta_llama_llama_3_8b_instruct,0.5789473684210527,0.24592454587796864,1.0088495575221212,0.5-0.7
econometrics,meta_llama_llama_3_8b_instruct,0.5877192982456141,0.24444961962428222,1.008849557522125,0.5-0.7
econometrics,meta_llama_llama_3_8b_instruct,0.5789473684210527,0.24592454587796864,1.0088495575221212,0.5-0.7
econometrics,meta_llama_llama_3_8b_instruct,0.5789473684210527,0.24592454587796864,1.0088495575221212,0.5-0.7
econometrics,meta_llama_llama_3_8b_instruct,0.6052631578947368,0.24103400093153193,1.0088495575221221,0.5-0.7
econometrics,meta_llama_llama_3_8b_instruct,0.6052631578947368,0.24103400093153193,1.0088495575221221,0.5-0.7
econometrics,meta_llama_llama_3_8b_instruct,0.5789473684210527,0.24592454587796864,1.0088495575221212,0.5-0.7
econometrics,meta_llama_llama_3_8b_instruct,0.5263157894736842,0.25151374010246824,1.0088495575221226,0.5-0.7
econometrics,meta_llama_llama_3_8b_instruct,0.5263157894736842,0.25151374010246824,1.0088495575221226,0.5-0.7
econometrics,meta_llama_llama_3_8b_instruct,0.5,0.252212389380531,1.008849557522124,0.3-0.5
econometrics,meta_llama_llama_3_8b_instruct,0.5614035087719298,0.24840863219996934,1.0088495575221255,0.5-0.7
econometrics,meta_llama_llama_3_8b_instruct,0.5526315789473685,0.24941779226828076,1.0088495575221217,0.5-0.7
econometrics,meta_llama_llama_3_8b_instruct,0.543859649122807,0.25027169694146884,1.0088495575221244,0.5-0.7
econometrics,meta_llama_llama_3_8b_instruct,0.5526315789473685,0.24941779226828076,1.0088495575221217,0.5-0.7
econometrics,meta_llama_llama_3_8b_instruct,0.5789473684210527,0.24592454587796864,1.0088495575221212,0.5-0.7
econometrics,meta_llama_llama_3_8b_instruct,0.5175438596491229,0.25190187859028046,1.0088495575221217,0.5-0.7
econometrics,meta_llama_llama_3_8b_instruct,0.5614035087719298,0.24840863219996934,1.0088495575221255,0.5-0.7
econometrics,meta_llama_llama_3_8b_instruct,0.5175438596491229,0.2519018785902805,1.008849557522122,0.5-0.7
econometrics,meta_llama_llama_3_8b_instruct,0.5526315789473685,0.24941779226828076,1.0088495575221217,0.5-0.7
econometrics,meta_llama_llama_3_8b_instruct,0.543859649122807,0.25027169694146884,1.0088495575221244,0.5-0.7
econometrics,meta_llama_llama_3_8b_instruct,0.5789473684210527,0.2459245458779686,1.0088495575221212,0.5-0.7
econometrics,meta_llama_llama_3_8b_instruct,0.5701754385964912,0.2472442167365317,1.0088495575221244,0.5-0.7
econometrics,meta_llama_llama_3_8b_instruct,0.543859649122807,0.25027169694146884,1.0088495575221244,0.5-0.7
econometrics,meta_llama_llama_3_8b_instruct,0.5701754385964912,0.24724421673653174,1.0088495575221246,0.5-0.7
econometrics,meta_llama_llama_3_8b_instruct,0.5350877192982456,0.25097034621953157,1.0088495575221257,0.5-0.7
econometrics,meta_llama_llama_3_8b_instruct,0.5614035087719298,0.2484086321999693,1.0088495575221252,0.5-0.7
econometrics,meta_llama_llama_3_8b_instruct,0.5789473684210527,0.24592454587796866,1.0088495575221215,0.5-0.7
econometrics,meta_llama_llama_3_8b_instruct,0.5526315789473685,0.24941779226828076,1.0088495575221217,0.5-0.7
econometrics,meta_llama_llama_3_8b_instruct,0.5789473684210527,0.24592454587796864,1.0088495575221212,0.5-0.7
econometrics,meta_llama_llama_3_8b_instruct,0.5526315789473685,0.24941779226828073,1.0088495575221215,0.5-0.7
econometrics,meta_llama_llama_3_8b_instruct,0.5701754385964912,0.24724421673653169,1.0088495575221244,0.5-0.7
econometrics,meta_llama_llama_3_8b_instruct,0.5964912280701754,0.24281943797546987,1.0088495575221248,0.5-0.7
econometrics,meta_llama_llama_3_8b_instruct,0.5350877192982456,0.2509703462195315,1.0088495575221255,0.5-0.7
econometrics,meta_llama_llama_3_8b_instruct,0.543859649122807,0.25027169694146884,1.0088495575221244,0.5-0.7
econometrics,meta_llama_llama_3_8b_instruct,0.5614035087719298,0.24840863219996934,1.0088495575221255,0.5-0.7
econometrics,meta_llama_llama_3_8b_instruct,0.5614035087719298,0.24840863219996934,1.0088495575221255,0.5-0.7
econometrics,meta_llama_llama_3_8b_instruct,0.5614035087719298,0.24840863219996934,1.0088495575221255,0.5-0.7
econometrics,meta_llama_llama_3_8b_instruct,0.5350877192982456,0.25097034621953157,1.0088495575221257,0.5-0.7
econometrics,meta_llama_llama_3_8b_instruct,0.5614035087719298,0.24840863219996934,1.0088495575221255,0.5-0.7
econometrics,meta_llama_llama_3_8b_instruct,0.5614035087719298,0.2484086321999693,1.0088495575221252,0.5-0.7
econometrics,meta_llama_llama_3_8b_instruct,0.5789473684210527,0.2459245458779686,1.0088495575221212,0.5-0.7
econometrics,meta_llama_llama_3_8b_instruct,0.5701754385964912,0.2472442167365317,1.0088495575221244,0.5-0.7
econometrics,meta_llama_llama_3_8b_instruct,0.5526315789473685,0.24941779226828073,1.0088495575221215,0.5-0.7
econometrics,meta_llama_llama_3_8b_instruct,0.5614035087719298,0.2484086321999693,1.0088495575221252,0.5-0.7
econometrics,meta_llama_llama_3_8b_instruct,0.5614035087719298,0.2484086321999693,1.0088495575221252,0.5-0.7
econometrics,meta_llama_llama_3_8b_instruct,0.5526315789473685,0.24941779226828076,1.0088495575221217,0.5-0.7
econometrics,meta_llama_llama_3_8b_instruct,0.5614035087719298,0.24840863219996934,1.0088495575221255,0.5-0.7
econometrics,meta_llama_llama_3_8b_instruct,0.5701754385964912,0.24724421673653169,1.0088495575221244,0.5-0.7
econometrics,meta_llama_llama_3_8b_instruct,0.5614035087719298,0.2484086321999693,1.0088495575221252,0.5-0.7
econometrics,meta_llama_llama_3_8b_instruct,0.5350877192982456,0.25097034621953157,1.0088495575221257,0.5-0.7
econometrics,meta_llama_llama_3_8b_instruct,0.5701754385964912,0.24724421673653169,1.0088495575221244,0.5-0.7
econometrics,meta_llama_llama_3_8b_instruct,0.5789473684210527,0.2459245458779686,1.0088495575221212,0.5-0.7
econometrics,meta_llama_llama_3_8b_instruct,0.5789473684210527,0.2459245458779686,1.0088495575221212,0.5-0.7
econometrics,meta_llama_llama_3_8b_instruct,0.5526315789473685,0.2494177922682808,1.008849557522122,0.5-0.7
econometrics,meta_llama_llama_3_8b_instruct,0.5701754385964912,0.24724421673653163,1.0088495575221241,0.5-0.7
econometrics,meta_llama_llama_3_8b_instruct,0.5789473684210527,0.24592454587796864,1.0088495575221212,0.5-0.7
econometrics,meta_llama_llama_3_8b_instruct,0.5614035087719298,0.2484086321999693,1.0088495575221252,0.5-0.7
econometrics,meta_llama_llama_3_8b_instruct,0.543859649122807,0.25027169694146884,1.0088495575221244,0.5-0.7
econometrics,meta_llama_llama_3_8b_instruct,0.543859649122807,0.25027169694146884,1.0088495575221244,0.5-0.7
econometrics,meta_llama_llama_3_8b_instruct,0.5350877192982456,0.25097034621953157,1.0088495575221257,0.5-0.7
econometrics,meta_llama_llama_3_8b_instruct,0.5701754385964912,0.24724421673653169,1.0088495575221244,0.5-0.7
econometrics,meta_llama_llama_3_8b_instruct,0.5526315789473685,0.24941779226828076,1.0088495575221217,0.5-0.7
econometrics,meta_llama_llama_3_8b_instruct,0.5614035087719298,0.24840863219996934,1.0088495575221255,0.5-0.7
econometrics,meta_llama_llama_3_8b_instruct,0.5087719298245614,0.25213476168296906,1.0088495575221261,0.5-0.7
econometrics,meta_llama_llama_3_8b_instruct,0.5175438596491229,0.2519018785902805,1.008849557522122,0.5-0.7
econometrics,meta_llama_llama_3_8b_instruct,0.47368421052631576,0.2515137401024683,1.0088495575221228,0.3-0.5
econometrics,meta_llama_llama_3_8b_instruct,0.45614035087719296,0.2502716969414688,1.0088495575221241,0.3-0.5
econometrics,meta_llama_llama_3_8b_instruct,0.5087719298245614,0.25213476168296906,1.0088495575221261,0.5-0.7
econometrics,meta_llama_llama_3_8b_instruct,0.5,0.252212389380531,1.008849557522124,0.3-0.5
econometrics,meta_llama_llama_3_8b_instruct,0.5,0.252212389380531,1.008849557522124,0.3-0.5
econometrics,meta_llama_llama_3_8b_instruct,0.5789473684210527,0.24592454587796866,1.0088495575221215,0.5-0.7
econometrics,meta_llama_llama_3_8b_instruct,0.5877192982456141,0.24444961962428224,1.0088495575221252,0.5-0.7
econometrics,meta_llama_llama_3_8b_instruct,0.5877192982456141,0.24444961962428222,1.008849557522125,0.5-0.7
econometrics,meta_llama_llama_3_8b_instruct,0.5614035087719298,0.24840863219996934,1.0088495575221255,0.5-0.7
econometrics,meta_llama_llama_3_8b_instruct,0.5877192982456141,0.24444961962428222,1.008849557522125,0.5-0.7
econometrics,meta_llama_llama_3_8b_instruct,0.5701754385964912,0.24724421673653169,1.0088495575221244,0.5-0.7
econometrics,meta_llama_llama_3_8b_instruct,0.5701754385964912,0.24724421673653169,1.0088495575221244,0.5-0.7
econometrics,meta_llama_llama_3_8b_instruct,0.5350877192982456,0.25097034621953157,1.0088495575221257,0.5-0.7
econometrics,meta_llama_llama_3_8b_instruct,0.5789473684210527,0.24592454587796864,1.0088495575221212,0.5-0.7
econometrics,meta_llama_llama_3_8b_instruct,0.5526315789473685,0.24941779226828073,1.0088495575221215,0.5-0.7
econometrics,meta_llama_llama_3_8b_instruct,0.5614035087719298,0.24840863219996934,1.0088495575221255,0.5-0.7
econometrics,meta_llama_llama_3_8b_instruct,0.543859649122807,0.25027169694146884,1.0088495575221244,0.5-0.7
econometrics,meta_llama_llama_3_8b_instruct,0.543859649122807,0.25027169694146884,1.0088495575221244,0.5-0.7
econometrics,meta_llama_llama_3_8b_instruct,0.5,0.252212389380531,1.008849557522124,0.3-0.5
econometrics,meta_llama_llama_3_8b_instruct,0.5526315789473685,0.2494177922682808,1.008849557522122,0.5-0.7
econometrics,meta_llama_llama_3_8b_instruct,0.5701754385964912,0.2472442167365317,1.0088495575221244,0.5-0.7
econometrics,meta_llama_llama_3_8b_instruct,0.5526315789473685,0.24941779226828076,1.0088495575221217,0.5-0.7
econometrics,meta_llama_llama_3_8b_instruct,0.5175438596491229,0.25190187859028046,1.0088495575221217,0.5-0.7
econometrics,mistralai_mistral_7b_instruct_v0_2,0.4824561403508772,0.2519018785902805,1.0088495575221217,0.3-0.5
econometrics,mistralai_mistral_7b_instruct_v0_2,0.47368421052631576,0.2515137401024683,1.0088495575221228,0.3-0.5
econometrics,mistralai_mistral_7b_instruct_v0_2,0.43859649122807015,0.2484086321999693,1.0088495575221255,0.3-0.5
econometrics,mistralai_mistral_7b_instruct_v0_2,0.4824561403508772,0.2519018785902805,1.0088495575221217,0.3-0.5
econometrics,mistralai_mistral_7b_instruct_v0_2,0.49122807017543857,0.2521347616829691,1.0088495575221264,0.3-0.5
econometrics,mistralai_mistral_7b_instruct_v0_2,0.4649122807017544,0.2509703462195315,1.0088495575221255,0.3-0.5
econometrics,mistralai_mistral_7b_instruct_v0_2,0.45614035087719296,0.2502716969414688,1.0088495575221241,0.3-0.5
econometrics,mistralai_mistral_7b_instruct_v0_2,0.43859649122807015,0.2484086321999693,1.0088495575221255,0.3-0.5
econometrics,mistralai_mistral_7b_instruct_v0_2,0.4473684210526316,0.24941779226828076,1.0088495575221217,0.3-0.5
econometrics,mistralai_mistral_7b_instruct_v0_2,0.4649122807017544,0.2509703462195315,1.0088495575221255,0.3-0.5
econometrics,mistralai_mistral_7b_instruct_v0_2,0.4649122807017544,0.25097034621953146,1.0088495575221252,0.3-0.5
econometrics,mistralai_mistral_7b_instruct_v0_2,0.47368421052631576,0.25151374010246835,1.008849557522123,0.3-0.5
econometrics,mistralai_mistral_7b_instruct_v0_2,0.4473684210526316,0.2494177922682808,1.008849557522122,0.3-0.5
econometrics,mistralai_mistral_7b_instruct_v0_2,0.4649122807017544,0.2509703462195315,1.0088495575221255,0.3-0.5
econometrics,mistralai_mistral_7b_instruct_v0_2,0.45614035087719296,0.2502716969414688,1.0088495575221241,0.3-0.5
econometrics,mistralai_mistral_7b_instruct_v0_2,0.43859649122807015,0.2484086321999693,1.0088495575221255,0.3-0.5
econometrics,mistralai_mistral_7b_instruct_v0_2,0.4473684210526316,0.2494177922682808,1.008849557522122,0.3-0.5
econometrics,mistralai_mistral_7b_instruct_v0_2,0.4473684210526316,0.24941779226828076,1.0088495575221217,0.3-0.5
econometrics,mistralai_mistral_7b_instruct_v0_2,0.4298245614035088,0.2472442167365316,1.008849557522124,0.3-0.5
econometrics,mistralai_mistral_7b_instruct_v0_2,0.45614035087719296,0.2502716969414688,1.0088495575221241,0.3-0.5
econometrics,mistralai_mistral_7b_instruct_v0_2,0.5,0.252212389380531,1.008849557522124,0.3-0.5
econometrics,mistralai_mistral_7b_instruct_v0_2,0.45614035087719296,0.2502716969414688,1.0088495575221241,0.3-0.5
econometrics,mistralai_mistral_7b_instruct_v0_2,0.43859649122807015,0.2484086321999693,1.0088495575221255,0.3-0.5
econometrics,mistralai_mistral_7b_instruct_v0_2,0.4298245614035088,0.24724421673653157,1.008849557522124,0.3-0.5
econometrics,mistralai_mistral_7b_instruct_v0_2,0.41228070175438597,0.24444961962428216,1.0088495575221248,0.3-0.5
econometrics,mistralai_mistral_7b_instruct_v0_2,0.42105263157894735,0.2459245458779686,1.0088495575221212,0.3-0.5
econometrics,mistralai_mistral_7b_instruct_v0_2,0.40350877192982454,0.24281943797546957,1.0088495575221235,0.3-0.5
econometrics,mistralai_mistral_7b_instruct_v0_2,0.42105263157894735,0.24592454587796864,1.0088495575221212,0.3-0.5
econometrics,mistralai_mistral_7b_instruct_v0_2,0.45614035087719296,0.2502716969414688,1.0088495575221241,0.3-0.5
econometrics,mistralai_mistral_7b_instruct_v0_2,0.4298245614035088,0.24724421673653163,1.0088495575221241,0.3-0.5
econometrics,mistralai_mistral_7b_instruct_v0_2,0.40350877192982454,0.24281943797546957,1.0088495575221235,0.3-0.5
econometrics,mistralai_mistral_7b_instruct_v0_2,0.41228070175438597,0.24444961962428216,1.0088495575221248,0.3-0.5
econometrics,mistralai_mistral_7b_instruct_v0_2,0.45614035087719296,0.2502716969414688,1.0088495575221241,0.3-0.5
econometrics,mistralai_mistral_7b_instruct_v0_2,0.45614035087719296,0.2502716969414688,1.0088495575221241,0.3-0.5
econometrics,mistralai_mistral_7b_instruct_v0_2,0.43859649122807015,0.2484086321999693,1.0088495575221255,0.3-0.5
econometrics,mistralai_mistral_7b_instruct_v0_2,0.4473684210526316,0.24941779226828076,1.0088495575221217,0.3-0.5
econometrics,mistralai_mistral_7b_instruct_v0_2,0.42105263157894735,0.24592454587796864,1.0088495575221212,0.3-0.5
econometrics,mistralai_mistral_7b_instruct_v0_2,0.4473684210526316,0.2494177922682808,1.008849557522122,0.3-0.5
econometrics,mistralai_mistral_7b_instruct_v0_2,0.41228070175438597,0.24444961962428222,1.008849557522125,0.3-0.5
econometrics,mistralai_mistral_7b_instruct_v0_2,0.43859649122807015,0.2484086321999693,1.0088495575221255,0.3-0.5
econometrics,mistralai_mistral_7b_instruct_v0_2,0.39473684210526316,0.24103400093153193,1.0088495575221221,0.3-0.5
econometrics,mistralai_mistral_7b_instruct_v0_2,0.45614035087719296,0.2502716969414688,1.0088495575221241,0.3-0.5
econometrics,mistralai_mistral_7b_instruct_v0_2,0.4473684210526316,0.24941779226828076,1.0088495575221217,0.3-0.5
econometrics,mistralai_mistral_7b_instruct_v0_2,0.4298245614035088,0.24724421673653163,1.0088495575221241,0.3-0.5
econometrics,mistralai_mistral_7b_instruct_v0_2,0.4473684210526316,0.24941779226828076,1.0088495575221217,0.3-0.5
econometrics,mistralai_mistral_7b_instruct_v0_2,0.4298245614035088,0.24724421673653169,1.0088495575221244,0.3-0.5
econometrics,mistralai_mistral_7b_instruct_v0_2,0.43859649122807015,0.2484086321999693,1.0088495575221255,0.3-0.5
econometrics,mistralai_mistral_7b_instruct_v0_2,0.4824561403508772,0.2519018785902805,1.0088495575221217,0.3-0.5
econometrics,mistralai_mistral_7b_instruct_v0_2,0.45614035087719296,0.2502716969414688,1.0088495575221241,0.3-0.5
econometrics,mistralai_mistral_7b_instruct_v0_2,0.45614035087719296,0.2502716969414688,1.0088495575221241,0.3-0.5
econometrics,mistralai_mistral_7b_instruct_v0_2,0.43859649122807015,0.2484086321999693,1.0088495575221255,0.3-0.5
econometrics,mistralai_mistral_7b_instruct_v0_2,0.42105263157894735,0.24592454587796866,1.0088495575221215,0.3-0.5
econometrics,mistralai_mistral_7b_instruct_v0_2,0.42105263157894735,0.24592454587796864,1.0088495575221212,0.3-0.5
econometrics,mistralai_mistral_7b_instruct_v0_2,0.4649122807017544,0.25097034621953146,1.0088495575221252,0.3-0.5
econometrics,mistralai_mistral_7b_instruct_v0_2,0.4473684210526316,0.24941779226828073,1.0088495575221217,0.3-0.5
econometrics,mistralai_mistral_7b_instruct_v0_2,0.43859649122807015,0.2484086321999693,1.0088495575221255,0.3-0.5
econometrics,mistralai_mistral_7b_instruct_v0_2,0.45614035087719296,0.2502716969414688,1.0088495575221241,0.3-0.5
econometrics,mistralai_mistral_7b_instruct_v0_2,0.43859649122807015,0.2484086321999693,1.0088495575221255,0.3-0.5
econometrics,mistralai_mistral_7b_instruct_v0_2,0.45614035087719296,0.2502716969414688,1.0088495575221241,0.3-0.5
econometrics,mistralai_mistral_7b_instruct_v0_2,0.45614035087719296,0.2502716969414688,1.0088495575221241,0.3-0.5
econometrics,mistralai_mistral_7b_instruct_v0_2,0.47368421052631576,0.2515137401024683,1.0088495575221228,0.3-0.5
econometrics,mistralai_mistral_7b_instruct_v0_2,0.45614035087719296,0.2502716969414688,1.0088495575221241,0.3-0.5
econometrics,mistralai_mistral_7b_instruct_v0_2,0.47368421052631576,0.2515137401024683,1.0088495575221228,0.3-0.5
econometrics,mistralai_mistral_7b_instruct_v0_2,0.4473684210526316,0.24941779226828076,1.0088495575221217,0.3-0.5
econometrics,mistralai_mistral_7b_instruct_v0_2,0.4298245614035088,0.24724421673653163,1.0088495575221241,0.3-0.5
econometrics,mistralai_mistral_7b_instruct_v0_2,0.4473684210526316,0.24941779226828076,1.0088495575221217,0.3-0.5
econometrics,mistralai_mistral_7b_instruct_v0_2,0.4649122807017544,0.25097034621953146,1.0088495575221252,0.3-0.5
econometrics,mistralai_mistral_7b_instruct_v0_2,0.42105263157894735,0.24592454587796864,1.0088495575221212,0.3-0.5
econometrics,mistralai_mistral_7b_instruct_v0_2,0.4473684210526316,0.24941779226828076,1.0088495575221217,0.3-0.5
econometrics,mistralai_mistral_7b_instruct_v0_2,0.4298245614035088,0.2472442167365316,1.008849557522124,0.3-0.5
econometrics,mistralai_mistral_7b_instruct_v0_2,0.4298245614035088,0.24724421673653169,1.0088495575221244,0.3-0.5
econometrics,mistralai_mistral_7b_instruct_v0_2,0.41228070175438597,0.24444961962428216,1.0088495575221248,0.3-0.5
econometrics,mistralai_mistral_7b_instruct_v0_2,0.43859649122807015,0.2484086321999693,1.0088495575221255,0.3-0.5
econometrics,mistralai_mistral_7b_instruct_v0_2,0.4473684210526316,0.24941779226828076,1.0088495575221217,0.3-0.5
econometrics,mistralai_mistral_7b_instruct_v0_2,0.41228070175438597,0.24444961962428216,1.0088495575221248,0.3-0.5
econometrics,mistralai_mistral_7b_instruct_v0_2,0.45614035087719296,0.2502716969414688,1.0088495575221241,0.3-0.5
econometrics,mistralai_mistral_7b_instruct_v0_2,0.41228070175438597,0.2444496196242822,1.0088495575221248,0.3-0.5
econometrics,mistralai_mistral_7b_instruct_v0_2,0.4298245614035088,0.2472442167365316,1.008849557522124,0.3-0.5
econometrics,mistralai_mistral_7b_instruct_v0_2,0.43859649122807015,0.2484086321999693,1.0088495575221255,0.3-0.5
econometrics,mistralai_mistral_7b_instruct_v0_2,0.47368421052631576,0.25151374010246835,1.008849557522123,0.3-0.5
econometrics,mistralai_mistral_7b_instruct_v0_2,0.4298245614035088,0.24724421673653169,1.0088495575221244,0.3-0.5
econometrics,mistralai_mistral_7b_instruct_v0_2,0.41228070175438597,0.24444961962428216,1.0088495575221248,0.3-0.5
econometrics,mistralai_mistral_7b_instruct_v0_2,0.4649122807017544,0.2509703462195315,1.0088495575221255,0.3-0.5
econometrics,mistralai_mistral_7b_instruct_v0_2,0.4824561403508772,0.2519018785902805,1.0088495575221217,0.3-0.5
econometrics,mistralai_mistral_7b_instruct_v0_2,0.4473684210526316,0.24941779226828076,1.0088495575221217,0.3-0.5
econometrics,mistralai_mistral_7b_instruct_v0_2,0.4824561403508772,0.2519018785902805,1.0088495575221217,0.3-0.5
econometrics,mistralai_mistral_7b_instruct_v0_2,0.4473684210526316,0.24941779226828076,1.0088495575221217,0.3-0.5
econometrics,mistralai_mistral_7b_instruct_v0_2,0.4649122807017544,0.2509703462195315,1.0088495575221255,0.3-0.5
econometrics,mistralai_mistral_7b_instruct_v0_2,0.43859649122807015,0.2484086321999693,1.0088495575221255,0.3-0.5
econometrics,mistralai_mistral_7b_instruct_v0_2,0.5,0.252212389380531,1.008849557522124,0.3-0.5
econometrics,mistralai_mistral_7b_instruct_v0_2,0.47368421052631576,0.2515137401024683,1.0088495575221228,0.3-0.5
econometrics,mistralai_mistral_7b_instruct_v0_2,0.45614035087719296,0.2502716969414688,1.0088495575221241,0.3-0.5
econometrics,mistralai_mistral_7b_instruct_v0_2,0.45614035087719296,0.2502716969414688,1.0088495575221241,0.3-0.5
econometrics,mistralai_mistral_7b_instruct_v0_2,0.43859649122807015,0.2484086321999693,1.0088495575221255,0.3-0.5
econometrics,mistralai_mistral_7b_instruct_v0_2,0.4473684210526316,0.24941779226828073,1.0088495575221217,0.3-0.5
econometrics,mistralai_mistral_7b_instruct_v0_2,0.45614035087719296,0.2502716969414688,1.0088495575221241,0.3-0.5
econometrics,mistralai_mistral_7b_instruct_v0_2,0.45614035087719296,0.2502716969414688,1.0088495575221241,0.3-0.5
econometrics,mistralai_mistral_7b_instruct_v0_2,0.4649122807017544,0.2509703462195315,1.0088495575221255,0.3-0.5
econometrics,mistralai_mistral_7b_instruct_v0_2,0.42105263157894735,0.2459245458779687,1.0088495575221215,0.3-0.5
econometrics,mistralai_mistral_7b_instruct_v0_2,0.4473684210526316,0.24941779226828076,1.0088495575221217,0.3-0.5
econometrics,tiiuae_falcon_40b,0.34210526315789475,0.22706101537028417,1.0088495575221241,0.3-0.5
econometrics,tiiuae_falcon_40b,0.35964912280701755,0.23233969880453323,1.008849557522123,0.3-0.5
econometrics,tiiuae_falcon_40b,0.37719298245614036,0.23699736065828256,1.0088495575221226,0.3-0.5
econometrics,tiiuae_falcon_40b,0.3333333333333333,0.22418879056047156,1.008849557522122,0.3-0.5
econometrics,tiiuae_falcon_40b,0.3333333333333333,0.22418879056047156,1.008849557522122,0.3-0.5
econometrics,tiiuae_falcon_40b,0.3157894736842105,0.21797857475547314,1.0088495575221257,0.3-0.5
econometrics,tiiuae_falcon_40b,0.38596491228070173,0.23909330849247035,1.008849557522125,0.3-0.5
econometrics,tiiuae_falcon_40b,0.34210526315789475,0.22706101537028422,1.0088495575221244,0.3-0.5
econometrics,tiiuae_falcon_40b,0.3333333333333333,0.22418879056047156,1.008849557522122,0.3-0.5
econometrics,tiiuae_falcon_40b,0.38596491228070173,0.2390933084924704,1.0088495575221252,0.3-0.5
econometrics,tiiuae_falcon_40b,0.3333333333333333,0.22418879056047158,1.0088495575221221,0.3-0.5
econometrics,tiiuae_falcon_40b,0.32456140350877194,0.22116131035553488,1.008849557522124,0.3-0.5
econometrics,tiiuae_falcon_40b,0.30701754385964913,0.21464058376028533,1.0088495575221224,0.3-0.5
econometrics,tiiuae_falcon_40b,0.3333333333333333,0.22418879056047158,1.0088495575221221,0.3-0.5
econometrics,tiiuae_falcon_40b,0.32456140350877194,0.22116131035553482,1.0088495575221237,0.3-0.5
econometrics,tiiuae_falcon_40b,0.3157894736842105,0.2179785747554732,1.008849557522126,0.3-0.5
econometrics,tiiuae_falcon_40b,0.3508771929824561,0.22977798478497127,1.008849557522124,0.3-0.5
econometrics,tiiuae_falcon_40b,0.3157894736842105,0.2179785747554732,1.008849557522126,0.3-0.5
econometrics,tiiuae_falcon_40b,0.3508771929824561,0.22977798478497127,1.008849557522124,0.3-0.5
econometrics,tiiuae_falcon_40b,0.34210526315789475,0.22706101537028417,1.0088495575221241,0.3-0.5
econometrics,tiiuae_falcon_40b,0.3333333333333333,0.22418879056047158,1.0088495575221221,0.3-0.5
econometrics,tiiuae_falcon_40b,0.32456140350877194,0.22116131035553485,1.008849557522124,0.3-0.5
econometrics,tiiuae_falcon_40b,0.3157894736842105,0.2179785747554732,1.008849557522126,0.3-0.5
econometrics,tiiuae_falcon_40b,0.34210526315789475,0.2270610153702842,1.0088495575221241,0.3-0.5
econometrics,tiiuae_falcon_40b,0.30701754385964913,0.2146405837602853,1.0088495575221221,0.3-0.5
econometrics,tiiuae_falcon_40b,0.30701754385964913,0.2146405837602853,1.0088495575221221,0.3-0.5
econometrics,tiiuae_falcon_40b,0.3157894736842105,0.2179785747554732,1.008849557522126,0.3-0.5
econometrics,tiiuae_falcon_40b,0.32456140350877194,0.22116131035553482,1.0088495575221237,0.3-0.5
econometrics,tiiuae_falcon_40b,0.32456140350877194,0.2211613103555349,1.0088495575221241,0.3-0.5
econometrics,tiiuae_falcon_40b,0.2982456140350877,0.2111473373699737,1.0088495575221246,0.1-0.3
econometrics,tiiuae_falcon_40b,0.2807017543859649,0.20369507840397427,1.0088495575221226,0.1-0.3
econometrics,tiiuae_falcon_40b,0.2894736842105263,0.20749883558453674,1.0088495575221248,0.1-0.3
econometrics,tiiuae_falcon_40b,0.3157894736842105,0.2179785747554732,1.008849557522126,0.3-0.5
econometrics,tiiuae_falcon_40b,0.34210526315789475,0.2270610153702842,1.0088495575221241,0.3-0.5
econometrics,tiiuae_falcon_40b,0.3157894736842105,0.21797857475547322,1.0088495575221261,0.3-0.5
econometrics,tiiuae_falcon_40b,0.2807017543859649,0.20369507840397427,1.0088495575221226,0.1-0.3
econometrics,tiiuae_falcon_40b,0.2807017543859649,0.20369507840397422,1.0088495575221224,0.1-0.3
econometrics,tiiuae_falcon_40b,0.3508771929824561,0.2297779847849713,1.0088495575221241,0.3-0.5
econometrics,tiiuae_falcon_40b,0.3684210526315789,0.23474615742897031,1.0088495575221226,0.3-0.5
econometrics,tiiuae_falcon_40b,0.3684210526315789,0.23474615742897031,1.0088495575221226,0.3-0.5
econometrics,tiiuae_falcon_40b,0.35964912280701755,0.23233969880453326,1.008849557522123,0.3-0.5
econometrics,tiiuae_falcon_40b,0.3157894736842105,0.21797857475547316,1.008849557522126,0.3-0.5
econometrics,tiiuae_falcon_40b,0.3508771929824561,0.22977798478497125,1.0088495575221237,0.3-0.5
econometrics,tiiuae_falcon_40b,0.3157894736842105,0.2179785747554732,1.008849557522126,0.3-0.5
econometrics,tiiuae_falcon_40b,0.34210526315789475,0.22706101537028417,1.0088495575221241,0.3-0.5
econometrics,tiiuae_falcon_40b,0.3508771929824561,0.2297779847849713,1.0088495575221241,0.3-0.5
econometrics,tiiuae_falcon_40b,0.34210526315789475,0.22706101537028422,1.0088495575221244,0.3-0.5
econometrics,tiiuae_falcon_40b,0.32456140350877194,0.22116131035553488,1.008849557522124,0.3-0.5
econometrics,tiiuae_falcon_40b,0.3157894736842105,0.21797857475547322,1.0088495575221261,0.3-0.5
econometrics,tiiuae_falcon_40b,0.34210526315789475,0.2270610153702841,1.008849557522124,0.3-0.5
econometrics,tiiuae_falcon_40b,0.30701754385964913,0.21464058376028533,1.0088495575221224,0.3-0.5
econometrics,tiiuae_falcon_40b,0.30701754385964913,0.21464058376028533,1.0088495575221224,0.3-0.5
econometrics,tiiuae_falcon_40b,0.38596491228070173,0.2390933084924704,1.0088495575221252,0.3-0.5
econometrics,tiiuae_falcon_40b,0.3508771929824561,0.22977798478497133,1.0088495575221241,0.3-0.5
econometrics,tiiuae_falcon_40b,0.32456140350877194,0.22116131035553485,1.008849557522124,0.3-0.5
econometrics,tiiuae_falcon_40b,0.35964912280701755,0.23233969880453323,1.008849557522123,0.3-0.5
econometrics,tiiuae_falcon_40b,0.34210526315789475,0.2270610153702842,1.0088495575221241,0.3-0.5
econometrics,tiiuae_falcon_40b,0.3333333333333333,0.22418879056047158,1.0088495575221221,0.3-0.5
econometrics,tiiuae_falcon_40b,0.3333333333333333,0.22418879056047158,1.0088495575221221,0.3-0.5
econometrics,tiiuae_falcon_40b,0.30701754385964913,0.21464058376028533,1.0088495575221224,0.3-0.5
econometrics,tiiuae_falcon_40b,0.34210526315789475,0.22706101537028422,1.0088495575221244,0.3-0.5
econometrics,tiiuae_falcon_40b,0.3684210526315789,0.23474615742897031,1.0088495575221226,0.3-0.5
econometrics,tiiuae_falcon_40b,0.3684210526315789,0.23474615742897031,1.0088495575221226,0.3-0.5
econometrics,tiiuae_falcon_40b,0.2894736842105263,0.20749883558453674,1.0088495575221248,0.1-0.3
econometrics,tiiuae_falcon_40b,0.32456140350877194,0.2211613103555348,1.0088495575221235,0.3-0.5
econometrics,tiiuae_falcon_40b,0.2894736842105263,0.20749883558453674,1.0088495575221248,0.1-0.3
econometrics,tiiuae_falcon_40b,0.2982456140350877,0.21114733736997374,1.0088495575221246,0.1-0.3
econometrics,tiiuae_falcon_40b,0.30701754385964913,0.2146405837602853,1.0088495575221221,0.3-0.5
econometrics,tiiuae_falcon_40b,0.34210526315789475,0.22706101537028422,1.0088495575221244,0.3-0.5
econometrics,tiiuae_falcon_40b,0.32456140350877194,0.22116131035553485,1.008849557522124,0.3-0.5
econometrics,tiiuae_falcon_40b,0.3157894736842105,0.21797857475547316,1.008849557522126,0.3-0.5
econometrics,tiiuae_falcon_40b,0.30701754385964913,0.21464058376028533,1.0088495575221224,0.3-0.5
econometrics,tiiuae_falcon_40b,0.2982456140350877,0.21114733736997374,1.0088495575221246,0.1-0.3
econometrics,tiiuae_falcon_40b,0.2894736842105263,0.20749883558453674,1.0088495575221248,0.1-0.3
econometrics,tiiuae_falcon_40b,0.2982456140350877,0.2111473373699737,1.0088495575221246,0.1-0.3
econometrics,tiiuae_falcon_40b,0.3157894736842105,0.2179785747554732,1.008849557522126,0.3-0.5
econometrics,tiiuae_falcon_40b,0.32456140350877194,0.22116131035553488,1.008849557522124,0.3-0.5
econometrics,tiiuae_falcon_40b,0.32456140350877194,0.22116131035553488,1.008849557522124,0.3-0.5
econometrics,tiiuae_falcon_40b,0.3508771929824561,0.2297779847849713,1.0088495575221241,0.3-0.5
econometrics,tiiuae_falcon_40b,0.2807017543859649,0.2036950784039743,1.0088495575221228,0.1-0.3
econometrics,tiiuae_falcon_40b,0.38596491228070173,0.23909330849247035,1.008849557522125,0.3-0.5
econometrics,tiiuae_falcon_40b,0.32456140350877194,0.22116131035553482,1.0088495575221237,0.3-0.5
econometrics,tiiuae_falcon_40b,0.3508771929824561,0.2297779847849713,1.0088495575221241,0.3-0.5
econometrics,tiiuae_falcon_40b,0.3508771929824561,0.22977798478497127,1.008849557522124,0.3-0.5
econometrics,tiiuae_falcon_40b,0.3157894736842105,0.21797857475547316,1.008849557522126,0.3-0.5
econometrics,tiiuae_falcon_40b,0.3684210526315789,0.23474615742897034,1.0088495575221226,0.3-0.5
econometrics,tiiuae_falcon_40b,0.37719298245614036,0.23699736065828256,1.0088495575221226,0.3-0.5
econometrics,tiiuae_falcon_40b,0.3684210526315789,0.23474615742897034,1.0088495575221226,0.3-0.5
econometrics,tiiuae_falcon_40b,0.3684210526315789,0.23474615742897031,1.0088495575221226,0.3-0.5
econometrics,tiiuae_falcon_40b,0.38596491228070173,0.2390933084924704,1.0088495575221252,0.3-0.5
econometrics,tiiuae_falcon_40b,0.30701754385964913,0.2146405837602853,1.0088495575221221,0.3-0.5
econometrics,tiiuae_falcon_40b,0.32456140350877194,0.22116131035553482,1.0088495575221237,0.3-0.5
econometrics,tiiuae_falcon_40b,0.3333333333333333,0.22418879056047156,1.008849557522122,0.3-0.5
econometrics,tiiuae_falcon_40b,0.2982456140350877,0.21114733736997376,1.0088495575221248,0.1-0.3
econometrics,tiiuae_falcon_40b,0.32456140350877194,0.22116131035553488,1.008849557522124,0.3-0.5
econometrics,tiiuae_falcon_40b,0.3157894736842105,0.2179785747554732,1.008849557522126,0.3-0.5
econometrics,tiiuae_falcon_40b,0.3333333333333333,0.22418879056047156,1.008849557522122,0.3-0.5
econometrics,tiiuae_falcon_40b,0.32456140350877194,0.22116131035553485,1.008849557522124,0.3-0.5
econometrics,tiiuae_falcon_40b,0.30701754385964913,0.21464058376028533,1.0088495575221224,0.3-0.5
econometrics,tiiuae_falcon_40b,0.30701754385964913,0.21464058376028533,1.0088495575221224,0.3-0.5
formal_logic,codellama_codellama_34b_instruct,0.3968253968253968,0.241269841269842,1.008000000000003,0.3-0.5
formal_logic,codellama_codellama_34b_instruct,0.35714285714285715,0.23142857142857096,1.007999999999998,0.3-0.5
formal_logic,codellama_codellama_34b_instruct,0.36507936507936506,0.23365079365079364,1.008,0.3-0.5
formal_logic,codellama_codellama_34b_instruct,0.38095238095238093,0.2377142857142859,1.008000000000001,0.3-0.5
formal_logic,codellama_codellama_34b_instruct,0.4444444444444444,0.24888888888888938,1.008000000000002,0.3-0.5
formal_logic,codellama_codellama_34b_instruct,0.40476190476190477,0.24285714285714266,1.0079999999999991,0.3-0.5
formal_logic,codellama_codellama_34b_instruct,0.38095238095238093,0.23771428571428588,1.0080000000000007,0.3-0.5
formal_logic,codellama_codellama_34b_instruct,0.3968253968253968,0.24126984126984186,1.0080000000000022,0.3-0.5
formal_logic,codellama_codellama_34b_instruct,0.46825396825396826,0.250984126984127,1.008,0.3-0.5
formal_logic,codellama_codellama_34b_instruct,0.3888888888888889,0.23955555555555513,1.007999999999998,0.3-0.5
formal_logic,codellama_codellama_34b_instruct,0.373015873015873,0.2357460317460316,1.0079999999999993,0.3-0.5
formal_logic,codellama_codellama_34b_instruct,0.4365079365079365,0.24793650793650784,1.0079999999999996,0.3-0.5
formal_logic,codellama_codellama_34b_instruct,0.3492063492063492,0.22907936507936547,1.0080000000000018,0.3-0.5
formal_logic,codellama_codellama_34b_instruct,0.35714285714285715,0.23142857142857093,1.007999999999998,0.3-0.5
formal_logic,codellama_codellama_34b_instruct,0.36507936507936506,0.2336507936507937,1.0080000000000002,0.3-0.5
formal_logic,codellama_codellama_34b_instruct,0.3888888888888889,0.23955555555555513,1.007999999999998,0.3-0.5
formal_logic,codellama_codellama_34b_instruct,0.3968253968253968,0.2412698412698419,1.0080000000000024,0.3-0.5
formal_logic,codellama_codellama_34b_instruct,0.4365079365079365,0.24793650793650784,1.0079999999999996,0.3-0.5
formal_logic,codellama_codellama_34b_instruct,0.3412698412698413,0.22660317460317506,1.008000000000002,0.3-0.5
formal_logic,codellama_codellama_34b_instruct,0.373015873015873,0.23574603174603162,1.0079999999999993,0.3-0.5
formal_logic,codellama_codellama_34b_instruct,0.3888888888888889,0.23955555555555516,1.0079999999999982,0.3-0.5
formal_logic,codellama_codellama_34b_instruct,0.36507936507936506,0.23365079365079358,1.0079999999999998,0.3-0.5
formal_logic,codellama_codellama_34b_instruct,0.42063492063492064,0.2456507936507932,1.0079999999999982,0.3-0.5
formal_logic,codellama_codellama_34b_instruct,0.36507936507936506,0.23365079365079364,1.008,0.3-0.5
formal_logic,codellama_codellama_34b_instruct,0.4126984126984127,0.2443174603174601,1.0079999999999991,0.3-0.5
formal_logic,codellama_codellama_34b_instruct,0.42063492063492064,0.2456507936507932,1.0079999999999982,0.3-0.5
formal_logic,codellama_codellama_34b_instruct,0.3492063492063492,0.22907936507936552,1.008000000000002,0.3-0.5
formal_logic,codellama_codellama_34b_instruct,0.38095238095238093,0.2377142857142857,1.008,0.3-0.5
formal_logic,codellama_codellama_34b_instruct,0.3253968253968254,0.2212698412698411,1.0079999999999991,0.3-0.5
formal_logic,codellama_codellama_34b_instruct,0.35714285714285715,0.23142857142857096,1.007999999999998,0.3-0.5
formal_logic,codellama_codellama_34b_instruct,0.3492063492063492,0.22907936507936558,1.0080000000000022,0.3-0.5
formal_logic,codellama_codellama_34b_instruct,0.3888888888888889,0.2395555555555552,1.0079999999999982,0.3-0.5
formal_logic,codellama_codellama_34b_instruct,0.3492063492063492,0.22907936507936555,1.008000000000002,0.3-0.5
formal_logic,codellama_codellama_34b_instruct,0.3888888888888889,0.2395555555555552,1.0079999999999982,0.3-0.5
formal_logic,codellama_codellama_34b_instruct,0.3888888888888889,0.23955555555555516,1.0079999999999982,0.3-0.5
formal_logic,codellama_codellama_34b_instruct,0.4365079365079365,0.24793650793650784,1.0079999999999996,0.3-0.5
formal_logic,codellama_codellama_34b_instruct,0.42857142857142855,0.2468571428571433,1.008000000000002,0.3-0.5
formal_logic,codellama_codellama_34b_instruct,0.35714285714285715,0.23142857142857096,1.007999999999998,0.3-0.5
formal_logic,codellama_codellama_34b_instruct,0.3412698412698413,0.22660317460317514,1.0080000000000024,0.3-0.5
formal_logic,codellama_codellama_34b_instruct,0.3412698412698413,0.22660317460317514,1.0080000000000024,0.3-0.5
formal_logic,codellama_codellama_34b_instruct,0.31746031746031744,0.21841269841269856,1.0080000000000007,0.3-0.5
formal_logic,codellama_codellama_34b_instruct,0.40476190476190477,0.24285714285714258,1.007999999999999,0.3-0.5
formal_logic,codellama_codellama_34b_instruct,0.373015873015873,0.23574603174603162,1.0079999999999993,0.3-0.5
formal_logic,codellama_codellama_34b_instruct,0.3888888888888889,0.2395555555555552,1.0079999999999982,0.3-0.5
formal_logic,codellama_codellama_34b_instruct,0.4126984126984127,0.2443174603174601,1.0079999999999991,0.3-0.5
formal_logic,codellama_codellama_34b_instruct,0.3888888888888889,0.23955555555555516,1.0079999999999982,0.3-0.5
formal_logic,codellama_codellama_34b_instruct,0.35714285714285715,0.23142857142857096,1.007999999999998,0.3-0.5
formal_logic,codellama_codellama_34b_instruct,0.36507936507936506,0.23365079365079366,1.0080000000000002,0.3-0.5
formal_logic,codellama_codellama_34b_instruct,0.40476190476190477,0.2428571428571425,1.0079999999999985,0.3-0.5
formal_logic,codellama_codellama_34b_instruct,0.3888888888888889,0.23955555555555516,1.0079999999999982,0.3-0.5
formal_logic,codellama_codellama_34b_instruct,0.3492063492063492,0.22907936507936558,1.0080000000000022,0.3-0.5
formal_logic,codellama_codellama_34b_instruct,0.3492063492063492,0.22907936507936558,1.0080000000000022,0.3-0.5
formal_logic,codellama_codellama_34b_instruct,0.3492063492063492,0.22907936507936558,1.0080000000000022,0.3-0.5
formal_logic,codellama_codellama_34b_instruct,0.36507936507936506,0.23365079365079366,1.0080000000000002,0.3-0.5
formal_logic,codellama_codellama_34b_instruct,0.40476190476190477,0.24285714285714263,1.0079999999999991,0.3-0.5
formal_logic,codellama_codellama_34b_instruct,0.38095238095238093,0.23771428571428582,1.0080000000000005,0.3-0.5
formal_logic,codellama_codellama_34b_instruct,0.373015873015873,0.23574603174603165,1.0079999999999996,0.3-0.5
formal_logic,codellama_codellama_34b_instruct,0.40476190476190477,0.24285714285714258,1.007999999999999,0.3-0.5
formal_logic,codellama_codellama_34b_instruct,0.40476190476190477,0.24285714285714258,1.007999999999999,0.3-0.5
formal_logic,codellama_codellama_34b_instruct,0.36507936507936506,0.2336507936507936,1.008,0.3-0.5
formal_logic,codellama_codellama_34b_instruct,0.4126984126984127,0.2443174603174601,1.0079999999999991,0.3-0.5
formal_logic,codellama_codellama_34b_instruct,0.40476190476190477,0.24285714285714258,1.007999999999999,0.3-0.5
formal_logic,codellama_codellama_34b_instruct,0.3888888888888889,0.23955555555555516,1.0079999999999982,0.3-0.5
formal_logic,codellama_codellama_34b_instruct,0.35714285714285715,0.23142857142857098,1.0079999999999982,0.3-0.5
formal_logic,codellama_codellama_34b_instruct,0.3968253968253968,0.24126984126984197,1.008000000000003,0.3-0.5
formal_logic,codellama_codellama_34b_instruct,0.373015873015873,0.23574603174603162,1.0079999999999993,0.3-0.5
formal_logic,codellama_codellama_34b_instruct,0.3333333333333333,0.2239999999999996,1.007999999999998,0.3-0.5
formal_logic,codellama_codellama_34b_instruct,0.31746031746031744,0.21841269841269856,1.0080000000000007,0.3-0.5
formal_logic,codellama_codellama_34b_instruct,0.42063492063492064,0.2456507936507932,1.0079999999999982,0.3-0.5
formal_logic,codellama_codellama_34b_instruct,0.4126984126984127,0.2443174603174601,1.0079999999999991,0.3-0.5
formal_logic,codellama_codellama_34b_instruct,0.3888888888888889,0.2395555555555552,1.0079999999999982,0.3-0.5
formal_logic,codellama_codellama_34b_instruct,0.3888888888888889,0.2395555555555552,1.0079999999999982,0.3-0.5
formal_logic,codellama_codellama_34b_instruct,0.35714285714285715,0.23142857142857098,1.0079999999999982,0.3-0.5
formal_logic,codellama_codellama_34b_instruct,0.3492063492063492,0.2290793650793657,1.0080000000000027,0.3-0.5
formal_logic,codellama_codellama_34b_instruct,0.373015873015873,0.23574603174603165,1.0079999999999996,0.3-0.5
formal_logic,codellama_codellama_34b_instruct,0.3492063492063492,0.2290793650793657,1.0080000000000027,0.3-0.5
formal_logic,codellama_codellama_34b_instruct,0.38095238095238093,0.23771428571428574,1.008,0.3-0.5
formal_logic,codellama_codellama_34b_instruct,0.38095238095238093,0.23771428571428574,1.008,0.3-0.5
formal_logic,codellama_codellama_34b_instruct,0.373015873015873,0.23574603174603165,1.0079999999999996,0.3-0.5
formal_logic,codellama_codellama_34b_instruct,0.36507936507936506,0.23365079365079355,1.0079999999999998,0.3-0.5
formal_logic,codellama_codellama_34b_instruct,0.38095238095238093,0.23771428571428582,1.0080000000000005,0.3-0.5
formal_logic,codellama_codellama_34b_instruct,0.3333333333333333,0.22399999999999956,1.007999999999998,0.3-0.5
formal_logic,codellama_codellama_34b_instruct,0.36507936507936506,0.23365079365079364,1.008,0.3-0.5
formal_logic,codellama_codellama_34b_instruct,0.35714285714285715,0.23142857142857096,1.007999999999998,0.3-0.5
formal_logic,codellama_codellama_34b_instruct,0.3412698412698413,0.226603174603175,1.0080000000000018,0.3-0.5
formal_logic,codellama_codellama_34b_instruct,0.3492063492063492,0.22907936507936555,1.008000000000002,0.3-0.5
formal_logic,codellama_codellama_34b_instruct,0.3888888888888889,0.23955555555555516,1.0079999999999982,0.3-0.5
formal_logic,codellama_codellama_34b_instruct,0.373015873015873,0.23574603174603162,1.0079999999999993,0.3-0.5
formal_logic,codellama_codellama_34b_instruct,0.38095238095238093,0.23771428571428588,1.0080000000000007,0.3-0.5
formal_logic,codellama_codellama_34b_instruct,0.3492063492063492,0.22907936507936547,1.0080000000000018,0.3-0.5
formal_logic,codellama_codellama_34b_instruct,0.40476190476190477,0.2428571428571425,1.0079999999999985,0.3-0.5
formal_logic,codellama_codellama_34b_instruct,0.35714285714285715,0.23142857142857093,1.007999999999998,0.3-0.5
formal_logic,codellama_codellama_34b_instruct,0.36507936507936506,0.23365079365079366,1.0080000000000002,0.3-0.5
formal_logic,codellama_codellama_34b_instruct,0.4444444444444444,0.2488888888888894,1.0080000000000022,0.3-0.5
formal_logic,codellama_codellama_34b_instruct,0.35714285714285715,0.23142857142857096,1.007999999999998,0.3-0.5
formal_logic,codellama_codellama_34b_instruct,0.3968253968253968,0.24126984126984194,1.0080000000000027,0.3-0.5
formal_logic,codellama_codellama_34b_instruct,0.36507936507936506,0.23365079365079364,1.008,0.3-0.5
formal_logic,codellama_codellama_34b_instruct,0.36507936507936506,0.23365079365079364,1.008,0.3-0.5
formal_logic,codellama_codellama_34b_instruct,0.3492063492063492,0.22907936507936555,1.008000000000002,0.3-0.5
formal_logic,codellama_codellama_34b_instruct,0.3412698412698413,0.2266031746031751,1.0080000000000022,0.3-0.5
formal_logic,google_flan_t5_xl,0.35714285714285715,0.23142857142857093,1.007999999999998,0.3-0.5
formal_logic,google_flan_t5_xl,0.3492063492063492,0.22907936507936555,1.008000000000002,0.3-0.5
formal_logic,google_flan_t5_xl,0.35714285714285715,0.23142857142857093,1.007999999999998,0.3-0.5
formal_logic,google_flan_t5_xl,0.36507936507936506,0.23365079365079364,1.008,0.3-0.5
formal_logic,google_flan_t5_xl,0.3253968253968254,0.22126984126984112,1.0079999999999991,0.3-0.5
formal_logic,google_flan_t5_xl,0.31746031746031744,0.2184126984126986,1.008000000000001,0.3-0.5
formal_logic,google_flan_t5_xl,0.3412698412698413,0.22660317460317514,1.0080000000000024,0.3-0.5
formal_logic,google_flan_t5_xl,0.3492063492063492,0.22907936507936558,1.0080000000000022,0.3-0.5
formal_logic,google_flan_t5_xl,0.30952380952380953,0.21542857142857147,1.0080000000000002,0.3-0.5
formal_logic,google_flan_t5_xl,0.3492063492063492,0.22907936507936558,1.0080000000000022,0.3-0.5
formal_logic,google_flan_t5_xl,0.35714285714285715,0.23142857142857093,1.007999999999998,0.3-0.5
formal_logic,google_flan_t5_xl,0.3253968253968254,0.22126984126984112,1.0079999999999991,0.3-0.5
formal_logic,google_flan_t5_xl,0.35714285714285715,0.23142857142857093,1.007999999999998,0.3-0.5
formal_logic,google_flan_t5_xl,0.3492063492063492,0.22907936507936558,1.0080000000000022,0.3-0.5
formal_logic,google_flan_t5_xl,0.3412698412698413,0.2266031746031751,1.0080000000000022,0.3-0.5
formal_logic,google_flan_t5_xl,0.3492063492063492,0.22907936507936558,1.0080000000000022,0.3-0.5
formal_logic,google_flan_t5_xl,0.35714285714285715,0.23142857142857093,1.007999999999998,0.3-0.5
formal_logic,google_flan_t5_xl,0.30952380952380953,0.21542857142857147,1.0080000000000002,0.3-0.5
formal_logic,google_flan_t5_xl,0.3492063492063492,0.22907936507936558,1.0080000000000022,0.3-0.5
formal_logic,google_flan_t5_xl,0.35714285714285715,0.23142857142857093,1.007999999999998,0.3-0.5
formal_logic,google_flan_t5_xl,0.31746031746031744,0.2184126984126986,1.008000000000001,0.3-0.5
formal_logic,google_flan_t5_xl,0.3492063492063492,0.22907936507936555,1.008000000000002,0.3-0.5
formal_logic,google_flan_t5_xl,0.3412698412698413,0.2266031746031751,1.0080000000000022,0.3-0.5
formal_logic,google_flan_t5_xl,0.35714285714285715,0.23142857142857093,1.007999999999998,0.3-0.5
formal_logic,google_flan_t5_xl,0.31746031746031744,0.2184126984126986,1.008000000000001,0.3-0.5
formal_logic,google_flan_t5_xl,0.30952380952380953,0.21542857142857147,1.0080000000000002,0.3-0.5
formal_logic,google_flan_t5_xl,0.3333333333333333,0.2239999999999996,1.007999999999998,0.3-0.5
formal_logic,google_flan_t5_xl,0.35714285714285715,0.23142857142857093,1.007999999999998,0.3-0.5
formal_logic,google_flan_t5_xl,0.31746031746031744,0.21841269841269859,1.008000000000001,0.3-0.5
formal_logic,google_flan_t5_xl,0.3492063492063492,0.22907936507936558,1.0080000000000022,0.3-0.5
formal_logic,google_flan_t5_xl,0.31746031746031744,0.21841269841269859,1.008000000000001,0.3-0.5
formal_logic,google_flan_t5_xl,0.31746031746031744,0.21841269841269859,1.008000000000001,0.3-0.5
formal_logic,google_flan_t5_xl,0.35714285714285715,0.23142857142857093,1.007999999999998,0.3-0.5
formal_logic,google_flan_t5_xl,0.3412698412698413,0.2266031746031751,1.0080000000000022,0.3-0.5
formal_logic,google_flan_t5_xl,0.35714285714285715,0.23142857142857093,1.007999999999998,0.3-0.5
formal_logic,google_flan_t5_xl,0.31746031746031744,0.21841269841269859,1.008000000000001,0.3-0.5
formal_logic,google_flan_t5_xl,0.30952380952380953,0.21542857142857147,1.0080000000000002,0.3-0.5
formal_logic,google_flan_t5_xl,0.3492063492063492,0.22907936507936558,1.0080000000000022,0.3-0.5
formal_logic,google_flan_t5_xl,0.3492063492063492,0.22907936507936558,1.0080000000000022,0.3-0.5
formal_logic,google_flan_t5_xl,0.3492063492063492,0.22907936507936558,1.0080000000000022,0.3-0.5
formal_logic,google_flan_t5_xl,0.3492063492063492,0.22907936507936558,1.0080000000000022,0.3-0.5
formal_logic,google_flan_t5_xl,0.36507936507936506,0.2336507936507936,1.008,0.3-0.5
formal_logic,google_flan_t5_xl,0.35714285714285715,0.23142857142857096,1.007999999999998,0.3-0.5
formal_logic,google_flan_t5_xl,0.36507936507936506,0.2336507936507936,1.008,0.3-0.5
formal_logic,google_flan_t5_xl,0.35714285714285715,0.23142857142857093,1.007999999999998,0.3-0.5
formal_logic,google_flan_t5_xl,0.3492063492063492,0.22907936507936555,1.008000000000002,0.3-0.5
formal_logic,google_flan_t5_xl,0.3412698412698413,0.22660317460317514,1.0080000000000024,0.3-0.5
formal_logic,google_flan_t5_xl,0.36507936507936506,0.23365079365079364,1.008,0.3-0.5
formal_logic,google_flan_t5_xl,0.3333333333333333,0.2239999999999996,1.007999999999998,0.3-0.5
formal_logic,google_flan_t5_xl,0.35714285714285715,0.23142857142857096,1.007999999999998,0.3-0.5
formal_logic,google_flan_t5_xl,0.3412698412698413,0.22660317460317514,1.0080000000000024,0.3-0.5
formal_logic,google_flan_t5_xl,0.3412698412698413,0.22660317460317514,1.0080000000000024,0.3-0.5
formal_logic,google_flan_t5_xl,0.3492063492063492,0.22907936507936558,1.0080000000000022,0.3-0.5
formal_logic,google_flan_t5_xl,0.35714285714285715,0.23142857142857093,1.007999999999998,0.3-0.5
formal_logic,google_flan_t5_xl,0.3253968253968254,0.2212698412698411,1.0079999999999991,0.3-0.5
formal_logic,google_flan_t5_xl,0.3253968253968254,0.2212698412698411,1.0079999999999991,0.3-0.5
formal_logic,google_flan_t5_xl,0.3412698412698413,0.2266031746031751,1.0080000000000022,0.3-0.5
formal_logic,google_flan_t5_xl,0.3253968253968254,0.2212698412698411,1.0079999999999991,0.3-0.5
formal_logic,google_flan_t5_xl,0.3253968253968254,0.2212698412698411,1.0079999999999991,0.3-0.5
formal_logic,google_flan_t5_xl,0.3492063492063492,0.22907936507936555,1.008000000000002,0.3-0.5
formal_logic,google_flan_t5_xl,0.35714285714285715,0.23142857142857093,1.007999999999998,0.3-0.5
formal_logic,google_flan_t5_xl,0.35714285714285715,0.23142857142857093,1.007999999999998,0.3-0.5
formal_logic,google_flan_t5_xl,0.35714285714285715,0.23142857142857093,1.007999999999998,0.3-0.5
formal_logic,google_flan_t5_xl,0.30952380952380953,0.21542857142857147,1.0080000000000002,0.3-0.5
formal_logic,google_flan_t5_xl,0.31746031746031744,0.2184126984126986,1.008000000000001,0.3-0.5
formal_logic,google_flan_t5_xl,0.31746031746031744,0.2184126984126986,1.008000000000001,0.3-0.5
formal_logic,google_flan_t5_xl,0.3253968253968254,0.22126984126984112,1.0079999999999991,0.3-0.5
formal_logic,google_flan_t5_xl,0.3492063492063492,0.22907936507936555,1.008000000000002,0.3-0.5
formal_logic,google_flan_t5_xl,0.3492063492063492,0.22907936507936555,1.008000000000002,0.3-0.5
formal_logic,google_flan_t5_xl,0.35714285714285715,0.23142857142857096,1.007999999999998,0.3-0.5
formal_logic,google_flan_t5_xl,0.3492063492063492,0.22907936507936555,1.008000000000002,0.3-0.5
formal_logic,google_flan_t5_xl,0.36507936507936506,0.2336507936507936,1.008,0.3-0.5
formal_logic,google_flan_t5_xl,0.3333333333333333,0.22399999999999956,1.007999999999998,0.3-0.5
formal_logic,google_flan_t5_xl,0.3333333333333333,0.2239999999999996,1.007999999999998,0.3-0.5
formal_logic,google_flan_t5_xl,0.31746031746031744,0.21841269841269859,1.008000000000001,0.3-0.5
formal_logic,google_flan_t5_xl,0.3492063492063492,0.22907936507936558,1.0080000000000022,0.3-0.5
formal_logic,google_flan_t5_xl,0.3492063492063492,0.22907936507936558,1.0080000000000022,0.3-0.5
formal_logic,google_flan_t5_xl,0.3492063492063492,0.22907936507936558,1.0080000000000022,0.3-0.5
formal_logic,google_flan_t5_xl,0.36507936507936506,0.2336507936507936,1.008,0.3-0.5
formal_logic,google_flan_t5_xl,0.36507936507936506,0.23365079365079364,1.008,0.3-0.5
formal_logic,google_flan_t5_xl,0.3492063492063492,0.22907936507936555,1.008000000000002,0.3-0.5
formal_logic,google_flan_t5_xl,0.3412698412698413,0.2266031746031751,1.0080000000000022,0.3-0.5
formal_logic,google_flan_t5_xl,0.31746031746031744,0.2184126984126986,1.008000000000001,0.3-0.5
formal_logic,google_flan_t5_xl,0.3333333333333333,0.2239999999999996,1.007999999999998,0.3-0.5
formal_logic,google_flan_t5_xl,0.3412698412698413,0.22660317460317514,1.0080000000000024,0.3-0.5
formal_logic,google_flan_t5_xl,0.3333333333333333,0.22399999999999956,1.007999999999998,0.3-0.5
formal_logic,google_flan_t5_xl,0.36507936507936506,0.2336507936507936,1.008,0.3-0.5
formal_logic,google_flan_t5_xl,0.31746031746031744,0.2184126984126986,1.008000000000001,0.3-0.5
formal_logic,google_flan_t5_xl,0.31746031746031744,0.21841269841269859,1.008000000000001,0.3-0.5
formal_logic,google_flan_t5_xl,0.30952380952380953,0.21542857142857147,1.0080000000000002,0.3-0.5
formal_logic,google_flan_t5_xl,0.3253968253968254,0.2212698412698411,1.0079999999999991,0.3-0.5
formal_logic,google_flan_t5_xl,0.30952380952380953,0.21542857142857144,1.008,0.3-0.5
formal_logic,google_flan_t5_xl,0.3492063492063492,0.22907936507936555,1.008000000000002,0.3-0.5
formal_logic,google_flan_t5_xl,0.30952380952380953,0.2154285714285715,1.0080000000000002,0.3-0.5
formal_logic,google_flan_t5_xl,0.31746031746031744,0.2184126984126986,1.008000000000001,0.3-0.5
formal_logic,google_flan_t5_xl,0.3333333333333333,0.2239999999999996,1.007999999999998,0.3-0.5
formal_logic,google_flan_t5_xl,0.30952380952380953,0.21542857142857144,1.008,0.3-0.5
formal_logic,google_flan_t5_xl,0.31746031746031744,0.21841269841269859,1.008000000000001,0.3-0.5
formal_logic,google_flan_t5_xl,0.3412698412698413,0.2266031746031751,1.0080000000000022,0.3-0.5
formal_logic,google_flan_t5_xl,0.3492063492063492,0.22907936507936555,1.008000000000002,0.3-0.5
formal_logic,google_gemma_7b_it,0.30952380952380953,0.21542857142857147,1.0080000000000002,0.3-0.5
formal_logic,google_gemma_7b_it,0.3253968253968254,0.22126984126984112,1.0079999999999991,0.3-0.5
formal_logic,google_gemma_7b_it,0.3333333333333333,0.22399999999999956,1.007999999999998,0.3-0.5
formal_logic,google_gemma_7b_it,0.3333333333333333,0.22399999999999956,1.007999999999998,0.3-0.5
formal_logic,google_gemma_7b_it,0.2857142857142857,0.20571428571428543,1.0079999999999987,0.1-0.3
formal_logic,google_gemma_7b_it,0.31746031746031744,0.21841269841269856,1.0080000000000007,0.3-0.5
formal_logic,google_gemma_7b_it,0.30952380952380953,0.21542857142857147,1.0080000000000002,0.3-0.5
formal_logic,google_gemma_7b_it,0.2619047619047619,0.1948571428571428,1.0079999999999998,0.1-0.3
formal_logic,google_gemma_7b_it,0.29365079365079366,0.209079365079365,1.0079999999999998,0.1-0.3
formal_logic,google_gemma_7b_it,0.3333333333333333,0.2239999999999996,1.007999999999998,0.3-0.5
formal_logic,google_gemma_7b_it,0.2857142857142857,0.20571428571428546,1.0079999999999987,0.1-0.3
formal_logic,google_gemma_7b_it,0.2857142857142857,0.20571428571428546,1.0079999999999987,0.1-0.3
formal_logic,google_gemma_7b_it,0.2857142857142857,0.20571428571428546,1.0079999999999987,0.1-0.3
formal_logic,google_gemma_7b_it,0.29365079365079366,0.2090793650793651,1.0080000000000002,0.1-0.3
formal_logic,google_gemma_7b_it,0.2777777777777778,0.20222222222222214,1.0079999999999996,0.1-0.3
formal_logic,google_gemma_7b_it,0.2857142857142857,0.20571428571428546,1.0079999999999987,0.1-0.3
formal_logic,google_gemma_7b_it,0.2777777777777778,0.20222222222222214,1.0079999999999996,0.1-0.3
formal_logic,google_gemma_7b_it,0.2777777777777778,0.20222222222222214,1.0079999999999996,0.1-0.3
formal_logic,google_gemma_7b_it,0.30952380952380953,0.21542857142857147,1.0080000000000002,0.3-0.5
formal_logic,google_gemma_7b_it,0.30158730158730157,0.21231746031746032,1.0080000000000002,0.3-0.5
formal_logic,google_gemma_7b_it,0.30158730158730157,0.2123174603174603,1.008,0.3-0.5
formal_logic,google_gemma_7b_it,0.23809523809523808,0.18285714285714294,1.0080000000000007,0.1-0.3
formal_logic,google_gemma_7b_it,0.24603174603174602,0.18698412698412697,1.008,0.1-0.3
formal_logic,google_gemma_7b_it,0.2619047619047619,0.1948571428571428,1.0079999999999998,0.1-0.3
formal_logic,google_gemma_7b_it,0.23809523809523808,0.1828571428571429,1.0080000000000005,0.1-0.3
formal_logic,google_gemma_7b_it,0.23809523809523808,0.1828571428571429,1.0080000000000005,0.1-0.3
formal_logic,google_gemma_7b_it,0.24603174603174602,0.186984126984127,1.0080000000000002,0.1-0.3
formal_logic,google_gemma_7b_it,0.24603174603174602,0.186984126984127,1.0080000000000002,0.1-0.3
formal_logic,google_gemma_7b_it,0.25396825396825395,0.19098412698412714,1.008000000000001,0.1-0.3
formal_logic,google_gemma_7b_it,0.23015873015873015,0.17860317460317446,1.0079999999999991,0.1-0.3
formal_logic,google_gemma_7b_it,0.23809523809523808,0.18285714285714294,1.0080000000000007,0.1-0.3
formal_logic,google_gemma_7b_it,0.2619047619047619,0.19485714285714284,1.0079999999999998,0.1-0.3
formal_logic,google_gemma_7b_it,0.2619047619047619,0.19485714285714287,1.008,0.1-0.3
formal_logic,google_gemma_7b_it,0.25396825396825395,0.19098412698412712,1.0080000000000007,0.1-0.3
formal_logic,google_gemma_7b_it,0.2698412698412698,0.19860317460317484,1.0080000000000011,0.1-0.3
formal_logic,google_gemma_7b_it,0.2619047619047619,0.19485714285714287,1.008,0.1-0.3
formal_logic,google_gemma_7b_it,0.2619047619047619,0.19485714285714287,1.008,0.1-0.3
formal_logic,google_gemma_7b_it,0.31746031746031744,0.21841269841269859,1.008000000000001,0.3-0.5
formal_logic,google_gemma_7b_it,0.2857142857142857,0.20571428571428546,1.0079999999999987,0.1-0.3
formal_logic,google_gemma_7b_it,0.2857142857142857,0.20571428571428546,1.0079999999999987,0.1-0.3
formal_logic,google_gemma_7b_it,0.2857142857142857,0.20571428571428546,1.0079999999999987,0.1-0.3
formal_logic,google_gemma_7b_it,0.2857142857142857,0.2057142857142855,1.007999999999999,0.1-0.3
formal_logic,google_gemma_7b_it,0.2619047619047619,0.19485714285714287,1.008,0.1-0.3
formal_logic,google_gemma_7b_it,0.2619047619047619,0.19485714285714287,1.008,0.1-0.3
formal_logic,google_gemma_7b_it,0.3253968253968254,0.22126984126984112,1.0079999999999991,0.3-0.5
formal_logic,google_gemma_7b_it,0.29365079365079366,0.20907936507936498,1.0079999999999996,0.1-0.3
formal_logic,google_gemma_7b_it,0.2619047619047619,0.19485714285714284,1.0079999999999998,0.1-0.3
formal_logic,google_gemma_7b_it,0.25396825396825395,0.19098412698412712,1.0080000000000007,0.1-0.3
formal_logic,google_gemma_7b_it,0.23809523809523808,0.18285714285714286,1.0080000000000002,0.1-0.3
formal_logic,google_gemma_7b_it,0.30158730158730157,0.21231746031746032,1.0080000000000002,0.3-0.5
formal_logic,google_gemma_7b_it,0.2619047619047619,0.19485714285714284,1.0079999999999998,0.1-0.3
formal_logic,google_gemma_7b_it,0.2619047619047619,0.19485714285714284,1.0079999999999998,0.1-0.3
formal_logic,google_gemma_7b_it,0.24603174603174602,0.186984126984127,1.0080000000000002,0.1-0.3
formal_logic,google_gemma_7b_it,0.29365079365079366,0.20907936507936506,1.008,0.1-0.3
formal_logic,google_gemma_7b_it,0.3333333333333333,0.22399999999999956,1.007999999999998,0.3-0.5
formal_logic,google_gemma_7b_it,0.2777777777777778,0.2022222222222221,1.0079999999999993,0.1-0.3
formal_logic,google_gemma_7b_it,0.2619047619047619,0.19485714285714284,1.0079999999999998,0.1-0.3
formal_logic,google_gemma_7b_it,0.2698412698412698,0.1986031746031748,1.0080000000000011,0.1-0.3
formal_logic,google_gemma_7b_it,0.2698412698412698,0.1986031746031748,1.0080000000000011,0.1-0.3
formal_logic,google_gemma_7b_it,0.24603174603174602,0.186984126984127,1.0080000000000002,0.1-0.3
formal_logic,google_gemma_7b_it,0.29365079365079366,0.20907936507936503,1.0079999999999998,0.1-0.3
formal_logic,google_gemma_7b_it,0.2698412698412698,0.1986031746031748,1.0080000000000011,0.1-0.3
formal_logic,google_gemma_7b_it,0.2698412698412698,0.1986031746031748,1.0080000000000011,0.1-0.3
formal_logic,google_gemma_7b_it,0.31746031746031744,0.21841269841269856,1.0080000000000007,0.3-0.5
formal_logic,google_gemma_7b_it,0.30952380952380953,0.21542857142857147,1.0080000000000002,0.3-0.5
formal_logic,google_gemma_7b_it,0.24603174603174602,0.186984126984127,1.0080000000000002,0.1-0.3
formal_logic,google_gemma_7b_it,0.24603174603174602,0.18698412698412706,1.0080000000000005,0.1-0.3
formal_logic,google_gemma_7b_it,0.30158730158730157,0.21231746031746032,1.0080000000000002,0.3-0.5
formal_logic,google_gemma_7b_it,0.25396825396825395,0.19098412698412712,1.0080000000000007,0.1-0.3
formal_logic,google_gemma_7b_it,0.2857142857142857,0.2057142857142855,1.007999999999999,0.1-0.3
formal_logic,google_gemma_7b_it,0.2619047619047619,0.19485714285714284,1.0079999999999998,0.1-0.3
formal_logic,google_gemma_7b_it,0.2777777777777778,0.20222222222222214,1.0079999999999996,0.1-0.3
formal_logic,google_gemma_7b_it,0.2698412698412698,0.19860317460317484,1.0080000000000011,0.1-0.3
formal_logic,google_gemma_7b_it,0.24603174603174602,0.186984126984127,1.0080000000000002,0.1-0.3
formal_logic,google_gemma_7b_it,0.25396825396825395,0.19098412698412714,1.008000000000001,0.1-0.3
formal_logic,google_gemma_7b_it,0.1984126984126984,0.1603174603174603,1.0079999999999998,0.1-0.3
formal_logic,google_gemma_7b_it,0.2619047619047619,0.19485714285714284,1.0079999999999998,0.1-0.3
formal_logic,google_gemma_7b_it,0.2619047619047619,0.19485714285714284,1.0079999999999998,0.1-0.3
formal_logic,google_gemma_7b_it,0.2222222222222222,0.17422222222222225,1.0080000000000002,0.1-0.3
formal_logic,google_gemma_7b_it,0.2777777777777778,0.2022222222222221,1.0079999999999993,0.1-0.3
formal_logic,google_gemma_7b_it,0.3333333333333333,0.22399999999999956,1.007999999999998,0.3-0.5
formal_logic,google_gemma_7b_it,0.30952380952380953,0.21542857142857147,1.0080000000000002,0.3-0.5
formal_logic,google_gemma_7b_it,0.3253968253968254,0.2212698412698411,1.0079999999999991,0.3-0.5
formal_logic,google_gemma_7b_it,0.29365079365079366,0.20907936507936503,1.0079999999999998,0.1-0.3
formal_logic,google_gemma_7b_it,0.30158730158730157,0.21231746031746032,1.0080000000000002,0.3-0.5
formal_logic,google_gemma_7b_it,0.29365079365079366,0.20907936507936503,1.0079999999999998,0.1-0.3
formal_logic,google_gemma_7b_it,0.3412698412698413,0.2266031746031751,1.0080000000000022,0.3-0.5
formal_logic,google_gemma_7b_it,0.31746031746031744,0.21841269841269859,1.008000000000001,0.3-0.5
formal_logic,google_gemma_7b_it,0.3253968253968254,0.22126984126984112,1.0079999999999991,0.3-0.5
formal_logic,google_gemma_7b_it,0.2698412698412698,0.1986031746031748,1.0080000000000011,0.1-0.3
formal_logic,google_gemma_7b_it,0.25396825396825395,0.19098412698412714,1.008000000000001,0.1-0.3
formal_logic,google_gemma_7b_it,0.2698412698412698,0.1986031746031748,1.0080000000000011,0.1-0.3
formal_logic,google_gemma_7b_it,0.2619047619047619,0.19485714285714287,1.008,0.1-0.3
formal_logic,google_gemma_7b_it,0.25396825396825395,0.19098412698412712,1.0080000000000007,0.1-0.3
formal_logic,google_gemma_7b_it,0.2698412698412698,0.19860317460317486,1.0080000000000013,0.1-0.3
formal_logic,google_gemma_7b_it,0.25396825396825395,0.1909841269841272,1.0080000000000011,0.1-0.3
formal_logic,google_gemma_7b_it,0.2698412698412698,0.19860317460317484,1.0080000000000011,0.1-0.3
formal_logic,google_gemma_7b_it,0.2698412698412698,0.1986031746031748,1.0080000000000011,0.1-0.3
formal_logic,google_gemma_7b_it,0.2698412698412698,0.1986031746031748,1.0080000000000011,0.1-0.3
formal_logic,google_gemma_7b_it,0.2698412698412698,0.1986031746031748,1.0080000000000011,0.1-0.3
formal_logic,meta_llama_llama_3_70b_instruct,0.5793650793650794,0.2456507936507934,1.007999999999999,0.5-0.7
formal_logic,meta_llama_llama_3_70b_instruct,0.5873015873015873,0.2443174603174601,1.0079999999999991,0.5-0.7
formal_logic,meta_llama_llama_3_70b_instruct,0.5873015873015873,0.2443174603174601,1.0079999999999991,0.5-0.7
formal_logic,meta_llama_llama_3_70b_instruct,0.5952380952380952,0.24285714285714255,1.0079999999999987,0.5-0.7
formal_logic,meta_llama_llama_3_70b_instruct,0.5714285714285714,0.24685714285714336,1.008000000000002,0.5-0.7
formal_logic,meta_llama_llama_3_70b_instruct,0.5714285714285714,0.24685714285714336,1.008000000000002,0.5-0.7
formal_logic,meta_llama_llama_3_70b_instruct,0.5793650793650794,0.2456507936507934,1.007999999999999,0.5-0.7
formal_logic,meta_llama_llama_3_70b_instruct,0.5873015873015873,0.2443174603174601,1.0079999999999991,0.5-0.7
formal_logic,meta_llama_llama_3_70b_instruct,0.5714285714285714,0.24685714285714336,1.008000000000002,0.5-0.7
formal_logic,meta_llama_llama_3_70b_instruct,0.5634920634920635,0.24793650793650787,1.0079999999999998,0.5-0.7
formal_logic,meta_llama_llama_3_70b_instruct,0.6111111111111112,0.23955555555555513,1.0079999999999982,0.5-0.7
formal_logic,meta_llama_llama_3_70b_instruct,0.5952380952380952,0.24285714285714252,1.0079999999999987,0.5-0.7
formal_logic,meta_llama_llama_3_70b_instruct,0.5952380952380952,0.24285714285714255,1.0079999999999987,0.5-0.7
formal_logic,meta_llama_llama_3_70b_instruct,0.6349206349206349,0.2336507936507936,1.0079999999999998,0.5-0.7
formal_logic,meta_llama_llama_3_70b_instruct,0.6031746031746031,0.24126984126984186,1.0080000000000024,0.5-0.7
formal_logic,meta_llama_llama_3_70b_instruct,0.6031746031746031,0.24126984126984183,1.0080000000000022,0.5-0.7
formal_logic,meta_llama_llama_3_70b_instruct,0.6349206349206349,0.23365079365079358,1.0079999999999996,0.5-0.7
formal_logic,meta_llama_llama_3_70b_instruct,0.6111111111111112,0.23955555555555513,1.0079999999999982,0.5-0.7
formal_logic,meta_llama_llama_3_70b_instruct,0.6190476190476191,0.2377142857142858,1.0080000000000002,0.5-0.7
formal_logic,meta_llama_llama_3_70b_instruct,0.6031746031746031,0.24126984126984186,1.0080000000000024,0.5-0.7
formal_logic,meta_llama_llama_3_70b_instruct,0.5952380952380952,0.24285714285714252,1.0079999999999987,0.5-0.7
formal_logic,meta_llama_llama_3_70b_instruct,0.6349206349206349,0.23365079365079372,1.0080000000000002,0.5-0.7
formal_logic,meta_llama_llama_3_70b_instruct,0.6111111111111112,0.23955555555555513,1.0079999999999982,0.5-0.7
formal_logic,meta_llama_llama_3_70b_instruct,0.5873015873015873,0.2443174603174601,1.0079999999999991,0.5-0.7
formal_logic,meta_llama_llama_3_70b_instruct,0.6031746031746031,0.2412698412698418,1.0080000000000022,0.5-0.7
formal_logic,meta_llama_llama_3_70b_instruct,0.6031746031746031,0.24126984126984183,1.0080000000000022,0.5-0.7
formal_logic,meta_llama_llama_3_70b_instruct,0.6031746031746031,0.24126984126984183,1.0080000000000022,0.5-0.7
formal_logic,meta_llama_llama_3_70b_instruct,0.626984126984127,0.23574603174603162,1.0079999999999993,0.5-0.7
formal_logic,meta_llama_llama_3_70b_instruct,0.6031746031746031,0.24126984126984186,1.0080000000000024,0.5-0.7
formal_logic,meta_llama_llama_3_70b_instruct,0.5952380952380952,0.2428571428571425,1.0079999999999985,0.5-0.7
formal_logic,meta_llama_llama_3_70b_instruct,0.6031746031746031,0.24126984126984183,1.0080000000000022,0.5-0.7
formal_logic,meta_llama_llama_3_70b_instruct,0.626984126984127,0.23574603174603162,1.0079999999999993,0.5-0.7
formal_logic,meta_llama_llama_3_70b_instruct,0.6349206349206349,0.2336507936507937,1.008,0.5-0.7
formal_logic,meta_llama_llama_3_70b_instruct,0.6666666666666666,0.22399999999999956,1.007999999999998,0.5-0.7
formal_logic,meta_llama_llama_3_70b_instruct,0.626984126984127,0.2357460317460316,1.0079999999999993,0.5-0.7
formal_logic,meta_llama_llama_3_70b_instruct,0.6507936507936508,0.2290793650793655,1.0080000000000018,0.5-0.7
formal_logic,meta_llama_llama_3_70b_instruct,0.6507936507936508,0.2290793650793655,1.0080000000000018,0.5-0.7
formal_logic,meta_llama_llama_3_70b_instruct,0.6031746031746031,0.24126984126984177,1.008000000000002,0.5-0.7
formal_logic,meta_llama_llama_3_70b_instruct,0.6111111111111112,0.2395555555555551,1.007999999999998,0.5-0.7
formal_logic,meta_llama_llama_3_70b_instruct,0.6349206349206349,0.2336507936507937,1.008,0.5-0.7
formal_logic,meta_llama_llama_3_70b_instruct,0.6587301587301587,0.22660317460317506,1.008000000000002,0.5-0.7
formal_logic,meta_llama_llama_3_70b_instruct,0.6507936507936508,0.2290793650793655,1.0080000000000018,0.5-0.7
formal_logic,meta_llama_llama_3_70b_instruct,0.626984126984127,0.23574603174603162,1.0079999999999993,0.5-0.7
formal_logic,meta_llama_llama_3_70b_instruct,0.6587301587301587,0.226603174603175,1.0080000000000018,0.5-0.7
formal_logic,meta_llama_llama_3_70b_instruct,0.6190476190476191,0.2377142857142858,1.0080000000000002,0.5-0.7
formal_logic,meta_llama_llama_3_70b_instruct,0.6349206349206349,0.2336507936507937,1.008,0.5-0.7
formal_logic,meta_llama_llama_3_70b_instruct,0.6349206349206349,0.23365079365079372,1.0080000000000002,0.5-0.7
formal_logic,meta_llama_llama_3_70b_instruct,0.6031746031746031,0.24126984126984183,1.0080000000000022,0.5-0.7
formal_logic,meta_llama_llama_3_70b_instruct,0.6031746031746031,0.2412698412698418,1.0080000000000022,0.5-0.7
formal_logic,meta_llama_llama_3_70b_instruct,0.6190476190476191,0.23771428571428588,1.0080000000000007,0.5-0.7
formal_logic,meta_llama_llama_3_70b_instruct,0.6507936507936508,0.22907936507936552,1.008000000000002,0.5-0.7
formal_logic,meta_llama_llama_3_70b_instruct,0.6190476190476191,0.23771428571428582,1.0080000000000005,0.5-0.7
formal_logic,meta_llama_llama_3_70b_instruct,0.626984126984127,0.2357460317460316,1.0079999999999993,0.5-0.7
formal_logic,meta_llama_llama_3_70b_instruct,0.6111111111111112,0.2395555555555551,1.007999999999998,0.5-0.7
formal_logic,meta_llama_llama_3_70b_instruct,0.626984126984127,0.23574603174603162,1.0079999999999993,0.5-0.7
formal_logic,meta_llama_llama_3_70b_instruct,0.6587301587301587,0.22660317460317503,1.008000000000002,0.5-0.7
formal_logic,meta_llama_llama_3_70b_instruct,0.6190476190476191,0.23771428571428588,1.0080000000000007,0.5-0.7
formal_logic,meta_llama_llama_3_70b_instruct,0.6587301587301587,0.22660317460317508,1.0080000000000022,0.5-0.7
formal_logic,meta_llama_llama_3_70b_instruct,0.626984126984127,0.2357460317460316,1.0079999999999993,0.5-0.7
formal_logic,meta_llama_llama_3_70b_instruct,0.6349206349206349,0.2336507936507937,1.008,0.5-0.7
formal_logic,meta_llama_llama_3_70b_instruct,0.6190476190476191,0.23771428571428588,1.0080000000000007,0.5-0.7
formal_logic,meta_llama_llama_3_70b_instruct,0.6587301587301587,0.22660317460317506,1.008000000000002,0.5-0.7
formal_logic,meta_llama_llama_3_70b_instruct,0.6507936507936508,0.22907936507936544,1.0080000000000016,0.5-0.7
formal_logic,meta_llama_llama_3_70b_instruct,0.6666666666666666,0.22399999999999956,1.007999999999998,0.5-0.7
formal_logic,meta_llama_llama_3_70b_instruct,0.6349206349206349,0.2336507936507937,1.008,0.5-0.7
formal_logic,meta_llama_llama_3_70b_instruct,0.6507936507936508,0.22907936507936555,1.008000000000002,0.5-0.7
formal_logic,meta_llama_llama_3_70b_instruct,0.6507936507936508,0.2290793650793655,1.0080000000000018,0.5-0.7
formal_logic,meta_llama_llama_3_70b_instruct,0.6349206349206349,0.23365079365079366,1.008,0.5-0.7
formal_logic,meta_llama_llama_3_70b_instruct,0.6349206349206349,0.23365079365079372,1.0080000000000002,0.5-0.7
formal_logic,meta_llama_llama_3_70b_instruct,0.6428571428571429,0.23142857142857093,1.007999999999998,0.5-0.7
formal_logic,meta_llama_llama_3_70b_instruct,0.626984126984127,0.2357460317460316,1.0079999999999993,0.5-0.7
formal_logic,meta_llama_llama_3_70b_instruct,0.6349206349206349,0.23365079365079372,1.0080000000000002,0.5-0.7
formal_logic,meta_llama_llama_3_70b_instruct,0.6666666666666666,0.22399999999999956,1.007999999999998,0.5-0.7
formal_logic,meta_llama_llama_3_70b_instruct,0.6349206349206349,0.2336507936507937,1.008,0.5-0.7
formal_logic,meta_llama_llama_3_70b_instruct,0.6428571428571429,0.2314285714285709,1.0079999999999978,0.5-0.7
formal_logic,meta_llama_llama_3_70b_instruct,0.6031746031746031,0.2412698412698418,1.0080000000000022,0.5-0.7
formal_logic,meta_llama_llama_3_70b_instruct,0.5873015873015873,0.2443174603174601,1.0079999999999991,0.5-0.7
formal_logic,meta_llama_llama_3_70b_instruct,0.5952380952380952,0.24285714285714266,1.0079999999999991,0.5-0.7
formal_logic,meta_llama_llama_3_70b_instruct,0.6190476190476191,0.2377142857142859,1.008000000000001,0.5-0.7
formal_logic,meta_llama_llama_3_70b_instruct,0.6111111111111112,0.23955555555555513,1.0079999999999982,0.5-0.7
formal_logic,meta_llama_llama_3_70b_instruct,0.5952380952380952,0.24285714285714258,1.007999999999999,0.5-0.7
formal_logic,meta_llama_llama_3_70b_instruct,0.6031746031746031,0.24126984126984183,1.0080000000000022,0.5-0.7
formal_logic,meta_llama_llama_3_70b_instruct,0.626984126984127,0.23574603174603162,1.0079999999999993,0.5-0.7
formal_logic,meta_llama_llama_3_70b_instruct,0.6666666666666666,0.22399999999999956,1.007999999999998,0.5-0.7
formal_logic,meta_llama_llama_3_70b_instruct,0.626984126984127,0.2357460317460316,1.0079999999999993,0.5-0.7
formal_logic,meta_llama_llama_3_70b_instruct,0.6746031746031746,0.22126984126984114,1.0079999999999996,0.5-0.7
formal_logic,meta_llama_llama_3_70b_instruct,0.626984126984127,0.2357460317460316,1.0079999999999993,0.5-0.7
formal_logic,meta_llama_llama_3_70b_instruct,0.6507936507936508,0.22907936507936547,1.0080000000000018,0.5-0.7
formal_logic,meta_llama_llama_3_70b_instruct,0.6587301587301587,0.22660317460317508,1.0080000000000022,0.5-0.7
formal_logic,meta_llama_llama_3_70b_instruct,0.6349206349206349,0.23365079365079372,1.0080000000000002,0.5-0.7
formal_logic,meta_llama_llama_3_70b_instruct,0.6666666666666666,0.22399999999999956,1.007999999999998,0.5-0.7
formal_logic,meta_llama_llama_3_70b_instruct,0.6031746031746031,0.2412698412698418,1.0080000000000022,0.5-0.7
formal_logic,meta_llama_llama_3_70b_instruct,0.6190476190476191,0.23771428571428593,1.008000000000001,0.5-0.7
formal_logic,meta_llama_llama_3_70b_instruct,0.6111111111111112,0.2395555555555551,1.007999999999998,0.5-0.7
formal_logic,meta_llama_llama_3_70b_instruct,0.6190476190476191,0.23771428571428582,1.0080000000000005,0.5-0.7
formal_logic,meta_llama_llama_3_70b_instruct,0.6190476190476191,0.23771428571428588,1.0080000000000007,0.5-0.7
formal_logic,meta_llama_llama_3_70b_instruct,0.6190476190476191,0.23771428571428593,1.008000000000001,0.5-0.7
formal_logic,meta_llama_llama_3_70b_instruct,0.5952380952380952,0.24285714285714263,1.0079999999999991,0.5-0.7
formal_logic,meta_llama_llama_3_70b_instruct,0.6349206349206349,0.2336507936507937,1.008,0.5-0.7
formal_logic,meta_llama_llama_3_70b_instruct,0.6111111111111112,0.2395555555555551,1.007999999999998,0.5-0.7
formal_logic,meta_llama_llama_3_8b_instruct,0.4444444444444444,0.2488888888888894,1.0080000000000022,0.3-0.5
formal_logic,meta_llama_llama_3_8b_instruct,0.40476190476190477,0.24285714285714255,1.0079999999999987,0.3-0.5
formal_logic,meta_llama_llama_3_8b_instruct,0.4523809523809524,0.24971428571428536,1.0079999999999985,0.3-0.5
formal_logic,meta_llama_llama_3_8b_instruct,0.42063492063492064,0.2456507936507932,1.0079999999999982,0.3-0.5
formal_logic,meta_llama_llama_3_8b_instruct,0.40476190476190477,0.24285714285714258,1.007999999999999,0.3-0.5
formal_logic,meta_llama_llama_3_8b_instruct,0.42063492063492064,0.2456507936507932,1.0079999999999982,0.3-0.5
formal_logic,meta_llama_llama_3_8b_instruct,0.42063492063492064,0.2456507936507932,1.0079999999999982,0.3-0.5
formal_logic,meta_llama_llama_3_8b_instruct,0.42063492063492064,0.24565079365079318,1.0079999999999982,0.3-0.5
formal_logic,meta_llama_llama_3_8b_instruct,0.40476190476190477,0.24285714285714258,1.007999999999999,0.3-0.5
formal_logic,meta_llama_llama_3_8b_instruct,0.4444444444444444,0.2488888888888894,1.0080000000000022,0.3-0.5
formal_logic,meta_llama_llama_3_8b_instruct,0.42857142857142855,0.2468571428571433,1.008000000000002,0.3-0.5
formal_logic,meta_llama_llama_3_8b_instruct,0.4603174603174603,0.2504126984126983,1.0079999999999996,0.3-0.5
formal_logic,meta_llama_llama_3_8b_instruct,0.4365079365079365,0.24793650793650787,1.0079999999999998,0.3-0.5
formal_logic,meta_llama_llama_3_8b_instruct,0.4444444444444444,0.2488888888888894,1.0080000000000022,0.3-0.5
formal_logic,meta_llama_llama_3_8b_instruct,0.4365079365079365,0.24793650793650787,1.0079999999999998,0.3-0.5
formal_logic,meta_llama_llama_3_8b_instruct,0.42857142857142855,0.2468571428571433,1.008000000000002,0.3-0.5
formal_logic,meta_llama_llama_3_8b_instruct,0.4603174603174603,0.2504126984126983,1.0079999999999996,0.3-0.5
formal_logic,meta_llama_llama_3_8b_instruct,0.5,0.252,1.008,0.3-0.5
formal_logic,meta_llama_llama_3_8b_instruct,0.46825396825396826,0.2509841269841269,1.0079999999999998,0.3-0.5
formal_logic,meta_llama_llama_3_8b_instruct,0.42063492063492064,0.24565079365079318,1.0079999999999982,0.3-0.5
formal_logic,meta_llama_llama_3_8b_instruct,0.4444444444444444,0.2488888888888894,1.0080000000000022,0.3-0.5
formal_logic,meta_llama_llama_3_8b_instruct,0.48412698412698413,0.25174603174603133,1.0079999999999985,0.3-0.5
formal_logic,meta_llama_llama_3_8b_instruct,0.46825396825396826,0.25098412698412687,1.0079999999999996,0.3-0.5
formal_logic,meta_llama_llama_3_8b_instruct,0.4603174603174603,0.2504126984126983,1.0079999999999996,0.3-0.5
formal_logic,meta_llama_llama_3_8b_instruct,0.47619047619047616,0.2514285714285722,1.0080000000000031,0.3-0.5
formal_logic,meta_llama_llama_3_8b_instruct,0.4523809523809524,0.24971428571428536,1.0079999999999985,0.3-0.5
formal_logic,meta_llama_llama_3_8b_instruct,0.47619047619047616,0.2514285714285722,1.0080000000000031,0.3-0.5
formal_logic,meta_llama_llama_3_8b_instruct,0.4603174603174603,0.2504126984126983,1.0079999999999996,0.3-0.5
formal_logic,meta_llama_llama_3_8b_instruct,0.4444444444444444,0.2488888888888894,1.0080000000000022,0.3-0.5
formal_logic,meta_llama_llama_3_8b_instruct,0.48412698412698413,0.25174603174603133,1.0079999999999985,0.3-0.5
formal_logic,meta_llama_llama_3_8b_instruct,0.46825396825396826,0.25098412698412687,1.0079999999999996,0.3-0.5
formal_logic,meta_llama_llama_3_8b_instruct,0.4603174603174603,0.2504126984126983,1.0079999999999996,0.3-0.5
formal_logic,meta_llama_llama_3_8b_instruct,0.5079365079365079,0.2519365079365076,1.0079999999999987,0.5-0.7
formal_logic,meta_llama_llama_3_8b_instruct,0.4444444444444444,0.2488888888888894,1.0080000000000022,0.3-0.5
formal_logic,meta_llama_llama_3_8b_instruct,0.4523809523809524,0.24971428571428536,1.0079999999999985,0.3-0.5
formal_logic,meta_llama_llama_3_8b_instruct,0.4603174603174603,0.2504126984126983,1.0079999999999996,0.3-0.5
formal_logic,meta_llama_llama_3_8b_instruct,0.42063492063492064,0.2456507936507932,1.0079999999999982,0.3-0.5
formal_logic,meta_llama_llama_3_8b_instruct,0.4444444444444444,0.2488888888888894,1.0080000000000022,0.3-0.5
formal_logic,meta_llama_llama_3_8b_instruct,0.4365079365079365,0.24793650793650784,1.0079999999999996,0.3-0.5
formal_logic,meta_llama_llama_3_8b_instruct,0.4365079365079365,0.24793650793650784,1.0079999999999996,0.3-0.5
formal_logic,meta_llama_llama_3_8b_instruct,0.42063492063492064,0.2456507936507932,1.0079999999999982,0.3-0.5
formal_logic,meta_llama_llama_3_8b_instruct,0.4523809523809524,0.24971428571428536,1.0079999999999985,0.3-0.5
formal_logic,meta_llama_llama_3_8b_instruct,0.42063492063492064,0.2456507936507932,1.0079999999999982,0.3-0.5
formal_logic,meta_llama_llama_3_8b_instruct,0.4365079365079365,0.24793650793650787,1.0079999999999998,0.3-0.5
formal_logic,meta_llama_llama_3_8b_instruct,0.4444444444444444,0.2488888888888894,1.0080000000000022,0.3-0.5
formal_logic,meta_llama_llama_3_8b_instruct,0.42857142857142855,0.24685714285714339,1.0080000000000022,0.3-0.5
formal_logic,meta_llama_llama_3_8b_instruct,0.42857142857142855,0.2468571428571433,1.008000000000002,0.3-0.5
formal_logic,meta_llama_llama_3_8b_instruct,0.4523809523809524,0.24971428571428536,1.0079999999999985,0.3-0.5
formal_logic,meta_llama_llama_3_8b_instruct,0.4444444444444444,0.2488888888888894,1.0080000000000022,0.3-0.5
formal_logic,meta_llama_llama_3_8b_instruct,0.4603174603174603,0.2504126984126983,1.0079999999999996,0.3-0.5
formal_logic,meta_llama_llama_3_8b_instruct,0.4523809523809524,0.24971428571428536,1.0079999999999985,0.3-0.5
formal_logic,meta_llama_llama_3_8b_instruct,0.4523809523809524,0.24971428571428536,1.0079999999999985,0.3-0.5
formal_logic,meta_llama_llama_3_8b_instruct,0.47619047619047616,0.2514285714285722,1.0080000000000031,0.3-0.5
formal_logic,meta_llama_llama_3_8b_instruct,0.46825396825396826,0.2509841269841269,1.0079999999999998,0.3-0.5
formal_logic,meta_llama_llama_3_8b_instruct,0.46825396825396826,0.2509841269841268,1.0079999999999993,0.3-0.5
formal_logic,meta_llama_llama_3_8b_instruct,0.5079365079365079,0.2519365079365076,1.0079999999999987,0.5-0.7
formal_logic,meta_llama_llama_3_8b_instruct,0.47619047619047616,0.2514285714285722,1.0080000000000031,0.3-0.5
formal_logic,meta_llama_llama_3_8b_instruct,0.48412698412698413,0.25174603174603133,1.0079999999999985,0.3-0.5
formal_logic,meta_llama_llama_3_8b_instruct,0.4444444444444444,0.2488888888888894,1.0080000000000022,0.3-0.5
formal_logic,meta_llama_llama_3_8b_instruct,0.4603174603174603,0.2504126984126983,1.0079999999999996,0.3-0.5
formal_logic,meta_llama_llama_3_8b_instruct,0.46825396825396826,0.25098412698412687,1.0079999999999996,0.3-0.5
formal_logic,meta_llama_llama_3_8b_instruct,0.42857142857142855,0.24685714285714339,1.0080000000000022,0.3-0.5
formal_logic,meta_llama_llama_3_8b_instruct,0.4523809523809524,0.24971428571428536,1.0079999999999985,0.3-0.5
formal_logic,meta_llama_llama_3_8b_instruct,0.42063492063492064,0.2456507936507932,1.0079999999999982,0.3-0.5
formal_logic,meta_llama_llama_3_8b_instruct,0.4523809523809524,0.24971428571428536,1.0079999999999985,0.3-0.5
formal_logic,meta_llama_llama_3_8b_instruct,0.4603174603174603,0.2504126984126983,1.0079999999999996,0.3-0.5
formal_logic,meta_llama_llama_3_8b_instruct,0.4603174603174603,0.2504126984126983,1.0079999999999996,0.3-0.5
formal_logic,meta_llama_llama_3_8b_instruct,0.4365079365079365,0.24793650793650784,1.0079999999999996,0.3-0.5
formal_logic,meta_llama_llama_3_8b_instruct,0.4365079365079365,0.24793650793650787,1.0079999999999998,0.3-0.5
formal_logic,meta_llama_llama_3_8b_instruct,0.42857142857142855,0.24685714285714336,1.0080000000000022,0.3-0.5
formal_logic,meta_llama_llama_3_8b_instruct,0.4523809523809524,0.24971428571428536,1.0079999999999985,0.3-0.5
formal_logic,meta_llama_llama_3_8b_instruct,0.4444444444444444,0.2488888888888894,1.0080000000000022,0.3-0.5
formal_logic,meta_llama_llama_3_8b_instruct,0.4523809523809524,0.24971428571428536,1.0079999999999985,0.3-0.5
formal_logic,meta_llama_llama_3_8b_instruct,0.4603174603174603,0.2504126984126983,1.0079999999999996,0.3-0.5
formal_logic,meta_llama_llama_3_8b_instruct,0.4365079365079365,0.24793650793650784,1.0079999999999996,0.3-0.5
formal_logic,meta_llama_llama_3_8b_instruct,0.4365079365079365,0.24793650793650784,1.0079999999999996,0.3-0.5
formal_logic,meta_llama_llama_3_8b_instruct,0.4444444444444444,0.24888888888888944,1.0080000000000022,0.3-0.5
formal_logic,meta_llama_llama_3_8b_instruct,0.4365079365079365,0.24793650793650784,1.0079999999999996,0.3-0.5
formal_logic,meta_llama_llama_3_8b_instruct,0.4444444444444444,0.2488888888888894,1.0080000000000022,0.3-0.5
formal_logic,meta_llama_llama_3_8b_instruct,0.4444444444444444,0.24888888888888944,1.0080000000000022,0.3-0.5
formal_logic,meta_llama_llama_3_8b_instruct,0.4523809523809524,0.24971428571428536,1.0079999999999985,0.3-0.5
formal_logic,meta_llama_llama_3_8b_instruct,0.46825396825396826,0.2509841269841269,1.0079999999999998,0.3-0.5
formal_logic,meta_llama_llama_3_8b_instruct,0.48412698412698413,0.25174603174603133,1.0079999999999985,0.3-0.5
formal_logic,meta_llama_llama_3_8b_instruct,0.4603174603174603,0.2504126984126983,1.0079999999999996,0.3-0.5
formal_logic,meta_llama_llama_3_8b_instruct,0.4444444444444444,0.2488888888888894,1.0080000000000022,0.3-0.5
formal_logic,meta_llama_llama_3_8b_instruct,0.4523809523809524,0.24971428571428536,1.0079999999999985,0.3-0.5
formal_logic,meta_llama_llama_3_8b_instruct,0.4444444444444444,0.2488888888888894,1.0080000000000022,0.3-0.5
formal_logic,meta_llama_llama_3_8b_instruct,0.42063492063492064,0.24565079365079318,1.0079999999999982,0.3-0.5
formal_logic,meta_llama_llama_3_8b_instruct,0.47619047619047616,0.25142857142857217,1.008000000000003,0.3-0.5
formal_logic,meta_llama_llama_3_8b_instruct,0.49206349206349204,0.2519365079365076,1.007999999999999,0.3-0.5
formal_logic,meta_llama_llama_3_8b_instruct,0.48412698412698413,0.25174603174603133,1.0079999999999985,0.3-0.5
formal_logic,meta_llama_llama_3_8b_instruct,0.4523809523809524,0.24971428571428536,1.0079999999999985,0.3-0.5
formal_logic,meta_llama_llama_3_8b_instruct,0.4603174603174603,0.2504126984126983,1.0079999999999996,0.3-0.5
formal_logic,meta_llama_llama_3_8b_instruct,0.42857142857142855,0.24685714285714336,1.0080000000000022,0.3-0.5
formal_logic,meta_llama_llama_3_8b_instruct,0.4523809523809524,0.24971428571428536,1.0079999999999985,0.3-0.5
formal_logic,meta_llama_llama_3_8b_instruct,0.4603174603174603,0.2504126984126983,1.0079999999999996,0.3-0.5
formal_logic,meta_llama_llama_3_8b_instruct,0.4603174603174603,0.2504126984126983,1.0079999999999996,0.3-0.5
formal_logic,meta_llama_llama_3_8b_instruct,0.4444444444444444,0.2488888888888894,1.0080000000000022,0.3-0.5
formal_logic,meta_llama_llama_3_8b_instruct,0.48412698412698413,0.25174603174603133,1.0079999999999985,0.3-0.5
formal_logic,meta_llama_llama_3_8b_instruct,0.4603174603174603,0.2504126984126983,1.0079999999999996,0.3-0.5
formal_logic,mistralai_mistral_7b_instruct_v0_2,0.3492063492063492,0.22907936507936552,1.008000000000002,0.3-0.5
formal_logic,mistralai_mistral_7b_instruct_v0_2,0.35714285714285715,0.23142857142857093,1.007999999999998,0.3-0.5
formal_logic,mistralai_mistral_7b_instruct_v0_2,0.40476190476190477,0.24285714285714247,1.0079999999999985,0.3-0.5
formal_logic,mistralai_mistral_7b_instruct_v0_2,0.36507936507936506,0.23365079365079366,1.0080000000000002,0.3-0.5
formal_logic,mistralai_mistral_7b_instruct_v0_2,0.35714285714285715,0.23142857142857096,1.007999999999998,0.3-0.5
formal_logic,mistralai_mistral_7b_instruct_v0_2,0.38095238095238093,0.2377142857142858,1.0080000000000002,0.3-0.5
formal_logic,mistralai_mistral_7b_instruct_v0_2,0.38095238095238093,0.23771428571428588,1.0080000000000007,0.3-0.5
formal_logic,mistralai_mistral_7b_instruct_v0_2,0.40476190476190477,0.2428571428571425,1.0079999999999985,0.3-0.5
formal_logic,mistralai_mistral_7b_instruct_v0_2,0.3492063492063492,0.22907936507936558,1.0080000000000022,0.3-0.5
formal_logic,mistralai_mistral_7b_instruct_v0_2,0.38095238095238093,0.2377142857142858,1.0080000000000002,0.3-0.5
formal_logic,mistralai_mistral_7b_instruct_v0_2,0.40476190476190477,0.24285714285714255,1.0079999999999987,0.3-0.5
formal_logic,mistralai_mistral_7b_instruct_v0_2,0.36507936507936506,0.23365079365079366,1.0080000000000002,0.3-0.5
formal_logic,mistralai_mistral_7b_instruct_v0_2,0.373015873015873,0.23574603174603162,1.0079999999999993,0.3-0.5
formal_logic,mistralai_mistral_7b_instruct_v0_2,0.3888888888888889,0.23955555555555516,1.0079999999999982,0.3-0.5
formal_logic,mistralai_mistral_7b_instruct_v0_2,0.35714285714285715,0.23142857142857093,1.007999999999998,0.3-0.5
formal_logic,mistralai_mistral_7b_instruct_v0_2,0.3888888888888889,0.2395555555555552,1.0079999999999982,0.3-0.5
formal_logic,mistralai_mistral_7b_instruct_v0_2,0.373015873015873,0.23574603174603162,1.0079999999999993,0.3-0.5
formal_logic,mistralai_mistral_7b_instruct_v0_2,0.38095238095238093,0.2377142857142858,1.0080000000000002,0.3-0.5
formal_logic,mistralai_mistral_7b_instruct_v0_2,0.35714285714285715,0.23142857142857096,1.007999999999998,0.3-0.5
formal_logic,mistralai_mistral_7b_instruct_v0_2,0.40476190476190477,0.24285714285714255,1.0079999999999987,0.3-0.5
formal_logic,mistralai_mistral_7b_instruct_v0_2,0.3968253968253968,0.24126984126984197,1.008000000000003,0.3-0.5
formal_logic,mistralai_mistral_7b_instruct_v0_2,0.3412698412698413,0.22660317460317506,1.008000000000002,0.3-0.5
formal_logic,mistralai_mistral_7b_instruct_v0_2,0.31746031746031744,0.21841269841269859,1.008000000000001,0.3-0.5
formal_logic,mistralai_mistral_7b_instruct_v0_2,0.3412698412698413,0.2266031746031752,1.0080000000000027,0.3-0.5
formal_logic,mistralai_mistral_7b_instruct_v0_2,0.3253968253968254,0.22126984126984112,1.0079999999999991,0.3-0.5
formal_logic,mistralai_mistral_7b_instruct_v0_2,0.30952380952380953,0.21542857142857144,1.008,0.3-0.5
formal_logic,mistralai_mistral_7b_instruct_v0_2,0.29365079365079366,0.20907936507936495,1.0079999999999996,0.1-0.3
formal_logic,mistralai_mistral_7b_instruct_v0_2,0.3492063492063492,0.22907936507936563,1.0080000000000024,0.3-0.5
formal_logic,mistralai_mistral_7b_instruct_v0_2,0.31746031746031744,0.21841269841269859,1.008000000000001,0.3-0.5
formal_logic,mistralai_mistral_7b_instruct_v0_2,0.2857142857142857,0.2057142857142854,1.0079999999999985,0.1-0.3
formal_logic,mistralai_mistral_7b_instruct_v0_2,0.29365079365079366,0.20907936507936495,1.0079999999999996,0.1-0.3
formal_logic,mistralai_mistral_7b_instruct_v0_2,0.3412698412698413,0.2266031746031752,1.0080000000000027,0.3-0.5
formal_logic,mistralai_mistral_7b_instruct_v0_2,0.3333333333333333,0.2239999999999996,1.007999999999998,0.3-0.5
formal_logic,mistralai_mistral_7b_instruct_v0_2,0.373015873015873,0.23574603174603165,1.0079999999999996,0.3-0.5
formal_logic,mistralai_mistral_7b_instruct_v0_2,0.31746031746031744,0.2184126984126986,1.008000000000001,0.3-0.5
formal_logic,mistralai_mistral_7b_instruct_v0_2,0.3492063492063492,0.22907936507936566,1.0080000000000027,0.3-0.5
formal_logic,mistralai_mistral_7b_instruct_v0_2,0.3888888888888889,0.2395555555555552,1.0079999999999982,0.3-0.5
formal_logic,mistralai_mistral_7b_instruct_v0_2,0.3492063492063492,0.22907936507936563,1.0080000000000024,0.3-0.5
formal_logic,mistralai_mistral_7b_instruct_v0_2,0.36507936507936506,0.2336507936507935,1.0079999999999996,0.3-0.5
formal_logic,mistralai_mistral_7b_instruct_v0_2,0.35714285714285715,0.23142857142857096,1.007999999999998,0.3-0.5
formal_logic,mistralai_mistral_7b_instruct_v0_2,0.36507936507936506,0.23365079365079353,1.0079999999999996,0.3-0.5
formal_logic,mistralai_mistral_7b_instruct_v0_2,0.3492063492063492,0.22907936507936555,1.008000000000002,0.3-0.5
formal_logic,mistralai_mistral_7b_instruct_v0_2,0.3253968253968254,0.2212698412698411,1.0079999999999991,0.3-0.5
formal_logic,mistralai_mistral_7b_instruct_v0_2,0.3253968253968254,0.2212698412698411,1.0079999999999991,0.3-0.5
formal_logic,mistralai_mistral_7b_instruct_v0_2,0.3333333333333333,0.22399999999999956,1.007999999999998,0.3-0.5
formal_logic,mistralai_mistral_7b_instruct_v0_2,0.3492063492063492,0.22907936507936558,1.0080000000000022,0.3-0.5
formal_logic,mistralai_mistral_7b_instruct_v0_2,0.3333333333333333,0.22399999999999956,1.007999999999998,0.3-0.5
formal_logic,mistralai_mistral_7b_instruct_v0_2,0.3333333333333333,0.2239999999999996,1.007999999999998,0.3-0.5
formal_logic,mistralai_mistral_7b_instruct_v0_2,0.3333333333333333,0.2239999999999996,1.007999999999998,0.3-0.5
formal_logic,mistralai_mistral_7b_instruct_v0_2,0.3333333333333333,0.2239999999999996,1.007999999999998,0.3-0.5
formal_logic,mistralai_mistral_7b_instruct_v0_2,0.3492063492063492,0.22907936507936558,1.0080000000000022,0.3-0.5
formal_logic,mistralai_mistral_7b_instruct_v0_2,0.30952380952380953,0.21542857142857144,1.008,0.3-0.5
formal_logic,mistralai_mistral_7b_instruct_v0_2,0.3412698412698413,0.22660317460317514,1.0080000000000024,0.3-0.5
formal_logic,mistralai_mistral_7b_instruct_v0_2,0.3333333333333333,0.2239999999999996,1.007999999999998,0.3-0.5
formal_logic,mistralai_mistral_7b_instruct_v0_2,0.36507936507936506,0.23365079365079358,1.0079999999999998,0.3-0.5
formal_logic,mistralai_mistral_7b_instruct_v0_2,0.3492063492063492,0.22907936507936563,1.0080000000000024,0.3-0.5
formal_logic,mistralai_mistral_7b_instruct_v0_2,0.3253968253968254,0.22126984126984106,1.007999999999999,0.3-0.5
formal_logic,mistralai_mistral_7b_instruct_v0_2,0.3333333333333333,0.2239999999999996,1.007999999999998,0.3-0.5
formal_logic,mistralai_mistral_7b_instruct_v0_2,0.3333333333333333,0.2239999999999996,1.007999999999998,0.3-0.5
formal_logic,mistralai_mistral_7b_instruct_v0_2,0.3253968253968254,0.22126984126984106,1.007999999999999,0.3-0.5
formal_logic,mistralai_mistral_7b_instruct_v0_2,0.3333333333333333,0.2239999999999996,1.007999999999998,0.3-0.5
formal_logic,mistralai_mistral_7b_instruct_v0_2,0.3333333333333333,0.2239999999999996,1.007999999999998,0.3-0.5
formal_logic,mistralai_mistral_7b_instruct_v0_2,0.3253968253968254,0.22126984126984112,1.0079999999999991,0.3-0.5
formal_logic,mistralai_mistral_7b_instruct_v0_2,0.36507936507936506,0.23365079365079358,1.0079999999999998,0.3-0.5
formal_logic,mistralai_mistral_7b_instruct_v0_2,0.3333333333333333,0.2239999999999996,1.007999999999998,0.3-0.5
formal_logic,mistralai_mistral_7b_instruct_v0_2,0.36507936507936506,0.23365079365079353,1.0079999999999996,0.3-0.5
formal_logic,mistralai_mistral_7b_instruct_v0_2,0.3412698412698413,0.2266031746031751,1.0080000000000022,0.3-0.5
formal_logic,mistralai_mistral_7b_instruct_v0_2,0.3253968253968254,0.22126984126984106,1.007999999999999,0.3-0.5
formal_logic,mistralai_mistral_7b_instruct_v0_2,0.373015873015873,0.23574603174603165,1.0079999999999996,0.3-0.5
formal_logic,mistralai_mistral_7b_instruct_v0_2,0.3492063492063492,0.22907936507936558,1.0080000000000022,0.3-0.5
formal_logic,mistralai_mistral_7b_instruct_v0_2,0.3412698412698413,0.2266031746031752,1.0080000000000027,0.3-0.5
formal_logic,mistralai_mistral_7b_instruct_v0_2,0.3333333333333333,0.22399999999999956,1.007999999999998,0.3-0.5
formal_logic,mistralai_mistral_7b_instruct_v0_2,0.3333333333333333,0.2239999999999996,1.007999999999998,0.3-0.5
formal_logic,mistralai_mistral_7b_instruct_v0_2,0.3253968253968254,0.22126984126984106,1.007999999999999,0.3-0.5
formal_logic,mistralai_mistral_7b_instruct_v0_2,0.35714285714285715,0.23142857142857096,1.007999999999998,0.3-0.5
formal_logic,mistralai_mistral_7b_instruct_v0_2,0.35714285714285715,0.23142857142857093,1.007999999999998,0.3-0.5
formal_logic,mistralai_mistral_7b_instruct_v0_2,0.3492063492063492,0.22907936507936558,1.0080000000000022,0.3-0.5
formal_logic,mistralai_mistral_7b_instruct_v0_2,0.35714285714285715,0.23142857142857096,1.007999999999998,0.3-0.5
formal_logic,mistralai_mistral_7b_instruct_v0_2,0.3333333333333333,0.2239999999999996,1.007999999999998,0.3-0.5
formal_logic,mistralai_mistral_7b_instruct_v0_2,0.35714285714285715,0.23142857142857093,1.007999999999998,0.3-0.5
formal_logic,mistralai_mistral_7b_instruct_v0_2,0.3888888888888889,0.2395555555555552,1.0079999999999982,0.3-0.5
formal_logic,mistralai_mistral_7b_instruct_v0_2,0.3412698412698413,0.22660317460317514,1.0080000000000024,0.3-0.5
formal_logic,mistralai_mistral_7b_instruct_v0_2,0.38095238095238093,0.23771428571428588,1.0080000000000007,0.3-0.5
formal_logic,mistralai_mistral_7b_instruct_v0_2,0.40476190476190477,0.24285714285714255,1.0079999999999987,0.3-0.5
formal_logic,mistralai_mistral_7b_instruct_v0_2,0.38095238095238093,0.23771428571428588,1.0080000000000007,0.3-0.5
formal_logic,mistralai_mistral_7b_instruct_v0_2,0.373015873015873,0.23574603174603162,1.0079999999999993,0.3-0.5
formal_logic,mistralai_mistral_7b_instruct_v0_2,0.38095238095238093,0.23771428571428588,1.0080000000000007,0.3-0.5
formal_logic,mistralai_mistral_7b_instruct_v0_2,0.38095238095238093,0.23771428571428588,1.0080000000000007,0.3-0.5
formal_logic,mistralai_mistral_7b_instruct_v0_2,0.373015873015873,0.23574603174603162,1.0079999999999993,0.3-0.5
formal_logic,mistralai_mistral_7b_instruct_v0_2,0.373015873015873,0.23574603174603162,1.0079999999999993,0.3-0.5
formal_logic,mistralai_mistral_7b_instruct_v0_2,0.36507936507936506,0.23365079365079364,1.008,0.3-0.5
formal_logic,mistralai_mistral_7b_instruct_v0_2,0.3412698412698413,0.2266031746031751,1.0080000000000022,0.3-0.5
formal_logic,mistralai_mistral_7b_instruct_v0_2,0.3253968253968254,0.2212698412698411,1.0079999999999991,0.3-0.5
formal_logic,mistralai_mistral_7b_instruct_v0_2,0.35714285714285715,0.23142857142857096,1.007999999999998,0.3-0.5
formal_logic,mistralai_mistral_7b_instruct_v0_2,0.3492063492063492,0.22907936507936563,1.0080000000000024,0.3-0.5
formal_logic,mistralai_mistral_7b_instruct_v0_2,0.31746031746031744,0.21841269841269859,1.008000000000001,0.3-0.5
formal_logic,mistralai_mistral_7b_instruct_v0_2,0.3253968253968254,0.22126984126984106,1.007999999999999,0.3-0.5
formal_logic,mistralai_mistral_7b_instruct_v0_2,0.3492063492063492,0.22907936507936555,1.008000000000002,0.3-0.5
formal_logic,mistralai_mistral_7b_instruct_v0_2,0.3412698412698413,0.2266031746031752,1.0080000000000027,0.3-0.5
formal_logic,mistralai_mistral_7b_instruct_v0_2,0.36507936507936506,0.23365079365079358,1.0079999999999998,0.3-0.5
formal_logic,tiiuae_falcon_40b,0.3333333333333333,0.2239999999999996,1.007999999999998,0.3-0.5
formal_logic,tiiuae_falcon_40b,0.3412698412698413,0.2266031746031751,1.0080000000000022,0.3-0.5
formal_logic,tiiuae_falcon_40b,0.31746031746031744,0.2184126984126986,1.008000000000001,0.3-0.5
formal_logic,tiiuae_falcon_40b,0.29365079365079366,0.20907936507936492,1.0079999999999993,0.1-0.3
formal_logic,tiiuae_falcon_40b,0.2619047619047619,0.1948571428571427,1.0079999999999991,0.1-0.3
formal_logic,tiiuae_falcon_40b,0.2857142857142857,0.2057142857142854,1.0079999999999985,0.1-0.3
formal_logic,tiiuae_falcon_40b,0.31746031746031744,0.2184126984126986,1.008000000000001,0.3-0.5
formal_logic,tiiuae_falcon_40b,0.29365079365079366,0.20907936507936492,1.0079999999999993,0.1-0.3
formal_logic,tiiuae_falcon_40b,0.2619047619047619,0.1948571428571427,1.0079999999999991,0.1-0.3
formal_logic,tiiuae_falcon_40b,0.30952380952380953,0.21542857142857147,1.0080000000000002,0.3-0.5
formal_logic,tiiuae_falcon_40b,0.3333333333333333,0.2239999999999996,1.007999999999998,0.3-0.5
formal_logic,tiiuae_falcon_40b,0.30952380952380953,0.21542857142857144,1.008,0.3-0.5
formal_logic,tiiuae_falcon_40b,0.30158730158730157,0.21231746031746035,1.0080000000000002,0.3-0.5
formal_logic,tiiuae_falcon_40b,0.36507936507936506,0.23365079365079355,1.0079999999999998,0.3-0.5
formal_logic,tiiuae_falcon_40b,0.38095238095238093,0.2377142857142857,1.008,0.3-0.5
formal_logic,tiiuae_falcon_40b,0.30952380952380953,0.2154285714285714,1.008,0.3-0.5
formal_logic,tiiuae_falcon_40b,0.36507936507936506,0.23365079365079353,1.0079999999999996,0.3-0.5
formal_logic,tiiuae_falcon_40b,0.29365079365079366,0.20907936507936492,1.0079999999999993,0.1-0.3
formal_logic,tiiuae_falcon_40b,0.35714285714285715,0.23142857142857096,1.007999999999998,0.3-0.5
formal_logic,tiiuae_falcon_40b,0.30158730158730157,0.21231746031746038,1.0080000000000005,0.3-0.5
formal_logic,tiiuae_falcon_40b,0.38095238095238093,0.23771428571428574,1.008,0.3-0.5
formal_logic,tiiuae_falcon_40b,0.30952380952380953,0.21542857142857144,1.008,0.3-0.5
formal_logic,tiiuae_falcon_40b,0.373015873015873,0.23574603174603162,1.0079999999999993,0.3-0.5
formal_logic,tiiuae_falcon_40b,0.35714285714285715,0.23142857142857093,1.007999999999998,0.3-0.5
formal_logic,tiiuae_falcon_40b,0.36507936507936506,0.23365079365079358,1.0079999999999998,0.3-0.5
formal_logic,tiiuae_falcon_40b,0.36507936507936506,0.23365079365079358,1.0079999999999998,0.3-0.5
formal_logic,tiiuae_falcon_40b,0.35714285714285715,0.23142857142857093,1.007999999999998,0.3-0.5
formal_logic,tiiuae_falcon_40b,0.3492063492063492,0.22907936507936558,1.0080000000000022,0.3-0.5
formal_logic,tiiuae_falcon_40b,0.373015873015873,0.23574603174603162,1.0079999999999993,0.3-0.5
formal_logic,tiiuae_falcon_40b,0.30158730158730157,0.21231746031746035,1.0080000000000002,0.3-0.5
formal_logic,tiiuae_falcon_40b,0.2777777777777778,0.20222222222222225,1.008,0.1-0.3
formal_logic,tiiuae_falcon_40b,0.30952380952380953,0.21542857142857147,1.0080000000000002,0.3-0.5
formal_logic,tiiuae_falcon_40b,0.30158730158730157,0.21231746031746035,1.0080000000000002,0.3-0.5
formal_logic,tiiuae_falcon_40b,0.36507936507936506,0.23365079365079347,1.0079999999999993,0.3-0.5
formal_logic,tiiuae_falcon_40b,0.3888888888888889,0.23955555555555516,1.0079999999999982,0.3-0.5
formal_logic,tiiuae_falcon_40b,0.30952380952380953,0.21542857142857147,1.0080000000000002,0.3-0.5
formal_logic,tiiuae_falcon_40b,0.30952380952380953,0.21542857142857147,1.0080000000000002,0.3-0.5
formal_logic,tiiuae_falcon_40b,0.29365079365079366,0.20907936507936498,1.0079999999999996,0.1-0.3
formal_logic,tiiuae_falcon_40b,0.31746031746031744,0.2184126984126986,1.008000000000001,0.3-0.5
formal_logic,tiiuae_falcon_40b,0.3253968253968254,0.2212698412698411,1.0079999999999991,0.3-0.5
formal_logic,tiiuae_falcon_40b,0.3253968253968254,0.22126984126984106,1.007999999999999,0.3-0.5
formal_logic,tiiuae_falcon_40b,0.30158730158730157,0.21231746031746035,1.0080000000000002,0.3-0.5
formal_logic,tiiuae_falcon_40b,0.3253968253968254,0.2212698412698411,1.0079999999999991,0.3-0.5
formal_logic,tiiuae_falcon_40b,0.3412698412698413,0.22660317460317508,1.0080000000000022,0.3-0.5
formal_logic,tiiuae_falcon_40b,0.3492063492063492,0.22907936507936555,1.008000000000002,0.3-0.5
formal_logic,tiiuae_falcon_40b,0.30158730158730157,0.21231746031746035,1.0080000000000002,0.3-0.5
formal_logic,tiiuae_falcon_40b,0.2857142857142857,0.20571428571428543,1.0079999999999987,0.1-0.3
formal_logic,tiiuae_falcon_40b,0.31746031746031744,0.2184126984126986,1.008000000000001,0.3-0.5
formal_logic,tiiuae_falcon_40b,0.29365079365079366,0.20907936507936492,1.0079999999999993,0.1-0.3
formal_logic,tiiuae_falcon_40b,0.30158730158730157,0.21231746031746035,1.0080000000000002,0.3-0.5
formal_logic,tiiuae_falcon_40b,0.3492063492063492,0.22907936507936563,1.0080000000000024,0.3-0.5
formal_logic,tiiuae_falcon_40b,0.3492063492063492,0.22907936507936563,1.0080000000000024,0.3-0.5
formal_logic,tiiuae_falcon_40b,0.35714285714285715,0.23142857142857096,1.007999999999998,0.3-0.5
formal_logic,tiiuae_falcon_40b,0.373015873015873,0.23574603174603165,1.0079999999999996,0.3-0.5
formal_logic,tiiuae_falcon_40b,0.3968253968253968,0.24126984126984194,1.0080000000000027,0.3-0.5
formal_logic,tiiuae_falcon_40b,0.40476190476190477,0.24285714285714247,1.0079999999999985,0.3-0.5
formal_logic,tiiuae_falcon_40b,0.38095238095238093,0.23771428571428577,1.0080000000000002,0.3-0.5
formal_logic,tiiuae_falcon_40b,0.38095238095238093,0.23771428571428568,1.0079999999999998,0.3-0.5
formal_logic,tiiuae_falcon_40b,0.38095238095238093,0.23771428571428568,1.0079999999999998,0.3-0.5
formal_logic,tiiuae_falcon_40b,0.3492063492063492,0.22907936507936566,1.0080000000000027,0.3-0.5
formal_logic,tiiuae_falcon_40b,0.29365079365079366,0.20907936507936495,1.0079999999999996,0.1-0.3
formal_logic,tiiuae_falcon_40b,0.373015873015873,0.23574603174603162,1.0079999999999993,0.3-0.5
formal_logic,tiiuae_falcon_40b,0.373015873015873,0.23574603174603162,1.0079999999999993,0.3-0.5
formal_logic,tiiuae_falcon_40b,0.30158730158730157,0.21231746031746035,1.0080000000000002,0.3-0.5
formal_logic,tiiuae_falcon_40b,0.36507936507936506,0.23365079365079358,1.0079999999999998,0.3-0.5
formal_logic,tiiuae_falcon_40b,0.36507936507936506,0.2336507936507936,1.008,0.3-0.5
formal_logic,tiiuae_falcon_40b,0.3492063492063492,0.22907936507936555,1.008000000000002,0.3-0.5
formal_logic,tiiuae_falcon_40b,0.3492063492063492,0.22907936507936547,1.0080000000000018,0.3-0.5
formal_logic,tiiuae_falcon_40b,0.36507936507936506,0.2336507936507936,1.008,0.3-0.5
formal_logic,tiiuae_falcon_40b,0.3888888888888889,0.23955555555555516,1.0079999999999982,0.3-0.5
formal_logic,tiiuae_falcon_40b,0.3333333333333333,0.22399999999999956,1.007999999999998,0.3-0.5
formal_logic,tiiuae_falcon_40b,0.3492063492063492,0.22907936507936555,1.008000000000002,0.3-0.5
formal_logic,tiiuae_falcon_40b,0.31746031746031744,0.2184126984126986,1.008000000000001,0.3-0.5
formal_logic,tiiuae_falcon_40b,0.3253968253968254,0.2212698412698411,1.0079999999999991,0.3-0.5
formal_logic,tiiuae_falcon_40b,0.30952380952380953,0.21542857142857147,1.0080000000000002,0.3-0.5
formal_logic,tiiuae_falcon_40b,0.35714285714285715,0.23142857142857093,1.007999999999998,0.3-0.5
formal_logic,tiiuae_falcon_40b,0.30952380952380953,0.21542857142857147,1.0080000000000002,0.3-0.5
formal_logic,tiiuae_falcon_40b,0.30952380952380953,0.21542857142857147,1.0080000000000002,0.3-0.5
formal_logic,tiiuae_falcon_40b,0.36507936507936506,0.23365079365079364,1.008,0.3-0.5
formal_logic,tiiuae_falcon_40b,0.31746031746031744,0.2184126984126986,1.008000000000001,0.3-0.5
formal_logic,tiiuae_falcon_40b,0.3333333333333333,0.22399999999999964,1.0079999999999982,0.3-0.5
formal_logic,tiiuae_falcon_40b,0.3412698412698413,0.2266031746031752,1.0080000000000027,0.3-0.5
formal_logic,tiiuae_falcon_40b,0.31746031746031744,0.21841269841269859,1.008000000000001,0.3-0.5
formal_logic,tiiuae_falcon_40b,0.3412698412698413,0.22660317460317514,1.0080000000000024,0.3-0.5
formal_logic,tiiuae_falcon_40b,0.3253968253968254,0.22126984126984112,1.0079999999999991,0.3-0.5
formal_logic,tiiuae_falcon_40b,0.30158730158730157,0.21231746031746035,1.0080000000000002,0.3-0.5
formal_logic,tiiuae_falcon_40b,0.30952380952380953,0.21542857142857144,1.008,0.3-0.5
formal_logic,tiiuae_falcon_40b,0.30952380952380953,0.21542857142857147,1.0080000000000002,0.3-0.5
formal_logic,tiiuae_falcon_40b,0.373015873015873,0.2357460317460317,1.0079999999999998,0.3-0.5
formal_logic,tiiuae_falcon_40b,0.29365079365079366,0.20907936507936495,1.0079999999999996,0.1-0.3
formal_logic,tiiuae_falcon_40b,0.40476190476190477,0.24285714285714247,1.0079999999999985,0.3-0.5
formal_logic,tiiuae_falcon_40b,0.38095238095238093,0.23771428571428574,1.008,0.3-0.5
formal_logic,tiiuae_falcon_40b,0.3333333333333333,0.22399999999999956,1.007999999999998,0.3-0.5
formal_logic,tiiuae_falcon_40b,0.31746031746031744,0.2184126984126986,1.008000000000001,0.3-0.5
formal_logic,tiiuae_falcon_40b,0.35714285714285715,0.23142857142857096,1.007999999999998,0.3-0.5
formal_logic,tiiuae_falcon_40b,0.40476190476190477,0.24285714285714247,1.0079999999999985,0.3-0.5
formal_logic,tiiuae_falcon_40b,0.373015873015873,0.23574603174603162,1.0079999999999993,0.3-0.5
formal_logic,tiiuae_falcon_40b,0.3412698412698413,0.2266031746031752,1.0080000000000027,0.3-0.5
formal_logic,tiiuae_falcon_40b,0.3492063492063492,0.22907936507936563,1.0080000000000024,0.3-0.5
formal_logic,tiiuae_falcon_40b,0.3492063492063492,0.22907936507936563,1.0080000000000024,0.3-0.5
high_school_psychology,codellama_codellama_34b_instruct,0.6568807339449542,0.2258027522935779,1.0018382352941173,0.5-0.7
high_school_psychology,codellama_codellama_34b_instruct,0.671559633027523,0.22097274689692603,1.0018382352941273,0.5-0.7
high_school_psychology,codellama_codellama_34b_instruct,0.6385321100917432,0.23123313545601776,1.0018382352941197,0.5-0.7
high_school_psychology,codellama_codellama_34b_instruct,0.6605504587155964,0.22463572584997266,1.001838235294116,0.5-0.7
high_school_psychology,codellama_codellama_34b_instruct,0.6880733944954128,0.21502293577981516,1.0018382352941113,0.5-0.7
high_school_psychology,codellama_codellama_34b_instruct,0.6807339449541284,0.21773475445224144,1.001838235294126,0.5-0.7
high_school_psychology,codellama_codellama_34b_instruct,0.6605504587155964,0.22463572584997268,1.0018382352941162,0.5-0.7
high_school_psychology,codellama_codellama_34b_instruct,0.6477064220183486,0.22860226659471122,1.0018382352941173,0.5-0.7
high_school_psychology,codellama_codellama_34b_instruct,0.6880733944954128,0.21502293577981516,1.0018382352941113,0.5-0.7
high_school_psychology,codellama_codellama_34b_instruct,0.673394495412844,0.22033864004317189,1.0018382352941115,0.5-0.7
high_school_psychology,codellama_codellama_34b_instruct,0.6568807339449542,0.22580275229357788,1.0018382352941173,0.5-0.7
high_school_psychology,codellama_codellama_34b_instruct,0.6788990825688074,0.21839584457636213,1.0018382352941153,0.5-0.7
high_school_psychology,codellama_codellama_34b_instruct,0.6660550458715596,0.22283459255261903,1.001838235294125,0.5-0.7
high_school_psychology,codellama_codellama_34b_instruct,0.6623853211009174,0.2240420939017815,1.0018382352941204,0.5-0.7
high_school_psychology,codellama_codellama_34b_instruct,0.6660550458715596,0.22283459255261903,1.001838235294125,0.5-0.7
high_school_psychology,codellama_codellama_34b_instruct,0.6477064220183486,0.2286022665947113,1.0018382352941178,0.5-0.7
high_school_psychology,codellama_codellama_34b_instruct,0.673394495412844,0.22033864004317189,1.0018382352941115,0.5-0.7
high_school_psychology,codellama_codellama_34b_instruct,0.6788990825688074,0.21839584457636213,1.0018382352941153,0.5-0.7
high_school_psychology,codellama_codellama_34b_instruct,0.673394495412844,0.22033864004317189,1.0018382352941115,0.5-0.7
high_school_psychology,codellama_codellama_34b_instruct,0.655045871559633,0.22637614678898926,1.0018382352941106,0.5-0.7
high_school_psychology,codellama_codellama_34b_instruct,0.6623853211009174,0.22404209390178148,1.0018382352941202,0.5-0.7
high_school_psychology,codellama_codellama_34b_instruct,0.6458715596330276,0.22914193200215824,1.001838235294116,0.5-0.7
high_school_psychology,codellama_codellama_34b_instruct,0.6495412844036698,0.22805585536967174,1.0018382352941217,0.5-0.7
high_school_psychology,codellama_codellama_34b_instruct,0.6495412844036698,0.22805585536967177,1.001838235294122,0.5-0.7
high_school_psychology,codellama_codellama_34b_instruct,0.6605504587155964,0.22463572584997268,1.0018382352941162,0.5-0.7
high_school_psychology,codellama_codellama_34b_instruct,0.6623853211009174,0.22404209390178148,1.0018382352941202,0.5-0.7
high_school_psychology,codellama_codellama_34b_instruct,0.6330275229357798,0.23273070696168324,1.0018382352941155,0.5-0.7
high_school_psychology,codellama_codellama_34b_instruct,0.6128440366972477,0.237702374527791,1.0018382352941102,0.5-0.7
high_school_psychology,codellama_codellama_34b_instruct,0.6165137614678899,0.23685914732865693,1.0018382352941206,0.5-0.7
high_school_psychology,codellama_codellama_34b_instruct,0.6385321100917432,0.23123313545601762,1.001838235294119,0.5-0.7
high_school_psychology,codellama_codellama_34b_instruct,0.6238532110091743,0.23509174311926595,1.0018382352941173,0.5-0.7
high_school_psychology,codellama_codellama_34b_instruct,0.6440366972477064,0.22967485159201076,1.001838235294108,0.5-0.7
high_school_psychology,codellama_codellama_34b_instruct,0.634862385321101,0.23223826227738964,1.0018382352941246,0.5-0.7
high_school_psychology,codellama_codellama_34b_instruct,0.6330275229357798,0.23273070696168324,1.0018382352941155,0.5-0.7
high_school_psychology,codellama_codellama_34b_instruct,0.655045871559633,0.22637614678898926,1.0018382352941106,0.5-0.7
high_school_psychology,codellama_codellama_34b_instruct,0.6568807339449542,0.2258027522935779,1.0018382352941173,0.5-0.7
high_school_psychology,codellama_codellama_34b_instruct,0.6587155963302752,0.22522261198057492,1.0018382352941304,0.5-0.7
high_school_psychology,codellama_codellama_34b_instruct,0.671559633027523,0.2209727468969261,1.0018382352941275,0.5-0.7
high_school_psychology,codellama_codellama_34b_instruct,0.6605504587155964,0.22463572584997268,1.0018382352941162,0.5-0.7
high_school_psychology,codellama_codellama_34b_instruct,0.6605504587155964,0.22463572584997268,1.0018382352941162,0.5-0.7
high_school_psychology,codellama_codellama_34b_instruct,0.6788990825688074,0.21839584457636213,1.0018382352941153,0.5-0.7
high_school_psychology,codellama_codellama_34b_instruct,0.6513761467889908,0.22750269832703526,1.0018382352941089,0.5-0.7
high_school_psychology,codellama_codellama_34b_instruct,0.6568807339449542,0.22580275229357788,1.0018382352941173,0.5-0.7
high_school_psychology,codellama_codellama_34b_instruct,0.6311926605504588,0.23321640582838657,1.0018382352941184,0.5-0.7
high_school_psychology,codellama_codellama_34b_instruct,0.6440366972477064,0.22967485159201076,1.001838235294108,0.5-0.7
high_school_psychology,codellama_codellama_34b_instruct,0.6678899082568808,0.22222072315164373,1.0018382352941075,0.5-0.7
high_school_psychology,codellama_codellama_34b_instruct,0.6587155963302752,0.22522261198057492,1.0018382352941304,0.5-0.7
high_school_psychology,codellama_codellama_34b_instruct,0.634862385321101,0.2322382622773896,1.0018382352941244,0.5-0.7
high_school_psychology,codellama_codellama_34b_instruct,0.6458715596330276,0.2291419320021581,1.0018382352941153,0.5-0.7
high_school_psychology,codellama_codellama_34b_instruct,0.6862385321100918,0.2157110091743102,1.0018382352941095,0.5-0.7
high_school_psychology,codellama_codellama_34b_instruct,0.6642201834862386,0.22344171613599498,1.0018382352941146,0.5-0.7
high_school_psychology,codellama_codellama_34b_instruct,0.6642201834862386,0.22344171613599498,1.0018382352941146,0.5-0.7
high_school_psychology,codellama_codellama_34b_instruct,0.6440366972477064,0.22967485159201073,1.001838235294108,0.5-0.7
high_school_psychology,codellama_codellama_34b_instruct,0.6697247706422018,0.22160010793308255,1.0018382352941224,0.5-0.7
high_school_psychology,codellama_codellama_34b_instruct,0.6660550458715596,0.222834592552619,1.0018382352941249,0.5-0.7
high_school_psychology,codellama_codellama_34b_instruct,0.6697247706422018,0.22160010793308252,1.0018382352941224,0.5-0.7
high_school_psychology,codellama_codellama_34b_instruct,0.6238532110091743,0.23509174311926595,1.0018382352941173,0.5-0.7
high_school_psychology,codellama_codellama_34b_instruct,0.6311926605504588,0.23321640582838649,1.001838235294118,0.5-0.7
high_school_psychology,codellama_codellama_34b_instruct,0.6311926605504588,0.23321640582838649,1.001838235294118,0.5-0.7
high_school_psychology,codellama_codellama_34b_instruct,0.6238532110091743,0.2350917431192659,1.001838235294117,0.5-0.7
high_school_psychology,codellama_codellama_34b_instruct,0.6697247706422018,0.22160010793308252,1.0018382352941224,0.5-0.7
high_school_psychology,codellama_codellama_34b_instruct,0.6238532110091743,0.23509174311926595,1.0018382352941173,0.5-0.7
high_school_psychology,codellama_codellama_34b_instruct,0.6238532110091743,0.23509174311926595,1.0018382352941173,0.5-0.7
high_school_psychology,codellama_codellama_34b_instruct,0.6807339449541284,0.2177347544522414,1.001838235294126,0.5-0.7
high_school_psychology,codellama_codellama_34b_instruct,0.6660550458715596,0.22283459255261903,1.001838235294125,0.5-0.7
high_school_psychology,codellama_codellama_34b_instruct,0.6623853211009174,0.2240420939017815,1.0018382352941204,0.5-0.7
high_school_psychology,codellama_codellama_34b_instruct,0.6330275229357798,0.2327307069616833,1.0018382352941158,0.5-0.7
high_school_psychology,codellama_codellama_34b_instruct,0.6568807339449542,0.2258027522935779,1.0018382352941173,0.5-0.7
high_school_psychology,codellama_codellama_34b_instruct,0.6440366972477064,0.22967485159201076,1.001838235294108,0.5-0.7
high_school_psychology,codellama_codellama_34b_instruct,0.6587155963302752,0.22522261198057492,1.0018382352941304,0.5-0.7
high_school_psychology,codellama_codellama_34b_instruct,0.655045871559633,0.2263761467889893,1.0018382352941109,0.5-0.7
high_school_psychology,codellama_codellama_34b_instruct,0.6513761467889908,0.22750269832703526,1.0018382352941089,0.5-0.7
high_school_psychology,codellama_codellama_34b_instruct,0.6238532110091743,0.23509174311926587,1.0018382352941169,0.5-0.7
high_school_psychology,codellama_codellama_34b_instruct,0.6238532110091743,0.23509174311926592,1.001838235294117,0.5-0.7
high_school_psychology,codellama_codellama_34b_instruct,0.6330275229357798,0.23273070696168327,1.0018382352941155,0.5-0.7
high_school_psychology,codellama_codellama_34b_instruct,0.5963302752293578,0.2411629789530476,1.0018382352941113,0.5-0.7
high_school_psychology,codellama_codellama_34b_instruct,0.618348623853211,0.23642741500269698,1.001838235294112,0.5-0.7
high_school_psychology,codellama_codellama_34b_instruct,0.6165137614678899,0.23685914732865693,1.0018382352941206,0.5-0.7
high_school_psychology,codellama_codellama_34b_instruct,0.6091743119266055,0.2385186184565566,1.0018382352941162,0.5-0.7
high_school_psychology,codellama_codellama_34b_instruct,0.6495412844036698,0.22805585536967177,1.001838235294122,0.5-0.7
high_school_psychology,codellama_codellama_34b_instruct,0.6587155963302752,0.22522261198057492,1.0018382352941304,0.5-0.7
high_school_psychology,codellama_codellama_34b_instruct,0.6587155963302752,0.22522261198057492,1.0018382352941304,0.5-0.7
high_school_psychology,codellama_codellama_34b_instruct,0.6697247706422018,0.22160010793308252,1.0018382352941224,0.5-0.7
high_school_psychology,codellama_codellama_34b_instruct,0.6568807339449542,0.22580275229357788,1.0018382352941173,0.5-0.7
high_school_psychology,codellama_codellama_34b_instruct,0.6330275229357798,0.23273070696168324,1.0018382352941155,0.5-0.7
high_school_psychology,codellama_codellama_34b_instruct,0.6587155963302752,0.22522261198057492,1.0018382352941304,0.5-0.7
high_school_psychology,codellama_codellama_34b_instruct,0.6568807339449542,0.2258027522935779,1.0018382352941173,0.5-0.7
high_school_psychology,codellama_codellama_34b_instruct,0.6697247706422018,0.22160010793308252,1.0018382352941224,0.5-0.7
high_school_psychology,codellama_codellama_34b_instruct,0.6440366972477064,0.22967485159201076,1.001838235294108,0.5-0.7
high_school_psychology,codellama_codellama_34b_instruct,0.653211009174312,0.22694279546681223,1.0018382352941249,0.5-0.7
high_school_psychology,codellama_codellama_34b_instruct,0.6458715596330276,0.22914193200215816,1.0018382352941155,0.5-0.7
high_school_psychology,codellama_codellama_34b_instruct,0.6513761467889908,0.22750269832703526,1.0018382352941089,0.5-0.7
high_school_psychology,codellama_codellama_34b_instruct,0.655045871559633,0.2263761467889893,1.0018382352941109,0.5-0.7
high_school_psychology,codellama_codellama_34b_instruct,0.6642201834862386,0.223441716135995,1.0018382352941146,0.5-0.7
high_school_psychology,codellama_codellama_34b_instruct,0.634862385321101,0.2322382622773896,1.0018382352941244,0.5-0.7
high_school_psychology,codellama_codellama_34b_instruct,0.6440366972477064,0.22967485159201076,1.001838235294108,0.5-0.7
high_school_psychology,codellama_codellama_34b_instruct,0.6495412844036698,0.2280558553696718,1.001838235294122,0.5-0.7
high_school_psychology,codellama_codellama_34b_instruct,0.6495412844036698,0.2280558553696718,1.001838235294122,0.5-0.7
high_school_psychology,codellama_codellama_34b_instruct,0.6513761467889908,0.22750269832703526,1.0018382352941089,0.5-0.7
high_school_psychology,codellama_codellama_34b_instruct,0.6513761467889908,0.22750269832703526,1.0018382352941089,0.5-0.7
high_school_psychology,google_flan_t5_xl,0.6954128440366972,0.2122031840259051,1.001838235294123,0.5-0.7
high_school_psychology,google_flan_t5_xl,0.6807339449541284,0.21773475445224133,1.0018382352941255,0.5-0.7
high_school_psychology,google_flan_t5_xl,0.689908256880734,0.21432811656773,1.0018382352941269,0.5-0.7
high_school_psychology,google_flan_t5_xl,0.6935779816513762,0.2129182406907721,1.0018382352941195,0.5-0.7
high_school_psychology,google_flan_t5_xl,0.6862385321100918,0.2157110091743101,1.0018382352941093,0.5-0.7
high_school_psychology,google_flan_t5_xl,0.6862385321100918,0.21571100917431008,1.001838235294109,0.5-0.7
high_school_psychology,google_flan_t5_xl,0.6825688073394496,0.21706691851052168,1.0018382352941093,0.5-0.7
high_school_psychology,google_flan_t5_xl,0.6807339449541284,0.2177347544522414,1.001838235294126,0.5-0.7
high_school_psychology,google_flan_t5_xl,0.691743119266055,0.21362655153804444,1.0018382352941084,0.5-0.7
high_school_psychology,google_flan_t5_xl,0.689908256880734,0.21432811656773,1.0018382352941269,0.5-0.7
high_school_psychology,google_flan_t5_xl,0.691743119266055,0.21362655153804444,1.0018382352941084,0.5-0.7
high_school_psychology,google_flan_t5_xl,0.6844036697247706,0.2163923367512161,1.0018382352941262,0.5-0.7
high_school_psychology,google_flan_t5_xl,0.6954128440366972,0.2122031840259051,1.001838235294123,0.5-0.7
high_school_psychology,google_flan_t5_xl,0.6844036697247706,0.2163923367512161,1.0018382352941262,0.5-0.7
high_school_psychology,google_flan_t5_xl,0.6972477064220184,0.21148138154344123,1.001838235294109,0.5-0.7
high_school_psychology,google_flan_t5_xl,0.6862385321100918,0.21571100917431005,1.0018382352941089,0.5-0.7
high_school_psychology,google_flan_t5_xl,0.6825688073394496,0.21706691851052168,1.0018382352941093,0.5-0.7
high_school_psychology,google_flan_t5_xl,0.689908256880734,0.21432811656773,1.0018382352941269,0.5-0.7
high_school_psychology,google_flan_t5_xl,0.689908256880734,0.21432811656773,1.0018382352941269,0.5-0.7
high_school_psychology,google_flan_t5_xl,0.691743119266055,0.21362655153804444,1.0018382352941084,0.5-0.7
high_school_psychology,google_flan_t5_xl,0.6788990825688074,0.21839584457636213,1.0018382352941153,0.5-0.7
high_school_psychology,google_flan_t5_xl,0.6935779816513762,0.21291824069077206,1.0018382352941193,0.5-0.7
high_school_psychology,google_flan_t5_xl,0.7009174311926606,0.2100175391257423,1.001838235294119,0.7-0.9
high_school_psychology,google_flan_t5_xl,0.689908256880734,0.21432811656773,1.0018382352941269,0.5-0.7
high_school_psychology,google_flan_t5_xl,0.6862385321100918,0.2157110091743101,1.0018382352941093,0.5-0.7
high_school_psychology,google_flan_t5_xl,0.6825688073394496,0.21706691851052165,1.0018382352941093,0.5-0.7
high_school_psychology,google_flan_t5_xl,0.6935779816513762,0.21291824069077206,1.0018382352941193,0.5-0.7
high_school_psychology,google_flan_t5_xl,0.6935779816513762,0.21291824069077206,1.0018382352941193,0.5-0.7
high_school_psychology,google_flan_t5_xl,0.6880733944954128,0.21502293577981518,1.0018382352941115,0.5-0.7
high_school_psychology,google_flan_t5_xl,0.6880733944954128,0.21502293577981516,1.0018382352941113,0.5-0.7
high_school_psychology,google_flan_t5_xl,0.6954128440366972,0.21220318402590513,1.0018382352941233,0.5-0.7
high_school_psychology,google_flan_t5_xl,0.6788990825688074,0.21839584457636216,1.0018382352941155,0.5-0.7
high_school_psychology,google_flan_t5_xl,0.691743119266055,0.21362655153804447,1.0018382352941084,0.5-0.7
high_school_psychology,google_flan_t5_xl,0.6990825688073394,0.21075283324338936,1.0018382352941189,0.5-0.7
high_school_psychology,google_flan_t5_xl,0.689908256880734,0.21432811656773,1.0018382352941269,0.5-0.7
high_school_psychology,google_flan_t5_xl,0.6862385321100918,0.21571100917431008,1.001838235294109,0.5-0.7
high_school_psychology,google_flan_t5_xl,0.6844036697247706,0.21639233675121608,1.0018382352941262,0.5-0.7
high_school_psychology,google_flan_t5_xl,0.689908256880734,0.21432811656773,1.0018382352941269,0.5-0.7
high_school_psychology,google_flan_t5_xl,0.6954128440366972,0.2122031840259051,1.001838235294123,0.5-0.7
high_school_psychology,google_flan_t5_xl,0.691743119266055,0.21362655153804447,1.0018382352941084,0.5-0.7
high_school_psychology,google_flan_t5_xl,0.7009174311926606,0.21001753912574234,1.001838235294119,0.7-0.9
high_school_psychology,google_flan_t5_xl,0.6954128440366972,0.2122031840259051,1.001838235294123,0.5-0.7
high_school_psychology,google_flan_t5_xl,0.6972477064220184,0.21148138154344123,1.001838235294109,0.5-0.7
high_school_psychology,google_flan_t5_xl,0.6972477064220184,0.21148138154344123,1.001838235294109,0.5-0.7
high_school_psychology,google_flan_t5_xl,0.689908256880734,0.21432811656773,1.0018382352941269,0.5-0.7
high_school_psychology,google_flan_t5_xl,0.691743119266055,0.21362655153804444,1.0018382352941084,0.5-0.7
high_school_psychology,google_flan_t5_xl,0.689908256880734,0.21432811656773,1.0018382352941269,0.5-0.7
high_school_psychology,google_flan_t5_xl,0.689908256880734,0.21432811656773,1.0018382352941269,0.5-0.7
high_school_psychology,google_flan_t5_xl,0.691743119266055,0.21362655153804444,1.0018382352941084,0.5-0.7
high_school_psychology,google_flan_t5_xl,0.7027522935779816,0.20927549919050092,1.001838235294113,0.7-0.9
high_school_psychology,google_flan_t5_xl,0.6844036697247706,0.2163923367512161,1.0018382352941262,0.5-0.7
high_school_psychology,google_flan_t5_xl,0.6825688073394496,0.21706691851052168,1.0018382352941093,0.5-0.7
high_school_psychology,google_flan_t5_xl,0.6844036697247706,0.21639233675121608,1.0018382352941262,0.5-0.7
high_school_psychology,google_flan_t5_xl,0.7009174311926606,0.21001753912574234,1.001838235294119,0.7-0.9
high_school_psychology,google_flan_t5_xl,0.6990825688073394,0.21075283324338936,1.0018382352941189,0.5-0.7
high_school_psychology,google_flan_t5_xl,0.6990825688073394,0.21075283324338936,1.0018382352941189,0.5-0.7
high_school_psychology,google_flan_t5_xl,0.6954128440366972,0.21220318402590513,1.0018382352941233,0.5-0.7
high_school_psychology,google_flan_t5_xl,0.6990825688073394,0.21075283324338936,1.0018382352941189,0.5-0.7
high_school_psychology,google_flan_t5_xl,0.6972477064220184,0.21148138154344123,1.001838235294109,0.5-0.7
high_school_psychology,google_flan_t5_xl,0.6972477064220184,0.21148138154344118,1.0018382352941089,0.5-0.7
high_school_psychology,google_flan_t5_xl,0.6844036697247706,0.2163923367512161,1.0018382352941262,0.5-0.7
high_school_psychology,google_flan_t5_xl,0.6844036697247706,0.2163923367512161,1.0018382352941262,0.5-0.7
high_school_psychology,google_flan_t5_xl,0.6862385321100918,0.2157110091743102,1.0018382352941095,0.5-0.7
high_school_psychology,google_flan_t5_xl,0.6880733944954128,0.21502293577981516,1.0018382352941113,0.5-0.7
high_school_psychology,google_flan_t5_xl,0.6862385321100918,0.2157110091743101,1.0018382352941093,0.5-0.7
high_school_psychology,google_flan_t5_xl,0.6880733944954128,0.21502293577981516,1.0018382352941113,0.5-0.7
high_school_psychology,google_flan_t5_xl,0.6880733944954128,0.21502293577981518,1.0018382352941115,0.5-0.7
high_school_psychology,google_flan_t5_xl,0.6844036697247706,0.21639233675121608,1.0018382352941262,0.5-0.7
high_school_psychology,google_flan_t5_xl,0.6807339449541284,0.2177347544522414,1.001838235294126,0.5-0.7
high_school_psychology,google_flan_t5_xl,0.6844036697247706,0.21639233675121608,1.0018382352941262,0.5-0.7
high_school_psychology,google_flan_t5_xl,0.6825688073394496,0.21706691851052168,1.0018382352941093,0.5-0.7
high_school_psychology,google_flan_t5_xl,0.6697247706422018,0.22160010793308255,1.0018382352941224,0.5-0.7
high_school_psychology,google_flan_t5_xl,0.6825688073394496,0.21706691851052162,1.001838235294109,0.5-0.7
high_school_psychology,google_flan_t5_xl,0.6990825688073394,0.21075283324338936,1.0018382352941189,0.5-0.7
high_school_psychology,google_flan_t5_xl,0.6880733944954128,0.21502293577981516,1.0018382352941113,0.5-0.7
high_school_psychology,google_flan_t5_xl,0.6935779816513762,0.2129182406907721,1.0018382352941195,0.5-0.7
high_school_psychology,google_flan_t5_xl,0.6862385321100918,0.21571100917431008,1.001838235294109,0.5-0.7
high_school_psychology,google_flan_t5_xl,0.6862385321100918,0.21571100917431008,1.001838235294109,0.5-0.7
high_school_psychology,google_flan_t5_xl,0.6862385321100918,0.21571100917431008,1.001838235294109,0.5-0.7
high_school_psychology,google_flan_t5_xl,0.691743119266055,0.21362655153804447,1.0018382352941084,0.5-0.7
high_school_psychology,google_flan_t5_xl,0.6972477064220184,0.2114813815434413,1.0018382352941093,0.5-0.7
high_school_psychology,google_flan_t5_xl,0.6972477064220184,0.21148138154344123,1.001838235294109,0.5-0.7
high_school_psychology,google_flan_t5_xl,0.689908256880734,0.21432811656773,1.0018382352941269,0.5-0.7
high_school_psychology,google_flan_t5_xl,0.6972477064220184,0.21148138154344123,1.001838235294109,0.5-0.7
high_school_psychology,google_flan_t5_xl,0.6880733944954128,0.21502293577981516,1.0018382352941113,0.5-0.7
high_school_psychology,google_flan_t5_xl,0.6935779816513762,0.2129182406907721,1.0018382352941195,0.5-0.7
high_school_psychology,google_flan_t5_xl,0.6954128440366972,0.2122031840259051,1.001838235294123,0.5-0.7
high_school_psychology,google_flan_t5_xl,0.6880733944954128,0.21502293577981518,1.0018382352941115,0.5-0.7
high_school_psychology,google_flan_t5_xl,0.691743119266055,0.21362655153804447,1.0018382352941084,0.5-0.7
high_school_psychology,google_flan_t5_xl,0.691743119266055,0.21362655153804444,1.0018382352941084,0.5-0.7
high_school_psychology,google_flan_t5_xl,0.6678899082568808,0.22222072315164385,1.001838235294108,0.5-0.7
high_school_psychology,google_flan_t5_xl,0.673394495412844,0.22033864004317194,1.0018382352941118,0.5-0.7
high_school_psychology,google_flan_t5_xl,0.671559633027523,0.220972746896926,1.001838235294127,0.5-0.7
high_school_psychology,google_flan_t5_xl,0.655045871559633,0.2263761467889893,1.0018382352941109,0.5-0.7
high_school_psychology,google_flan_t5_xl,0.6844036697247706,0.2163923367512161,1.0018382352941262,0.5-0.7
high_school_psychology,google_flan_t5_xl,0.6660550458715596,0.22283459255261903,1.001838235294125,0.5-0.7
high_school_psychology,google_flan_t5_xl,0.6697247706422018,0.22160010793308255,1.0018382352941224,0.5-0.7
high_school_psychology,google_flan_t5_xl,0.6770642201834862,0.219050188882891,1.0018382352941102,0.5-0.7
high_school_psychology,google_flan_t5_xl,0.6678899082568808,0.22222072315164376,1.0018382352941078,0.5-0.7
high_school_psychology,google_flan_t5_xl,0.6678899082568808,0.22222072315164376,1.0018382352941078,0.5-0.7
high_school_psychology,google_gemma_7b_it,0.6862385321100918,0.21571100917431033,1.0018382352941102,0.5-0.7
high_school_psychology,google_gemma_7b_it,0.7064220183486238,0.20777118186724475,1.0018382352941293,0.7-0.9
high_school_psychology,google_gemma_7b_it,0.6880733944954128,0.21502293577981513,1.0018382352941113,0.5-0.7
high_school_psychology,google_gemma_7b_it,0.6935779816513762,0.21291824069077214,1.0018382352941197,0.5-0.7
high_school_psychology,google_gemma_7b_it,0.7009174311926606,0.21001753912574203,1.0018382352941178,0.7-0.9
high_school_psychology,google_gemma_7b_it,0.6844036697247706,0.2163923367512162,1.0018382352941266,0.5-0.7
high_school_psychology,google_gemma_7b_it,0.6678899082568808,0.22222072315164393,1.0018382352941084,0.5-0.7
high_school_psychology,google_gemma_7b_it,0.6752293577981652,0.21969778737183174,1.0018382352941282,0.5-0.7
high_school_psychology,google_gemma_7b_it,0.6954128440366972,0.21220318402590482,1.0018382352941217,0.5-0.7
high_school_psychology,google_gemma_7b_it,0.7009174311926606,0.21001753912574211,1.0018382352941182,0.7-0.9
high_school_psychology,google_gemma_7b_it,0.655045871559633,0.22637614678898946,1.0018382352941115,0.5-0.7
high_school_psychology,google_gemma_7b_it,0.6825688073394496,0.21706691851052165,1.0018382352941093,0.5-0.7
high_school_psychology,google_gemma_7b_it,0.6862385321100918,0.21571100917431027,1.00183823529411,0.5-0.7
high_school_psychology,google_gemma_7b_it,0.6587155963302752,0.22522261198057483,1.00183823529413,0.5-0.7
high_school_psychology,google_gemma_7b_it,0.6642201834862386,0.2234417161359951,1.001838235294115,0.5-0.7
high_school_psychology,google_gemma_7b_it,0.6605504587155964,0.22463572584997268,1.0018382352941162,0.5-0.7
high_school_psychology,google_gemma_7b_it,0.653211009174312,0.22694279546681226,1.001838235294125,0.5-0.7
high_school_psychology,google_gemma_7b_it,0.6770642201834862,0.2190501888828911,1.0018382352941106,0.5-0.7
high_school_psychology,google_gemma_7b_it,0.6642201834862386,0.22344171613599506,1.0018382352941149,0.5-0.7
high_school_psychology,google_gemma_7b_it,0.6568807339449542,0.22580275229357785,1.001838235294117,0.5-0.7
high_school_psychology,google_gemma_7b_it,0.6752293577981652,0.21969778737183174,1.0018382352941282,0.5-0.7
high_school_psychology,google_gemma_7b_it,0.6311926605504588,0.2332164058283863,1.0018382352941173,0.5-0.7
high_school_psychology,google_gemma_7b_it,0.6403669724770642,0.23072045331894173,1.0018382352941153,0.5-0.7
high_school_psychology,google_gemma_7b_it,0.6440366972477064,0.22967485159201076,1.001838235294108,0.5-0.7
high_school_psychology,google_gemma_7b_it,0.6458715596330276,0.22914193200215796,1.0018382352941146,0.5-0.7
high_school_psychology,google_gemma_7b_it,0.6458715596330276,0.22914193200215796,1.0018382352941146,0.5-0.7
high_school_psychology,google_gemma_7b_it,0.6238532110091743,0.2350917431192658,1.0018382352941166,0.5-0.7
high_school_psychology,google_gemma_7b_it,0.6256880733944954,0.23463302752293552,1.0018382352941164,0.5-0.7
high_school_psychology,google_gemma_7b_it,0.6128440366972477,0.23770237452779105,1.0018382352941104,0.5-0.7
high_school_psychology,google_gemma_7b_it,0.6495412844036698,0.2280558553696718,1.001838235294122,0.5-0.7
high_school_psychology,google_gemma_7b_it,0.6385321100917432,0.2312331354560173,1.0018382352941178,0.5-0.7
high_school_psychology,google_gemma_7b_it,0.6458715596330276,0.22914193200215796,1.0018382352941146,0.5-0.7
high_school_psychology,google_gemma_7b_it,0.6422018348623854,0.23020102536427525,1.0018382352941224,0.5-0.7
high_school_psychology,google_gemma_7b_it,0.6256880733944954,0.23463302752293552,1.0018382352941164,0.5-0.7
high_school_psychology,google_gemma_7b_it,0.634862385321101,0.23223826227738945,1.0018382352941237,0.5-0.7
high_school_psychology,google_gemma_7b_it,0.6440366972477064,0.22967485159201076,1.001838235294108,0.5-0.7
high_school_psychology,google_gemma_7b_it,0.6513761467889908,0.2275026983270354,1.0018382352941095,0.5-0.7
high_school_psychology,google_gemma_7b_it,0.6660550458715596,0.222834592552619,1.0018382352941249,0.5-0.7
high_school_psychology,google_gemma_7b_it,0.653211009174312,0.22694279546681226,1.001838235294125,0.5-0.7
high_school_psychology,google_gemma_7b_it,0.653211009174312,0.22694279546681226,1.001838235294125,0.5-0.7
high_school_psychology,google_gemma_7b_it,0.6623853211009174,0.22404209390178137,1.0018382352941197,0.5-0.7
high_school_psychology,google_gemma_7b_it,0.6642201834862386,0.2234417161359951,1.001838235294115,0.5-0.7
high_school_psychology,google_gemma_7b_it,0.6587155963302752,0.22522261198057472,1.0018382352941295,0.5-0.7
high_school_psychology,google_gemma_7b_it,0.655045871559633,0.22637614678898949,1.0018382352941118,0.5-0.7
high_school_psychology,google_gemma_7b_it,0.6642201834862386,0.22344171613599512,1.001838235294115,0.5-0.7
high_school_psychology,google_gemma_7b_it,0.6807339449541284,0.21773475445224122,1.001838235294125,0.5-0.7
high_school_psychology,google_gemma_7b_it,0.6477064220183486,0.22860226659471147,1.0018382352941184,0.5-0.7
high_school_psychology,google_gemma_7b_it,0.6513761467889908,0.22750269832703537,1.0018382352941095,0.5-0.7
high_school_psychology,google_gemma_7b_it,0.636697247706422,0.23173907177549755,1.0018382352941106,0.5-0.7
high_school_psychology,google_gemma_7b_it,0.6844036697247706,0.21639233675121616,1.0018382352941266,0.5-0.7
high_school_psychology,google_gemma_7b_it,0.6513761467889908,0.22750269832703537,1.0018382352941095,0.5-0.7
high_school_psychology,google_gemma_7b_it,0.6513761467889908,0.22750269832703537,1.0018382352941095,0.5-0.7
high_school_psychology,google_gemma_7b_it,0.6422018348623854,0.23020102536427522,1.0018382352941224,0.5-0.7
high_school_psychology,google_gemma_7b_it,0.6660550458715596,0.22283459255261906,1.001838235294125,0.5-0.7
high_school_psychology,google_gemma_7b_it,0.6678899082568808,0.222220723151644,1.0018382352941089,0.5-0.7
high_school_psychology,google_gemma_7b_it,0.6880733944954128,0.21502293577981516,1.0018382352941113,0.5-0.7
high_school_psychology,google_gemma_7b_it,0.6440366972477064,0.2296748515920108,1.0018382352941082,0.5-0.7
high_school_psychology,google_gemma_7b_it,0.6403669724770642,0.23072045331894175,1.0018382352941155,0.5-0.7
high_school_psychology,google_gemma_7b_it,0.6403669724770642,0.23072045331894175,1.0018382352941155,0.5-0.7
high_school_psychology,google_gemma_7b_it,0.6403669724770642,0.23072045331894175,1.0018382352941155,0.5-0.7
high_school_psychology,google_gemma_7b_it,0.6642201834862386,0.22344171613599512,1.001838235294115,0.5-0.7
high_school_psychology,google_gemma_7b_it,0.6495412844036698,0.2280558553696718,1.001838235294122,0.5-0.7
high_school_psychology,google_gemma_7b_it,0.6495412844036698,0.2280558553696718,1.001838235294122,0.5-0.7
high_school_psychology,google_gemma_7b_it,0.7045871559633028,0.20852671343766774,1.0018382352941133,0.7-0.9
high_school_psychology,google_gemma_7b_it,0.6807339449541284,0.21773475445224114,1.0018382352941246,0.5-0.7
high_school_psychology,google_gemma_7b_it,0.6587155963302752,0.22522261198057475,1.0018382352941295,0.5-0.7
high_school_psychology,google_gemma_7b_it,0.6403669724770642,0.23072045331894175,1.0018382352941155,0.5-0.7
high_school_psychology,google_gemma_7b_it,0.6935779816513762,0.21291824069077214,1.0018382352941197,0.5-0.7
high_school_psychology,google_gemma_7b_it,0.6605504587155964,0.22463572584997268,1.0018382352941162,0.5-0.7
high_school_psychology,google_gemma_7b_it,0.6477064220183486,0.22860226659471147,1.0018382352941184,0.5-0.7
high_school_psychology,google_gemma_7b_it,0.6403669724770642,0.2307204533189417,1.0018382352941153,0.5-0.7
high_school_psychology,google_gemma_7b_it,0.6330275229357798,0.2327307069616833,1.0018382352941158,0.5-0.7
high_school_psychology,google_gemma_7b_it,0.6330275229357798,0.2327307069616833,1.0018382352941158,0.5-0.7
high_school_psychology,google_gemma_7b_it,0.6256880733944954,0.23463302752293552,1.0018382352941164,0.5-0.7
high_school_psychology,google_gemma_7b_it,0.6311926605504588,0.23321640582838626,1.001838235294117,0.5-0.7
high_school_psychology,google_gemma_7b_it,0.5412844036697247,0.24875202374527786,1.0018382352941173,0.5-0.7
high_school_psychology,google_gemma_7b_it,0.6311926605504588,0.2332164058283863,1.0018382352941173,0.5-0.7
high_school_psychology,google_gemma_7b_it,0.6311926605504588,0.2332164058283863,1.0018382352941173,0.5-0.7
high_school_psychology,google_gemma_7b_it,0.48073394495412847,0.25008769562871125,1.001838235294122,0.3-0.5
high_school_psychology,google_gemma_7b_it,0.6403669724770642,0.23072045331894173,1.0018382352941153,0.5-0.7
high_school_psychology,google_gemma_7b_it,0.691743119266055,0.21362655153804452,1.0018382352941089,0.5-0.7
high_school_psychology,google_gemma_7b_it,0.6770642201834862,0.21905018888289113,1.0018382352941109,0.5-0.7
high_school_psychology,google_gemma_7b_it,0.6825688073394496,0.21706691851052165,1.0018382352941093,0.5-0.7
high_school_psychology,google_gemma_7b_it,0.6825688073394496,0.21706691851052165,1.0018382352941093,0.5-0.7
high_school_psychology,google_gemma_7b_it,0.6954128440366972,0.21220318402590502,1.0018382352941229,0.5-0.7
high_school_psychology,google_gemma_7b_it,0.6788990825688074,0.21839584457636213,1.0018382352941153,0.5-0.7
high_school_psychology,google_gemma_7b_it,0.6954128440366972,0.21220318402590502,1.0018382352941229,0.5-0.7
high_school_psychology,google_gemma_7b_it,0.6770642201834862,0.21905018888289107,1.0018382352941106,0.5-0.7
high_school_psychology,google_gemma_7b_it,0.6807339449541284,0.21773475445224127,1.0018382352941253,0.5-0.7
high_school_psychology,google_gemma_7b_it,0.6605504587155964,0.22463572584997268,1.0018382352941162,0.5-0.7
high_school_psychology,google_gemma_7b_it,0.6330275229357798,0.2327307069616833,1.0018382352941158,0.5-0.7
high_school_psychology,google_gemma_7b_it,0.653211009174312,0.22694279546681226,1.001838235294125,0.5-0.7
high_school_psychology,google_gemma_7b_it,0.6201834862385321,0.23598893685914776,1.0018382352941195,0.5-0.7
high_school_psychology,google_gemma_7b_it,0.6642201834862386,0.2234417161359951,1.001838235294115,0.5-0.7
high_school_psychology,google_gemma_7b_it,0.5871559633027523,0.2428494333513232,1.001838235294122,0.5-0.7
high_school_psychology,google_gemma_7b_it,0.6403669724770642,0.2307204533189417,1.0018382352941153,0.5-0.7
high_school_psychology,google_gemma_7b_it,0.6513761467889908,0.22750269832703535,1.0018382352941093,0.5-0.7
high_school_psychology,google_gemma_7b_it,0.6440366972477064,0.22967485159201076,1.001838235294108,0.5-0.7
high_school_psychology,google_gemma_7b_it,0.6256880733944954,0.2346330275229355,1.0018382352941164,0.5-0.7
high_school_psychology,google_gemma_7b_it,0.6256880733944954,0.2346330275229355,1.0018382352941164,0.5-0.7
high_school_psychology,meta_llama_llama_3_70b_instruct,0.9321100917431193,0.06339719373988162,1.0018382352941237,0.9-0.99
high_school_psychology,meta_llama_llama_3_70b_instruct,0.9357798165137615,0.06020642201834809,1.0018382352941095,0.9-0.99
high_school_psychology,meta_llama_llama_3_70b_instruct,0.9339449541284404,0.06180518078791124,1.0018382352941133,0.9-0.99
high_school_psychology,meta_llama_llama_3_70b_instruct,0.9357798165137615,0.0602064220183481,1.0018382352941098,0.9-0.99
high_school_psychology,meta_llama_llama_3_70b_instruct,0.9357798165137615,0.0602064220183481,1.0018382352941098,0.9-0.99
high_school_psychology,meta_llama_llama_3_70b_instruct,0.9339449541284404,0.06180518078791125,1.0018382352941135,0.9-0.99
high_school_psychology,meta_llama_llama_3_70b_instruct,0.9376146788990826,0.05860091743119309,1.0018382352941249,0.9-0.99
high_school_psychology,meta_llama_llama_3_70b_instruct,0.9357798165137615,0.0602064220183481,1.0018382352941098,0.9-0.99
high_school_psychology,meta_llama_llama_3_70b_instruct,0.9357798165137615,0.0602064220183481,1.0018382352941098,0.9-0.99
high_school_psychology,meta_llama_llama_3_70b_instruct,0.9339449541284404,0.06180518078791125,1.0018382352941135,0.9-0.99
high_school_psychology,meta_llama_llama_3_70b_instruct,0.9339449541284404,0.06180518078791125,1.0018382352941135,0.9-0.99
high_school_psychology,meta_llama_llama_3_70b_instruct,0.9339449541284404,0.06180518078791125,1.0018382352941135,0.9-0.99
high_school_psychology,meta_llama_llama_3_70b_instruct,0.9321100917431193,0.06339719373988162,1.0018382352941237,0.9-0.99
high_school_psychology,meta_llama_llama_3_70b_instruct,0.9302752293577982,0.0649824608742583,1.0018382352941226,0.9-0.99
high_school_psychology,meta_llama_llama_3_70b_instruct,0.9321100917431193,0.06339719373988156,1.0018382352941229,0.9-0.99
high_school_psychology,meta_llama_llama_3_70b_instruct,0.9321100917431193,0.06339719373988162,1.0018382352941237,0.9-0.99
high_school_psychology,meta_llama_llama_3_70b_instruct,0.9302752293577982,0.0649824608742583,1.0018382352941226,0.9-0.99
high_school_psychology,meta_llama_llama_3_70b_instruct,0.9339449541284404,0.06180518078791125,1.0018382352941135,0.9-0.99
high_school_psychology,meta_llama_llama_3_70b_instruct,0.9376146788990826,0.058600917431193056,1.0018382352941244,0.9-0.99
high_school_psychology,meta_llama_llama_3_70b_instruct,0.9339449541284404,0.06180518078791125,1.0018382352941135,0.9-0.99
high_school_psychology,meta_llama_llama_3_70b_instruct,0.9321100917431193,0.06339719373988162,1.0018382352941237,0.9-0.99
high_school_psychology,meta_llama_llama_3_70b_instruct,0.9284403669724771,0.06656098219104108,1.001838235294111,0.9-0.99
high_school_psychology,meta_llama_llama_3_70b_instruct,0.9339449541284404,0.06180518078791124,1.0018382352941133,0.9-0.99
high_school_psychology,meta_llama_llama_3_70b_instruct,0.9376146788990826,0.05860091743119303,1.001838235294124,0.9-0.99
high_school_psychology,meta_llama_llama_3_70b_instruct,0.9394495412844037,0.05698866702644354,1.0018382352941173,0.9-0.99
high_school_psychology,meta_llama_llama_3_70b_instruct,0.9302752293577982,0.0649824608742583,1.0018382352941226,0.9-0.99
high_school_psychology,meta_llama_llama_3_70b_instruct,0.9357798165137615,0.06020642201834808,1.0018382352941095,0.9-0.99
high_school_psychology,meta_llama_llama_3_70b_instruct,0.9284403669724771,0.06656098219104127,1.001838235294114,0.9-0.99
high_school_psychology,meta_llama_llama_3_70b_instruct,0.9394495412844037,0.05698866702644354,1.0018382352941173,0.9-0.99
high_school_psychology,meta_llama_llama_3_70b_instruct,0.9376146788990826,0.0586009174311931,1.001838235294125,0.9-0.99
high_school_psychology,meta_llama_llama_3_70b_instruct,0.9357798165137615,0.06020642201834808,1.0018382352941095,0.9-0.99
high_school_psychology,meta_llama_llama_3_70b_instruct,0.9357798165137615,0.06020642201834809,1.0018382352941095,0.9-0.99
high_school_psychology,meta_llama_llama_3_70b_instruct,0.9357798165137615,0.06020642201834809,1.0018382352941095,0.9-0.99
high_school_psychology,meta_llama_llama_3_70b_instruct,0.9376146788990826,0.05860091743119303,1.001838235294124,0.9-0.99
high_school_psychology,meta_llama_llama_3_70b_instruct,0.9339449541284404,0.06180518078791125,1.0018382352941135,0.9-0.99
high_school_psychology,meta_llama_llama_3_70b_instruct,0.9339449541284404,0.06180518078791125,1.0018382352941135,0.9-0.99
high_school_psychology,meta_llama_llama_3_70b_instruct,0.9376146788990826,0.05860091743119303,1.001838235294124,0.9-0.99
high_school_psychology,meta_llama_llama_3_70b_instruct,0.9394495412844037,0.05698866702644354,1.0018382352941173,0.9-0.99
high_school_psychology,meta_llama_llama_3_70b_instruct,0.9357798165137615,0.06020642201834809,1.0018382352941095,0.9-0.99
high_school_psychology,meta_llama_llama_3_70b_instruct,0.9357798165137615,0.06020642201834809,1.0018382352941095,0.9-0.99
high_school_psychology,meta_llama_llama_3_70b_instruct,0.9357798165137615,0.06020642201834809,1.0018382352941095,0.9-0.99
high_school_psychology,meta_llama_llama_3_70b_instruct,0.9339449541284404,0.06180518078791125,1.0018382352941135,0.9-0.99
high_school_psychology,meta_llama_llama_3_70b_instruct,0.9376146788990826,0.058600917431193056,1.0018382352941244,0.9-0.99
high_school_psychology,meta_llama_llama_3_70b_instruct,0.9376146788990826,0.05860091743119303,1.001838235294124,0.9-0.99
high_school_psychology,meta_llama_llama_3_70b_instruct,0.9394495412844037,0.05698866702644354,1.0018382352941173,0.9-0.99
high_school_psychology,meta_llama_llama_3_70b_instruct,0.9376146788990826,0.058600917431193056,1.0018382352941244,0.9-0.99
high_school_psychology,meta_llama_llama_3_70b_instruct,0.9394495412844037,0.05698866702644354,1.0018382352941173,0.9-0.99
high_school_psychology,meta_llama_llama_3_70b_instruct,0.9412844036697248,0.05536967080410089,1.0018382352941073,0.9-0.99
high_school_psychology,meta_llama_llama_3_70b_instruct,0.9412844036697248,0.05536967080410089,1.0018382352941073,0.9-0.99
high_school_psychology,meta_llama_llama_3_70b_instruct,0.9376146788990826,0.05860091743119303,1.001838235294124,0.9-0.99
high_school_psychology,meta_llama_llama_3_70b_instruct,0.9376146788990826,0.05860091743119303,1.001838235294124,0.9-0.99
high_school_psychology,meta_llama_llama_3_70b_instruct,0.9376146788990826,0.05860091743119303,1.001838235294124,0.9-0.99
high_school_psychology,meta_llama_llama_3_70b_instruct,0.9394495412844037,0.05698866702644354,1.0018382352941173,0.9-0.99
high_school_psychology,meta_llama_llama_3_70b_instruct,0.9394495412844037,0.05698866702644354,1.0018382352941173,0.9-0.99
high_school_psychology,meta_llama_llama_3_70b_instruct,0.9376146788990826,0.05860091743119303,1.001838235294124,0.9-0.99
high_school_psychology,meta_llama_llama_3_70b_instruct,0.9394495412844037,0.05698866702644354,1.0018382352941173,0.9-0.99
high_school_psychology,meta_llama_llama_3_70b_instruct,0.9357798165137615,0.06020642201834809,1.0018382352941095,0.9-0.99
high_school_psychology,meta_llama_llama_3_70b_instruct,0.9394495412844037,0.05698866702644354,1.0018382352941173,0.9-0.99
high_school_psychology,meta_llama_llama_3_70b_instruct,0.9376146788990826,0.05860091743119307,1.0018382352941246,0.9-0.99
high_school_psychology,meta_llama_llama_3_70b_instruct,0.9376146788990826,0.05860091743119303,1.001838235294124,0.9-0.99
high_school_psychology,meta_llama_llama_3_70b_instruct,0.9394495412844037,0.05698866702644354,1.0018382352941173,0.9-0.99
high_school_psychology,meta_llama_llama_3_70b_instruct,0.9357798165137615,0.06020642201834809,1.0018382352941095,0.9-0.99
high_school_psychology,meta_llama_llama_3_70b_instruct,0.9394495412844037,0.05698866702644354,1.0018382352941173,0.9-0.99
high_school_psychology,meta_llama_llama_3_70b_instruct,0.9357798165137615,0.06020642201834808,1.0018382352941095,0.9-0.99
high_school_psychology,meta_llama_llama_3_70b_instruct,0.9412844036697248,0.05536967080410094,1.0018382352941082,0.9-0.99
high_school_psychology,meta_llama_llama_3_70b_instruct,0.9339449541284404,0.061805180787911224,1.001838235294113,0.9-0.99
high_school_psychology,meta_llama_llama_3_70b_instruct,0.9357798165137615,0.06020642201834809,1.0018382352941095,0.9-0.99
high_school_psychology,meta_llama_llama_3_70b_instruct,0.9376146788990826,0.05860091743119303,1.001838235294124,0.9-0.99
high_school_psychology,meta_llama_llama_3_70b_instruct,0.9357798165137615,0.06020642201834809,1.0018382352941095,0.9-0.99
high_school_psychology,meta_llama_llama_3_70b_instruct,0.9357798165137615,0.06020642201834809,1.0018382352941095,0.9-0.99
high_school_psychology,meta_llama_llama_3_70b_instruct,0.9376146788990826,0.05860091743119303,1.001838235294124,0.9-0.99
high_school_psychology,meta_llama_llama_3_70b_instruct,0.9394495412844037,0.05698866702644354,1.0018382352941173,0.9-0.99
high_school_psychology,meta_llama_llama_3_70b_instruct,0.9376146788990826,0.058600917431193056,1.0018382352941244,0.9-0.99
high_school_psychology,meta_llama_llama_3_70b_instruct,0.9357798165137615,0.06020642201834809,1.0018382352941095,0.9-0.99
high_school_psychology,meta_llama_llama_3_70b_instruct,0.9412844036697248,0.05536967080410086,1.0018382352941066,0.9-0.99
high_school_psychology,meta_llama_llama_3_70b_instruct,0.9357798165137615,0.06020642201834809,1.0018382352941095,0.9-0.99
high_school_psychology,meta_llama_llama_3_70b_instruct,0.9376146788990826,0.058600917431193056,1.0018382352941244,0.9-0.99
high_school_psychology,meta_llama_llama_3_70b_instruct,0.9357798165137615,0.0602064220183481,1.0018382352941098,0.9-0.99
high_school_psychology,meta_llama_llama_3_70b_instruct,0.9412844036697248,0.05536967080410089,1.0018382352941073,0.9-0.99
high_school_psychology,meta_llama_llama_3_70b_instruct,0.9357798165137615,0.06020642201834809,1.0018382352941095,0.9-0.99
high_school_psychology,meta_llama_llama_3_70b_instruct,0.9357798165137615,0.06020642201834809,1.0018382352941095,0.9-0.99
high_school_psychology,meta_llama_llama_3_70b_instruct,0.9376146788990826,0.058600917431193084,1.0018382352941249,0.9-0.99
high_school_psychology,meta_llama_llama_3_70b_instruct,0.9321100917431193,0.06339719373988162,1.0018382352941237,0.9-0.99
high_school_psychology,meta_llama_llama_3_70b_instruct,0.9357798165137615,0.06020642201834809,1.0018382352941095,0.9-0.99
high_school_psychology,meta_llama_llama_3_70b_instruct,0.9339449541284404,0.06180518078791125,1.0018382352941135,0.9-0.99
high_school_psychology,meta_llama_llama_3_70b_instruct,0.9357798165137615,0.06020642201834808,1.0018382352941095,0.9-0.99
high_school_psychology,meta_llama_llama_3_70b_instruct,0.9357798165137615,0.0602064220183481,1.0018382352941098,0.9-0.99
high_school_psychology,meta_llama_llama_3_70b_instruct,0.9321100917431193,0.06339719373988162,1.0018382352941237,0.9-0.99
high_school_psychology,meta_llama_llama_3_70b_instruct,0.9376146788990826,0.058600917431193056,1.0018382352941244,0.9-0.99
high_school_psychology,meta_llama_llama_3_70b_instruct,0.9339449541284404,0.06180518078791125,1.0018382352941135,0.9-0.99
high_school_psychology,meta_llama_llama_3_70b_instruct,0.9376146788990826,0.05860091743119309,1.0018382352941249,0.9-0.99
high_school_psychology,meta_llama_llama_3_70b_instruct,0.9357798165137615,0.0602064220183481,1.0018382352941098,0.9-0.99
high_school_psychology,meta_llama_llama_3_70b_instruct,0.9357798165137615,0.06020642201834809,1.0018382352941095,0.9-0.99
high_school_psychology,meta_llama_llama_3_70b_instruct,0.9339449541284404,0.061805180787911224,1.001838235294113,0.9-0.99
high_school_psychology,meta_llama_llama_3_70b_instruct,0.9339449541284404,0.061805180787911224,1.001838235294113,0.9-0.99
high_school_psychology,meta_llama_llama_3_70b_instruct,0.9357798165137615,0.0602064220183481,1.0018382352941098,0.9-0.99
high_school_psychology,meta_llama_llama_3_70b_instruct,0.9376146788990826,0.058600917431193056,1.0018382352941244,0.9-0.99
high_school_psychology,meta_llama_llama_3_70b_instruct,0.9357798165137615,0.0602064220183481,1.0018382352941098,0.9-0.99
high_school_psychology,meta_llama_llama_3_70b_instruct,0.9357798165137615,0.06020642201834809,1.0018382352941095,0.9-0.99
high_school_psychology,meta_llama_llama_3_70b_instruct,0.9357798165137615,0.06020642201834812,1.00183823529411,0.9-0.99
high_school_psychology,meta_llama_llama_3_8b_instruct,0.8275229357798165,0.142991095520777,1.0018382352941166,0.7-0.9
high_school_psychology,meta_llama_llama_3_8b_instruct,0.8293577981651377,0.14178359417161407,1.001838235294121,0.7-0.9
high_school_psychology,meta_llama_llama_3_8b_instruct,0.8238532110091743,0.1453858607663255,1.001838235294122,0.7-0.9
high_school_psychology,meta_llama_llama_3_8b_instruct,0.8238532110091743,0.1453858607663254,1.0018382352941213,0.7-0.9
high_school_psychology,meta_llama_llama_3_8b_instruct,0.8348623853211009,0.13812061521856409,1.0018382352941146,0.7-0.9
high_school_psychology,meta_llama_llama_3_8b_instruct,0.8293577981651377,0.1417835941716141,1.0018382352941213,0.7-0.9
high_school_psychology,meta_llama_llama_3_8b_instruct,0.8275229357798165,0.142991095520777,1.0018382352941166,0.7-0.9
high_school_psychology,meta_llama_llama_3_8b_instruct,0.818348623853211,0.1489274150026986,1.0018382352941197,0.7-0.9
high_school_psychology,meta_llama_llama_3_8b_instruct,0.8293577981651377,0.14178359417161418,1.001838235294122,0.7-0.9
high_school_psychology,meta_llama_llama_3_8b_instruct,0.8311926605504587,0.1405693470048571,1.0018382352941182,0.7-0.9
high_school_psychology,meta_llama_llama_3_8b_instruct,0.8348623853211009,0.13812061521856406,1.0018382352941144,0.7-0.9
high_school_psychology,meta_llama_llama_3_8b_instruct,0.8256880733944955,0.14419185105234766,1.0018382352941186,0.7-0.9
high_school_psychology,meta_llama_llama_3_8b_instruct,0.8422018348623853,0.13314220183486167,1.0018382352941122,0.7-0.9
high_school_psychology,meta_llama_llama_3_8b_instruct,0.8201834862385321,0.14775364274150038,1.0018382352941184,0.7-0.9
high_school_psychology,meta_llama_llama_3_8b_instruct,0.8220183486238533,0.1465731246627096,1.0018382352941213,0.7-0.9
high_school_psychology,meta_llama_llama_3_8b_instruct,0.8256880733944955,0.14419185105234764,1.0018382352941184,0.7-0.9
high_school_psychology,meta_llama_llama_3_8b_instruct,0.8238532110091743,0.1453858607663253,1.0018382352941204,0.7-0.9
high_school_psychology,meta_llama_llama_3_8b_instruct,0.8275229357798165,0.14299109552077685,1.0018382352941158,0.7-0.9
high_school_psychology,meta_llama_llama_3_8b_instruct,0.8256880733944955,0.14419185105234758,1.001838235294118,0.7-0.9
high_school_psychology,meta_llama_llama_3_8b_instruct,0.8238532110091743,0.14538586076632526,1.0018382352941202,0.7-0.9
high_school_psychology,meta_llama_llama_3_8b_instruct,0.8366972477064221,0.1368861305990285,1.0018382352941169,0.7-0.9
high_school_psychology,meta_llama_llama_3_8b_instruct,0.8422018348623853,0.1331422018348617,1.0018382352941124,0.7-0.9
high_school_psychology,meta_llama_llama_3_8b_instruct,0.8330275229357799,0.13934835402050702,1.001838235294116,0.7-0.9
high_school_psychology,meta_llama_llama_3_8b_instruct,0.8330275229357799,0.13934835402050708,1.0018382352941164,0.7-0.9
high_school_psychology,meta_llama_llama_3_8b_instruct,0.8275229357798165,0.1429910955207769,1.001838235294116,0.7-0.9
high_school_psychology,meta_llama_llama_3_8b_instruct,0.8275229357798165,0.142991095520777,1.0018382352941166,0.7-0.9
high_school_psychology,meta_llama_llama_3_8b_instruct,0.8256880733944955,0.14419185105234789,1.0018382352941202,0.7-0.9
high_school_psychology,meta_llama_llama_3_8b_instruct,0.8220183486238533,0.14657312466270964,1.0018382352941213,0.7-0.9
high_school_psychology,meta_llama_llama_3_8b_instruct,0.8330275229357799,0.13934835402050713,1.0018382352941169,0.7-0.9
high_school_psychology,meta_llama_llama_3_8b_instruct,0.8330275229357799,0.13934835402050724,1.0018382352941175,0.7-0.9
high_school_psychology,meta_llama_llama_3_8b_instruct,0.8256880733944955,0.14419185105234789,1.0018382352941202,0.7-0.9
high_school_psychology,meta_llama_llama_3_8b_instruct,0.8256880733944955,0.14419185105234766,1.0018382352941186,0.7-0.9
high_school_psychology,meta_llama_llama_3_8b_instruct,0.8293577981651377,0.14178359417161387,1.0018382352941197,0.7-0.9
high_school_psychology,meta_llama_llama_3_8b_instruct,0.8275229357798165,0.14299109552077696,1.0018382352941164,0.7-0.9
high_school_psychology,meta_llama_llama_3_8b_instruct,0.8238532110091743,0.14538586076632515,1.0018382352941195,0.7-0.9
high_school_psychology,meta_llama_llama_3_8b_instruct,0.8330275229357799,0.13934835402050702,1.001838235294116,0.7-0.9
high_school_psychology,meta_llama_llama_3_8b_instruct,0.818348623853211,0.14892741500269852,1.001838235294119,0.7-0.9
high_school_psychology,meta_llama_llama_3_8b_instruct,0.8220183486238533,0.14657312466270947,1.0018382352941202,0.7-0.9
high_school_psychology,meta_llama_llama_3_8b_instruct,0.8311926605504587,0.140569347004857,1.0018382352941175,0.7-0.9
high_school_psychology,meta_llama_llama_3_8b_instruct,0.8201834862385321,0.14775364274150032,1.001838235294118,0.7-0.9
high_school_psychology,meta_llama_llama_3_8b_instruct,0.8293577981651377,0.14178359417161387,1.0018382352941197,0.7-0.9
high_school_psychology,meta_llama_llama_3_8b_instruct,0.8311926605504587,0.14056934700485693,1.001838235294117,0.7-0.9
high_school_psychology,meta_llama_llama_3_8b_instruct,0.8256880733944955,0.1441918510523476,1.0018382352941182,0.7-0.9
high_school_psychology,meta_llama_llama_3_8b_instruct,0.8311926605504587,0.14056934700485701,1.0018382352941178,0.7-0.9
high_school_psychology,meta_llama_llama_3_8b_instruct,0.8311926605504587,0.14056934700485693,1.001838235294117,0.7-0.9
high_school_psychology,meta_llama_llama_3_8b_instruct,0.8293577981651377,0.14178359417161407,1.001838235294121,0.7-0.9
high_school_psychology,meta_llama_llama_3_8b_instruct,0.8201834862385321,0.14775364274150043,1.0018382352941186,0.7-0.9
high_school_psychology,meta_llama_llama_3_8b_instruct,0.8201834862385321,0.14775364274150038,1.0018382352941184,0.7-0.9
high_school_psychology,meta_llama_llama_3_8b_instruct,0.8256880733944955,0.1441918510523475,1.0018382352941175,0.7-0.9
high_school_psychology,meta_llama_llama_3_8b_instruct,0.8238532110091743,0.14538586076632515,1.0018382352941195,0.7-0.9
high_school_psychology,meta_llama_llama_3_8b_instruct,0.8311926605504587,0.14056934700485693,1.001838235294117,0.7-0.9
high_school_psychology,meta_llama_llama_3_8b_instruct,0.818348623853211,0.1489274150026985,1.001838235294119,0.7-0.9
high_school_psychology,meta_llama_llama_3_8b_instruct,0.8238532110091743,0.1453858607663252,1.00183823529412,0.7-0.9
high_school_psychology,meta_llama_llama_3_8b_instruct,0.8256880733944955,0.1441918510523475,1.0018382352941175,0.7-0.9
high_school_psychology,meta_llama_llama_3_8b_instruct,0.8330275229357799,0.13934835402050713,1.0018382352941169,0.7-0.9
high_school_psychology,meta_llama_llama_3_8b_instruct,0.8293577981651377,0.14178359417161407,1.001838235294121,0.7-0.9
high_school_psychology,meta_llama_llama_3_8b_instruct,0.8330275229357799,0.13934835402050708,1.0018382352941164,0.7-0.9
high_school_psychology,meta_llama_llama_3_8b_instruct,0.8311926605504587,0.14056934700485696,1.0018382352941173,0.7-0.9
high_school_psychology,meta_llama_llama_3_8b_instruct,0.8220183486238533,0.1465731246627095,1.0018382352941204,0.7-0.9
high_school_psychology,meta_llama_llama_3_8b_instruct,0.8238532110091743,0.1453858607663253,1.0018382352941204,0.7-0.9
high_school_psychology,meta_llama_llama_3_8b_instruct,0.8311926605504587,0.1405693470048568,1.0018382352941162,0.7-0.9
high_school_psychology,meta_llama_llama_3_8b_instruct,0.8385321100917431,0.13564490016189956,1.0018382352941173,0.7-0.9
high_school_psychology,meta_llama_llama_3_8b_instruct,0.8348623853211009,0.13812061521856397,1.001838235294114,0.7-0.9
high_school_psychology,meta_llama_llama_3_8b_instruct,0.8366972477064221,0.13688613059902868,1.0018382352941184,0.7-0.9
high_school_psychology,meta_llama_llama_3_8b_instruct,0.8422018348623853,0.13314220183486158,1.0018382352941115,0.7-0.9
high_school_psychology,meta_llama_llama_3_8b_instruct,0.8330275229357799,0.1393483540205072,1.0018382352941173,0.7-0.9
high_school_psychology,meta_llama_llama_3_8b_instruct,0.8385321100917431,0.1356449001618995,1.0018382352941169,0.7-0.9
high_school_psychology,meta_llama_llama_3_8b_instruct,0.8348623853211009,0.13812061521856409,1.0018382352941146,0.7-0.9
high_school_psychology,meta_llama_llama_3_8b_instruct,0.818348623853211,0.14892741500269863,1.00183823529412,0.7-0.9
high_school_psychology,meta_llama_llama_3_8b_instruct,0.8275229357798165,0.14299109552077688,1.0018382352941158,0.7-0.9
high_school_psychology,meta_llama_llama_3_8b_instruct,0.8220183486238533,0.14657312466270947,1.0018382352941202,0.7-0.9
high_school_psychology,meta_llama_llama_3_8b_instruct,0.8293577981651377,0.14178359417161385,1.0018382352941195,0.7-0.9
high_school_psychology,meta_llama_llama_3_8b_instruct,0.8275229357798165,0.14299109552077688,1.0018382352941158,0.7-0.9
high_school_psychology,meta_llama_llama_3_8b_instruct,0.8330275229357799,0.13934835402050688,1.001838235294115,0.7-0.9
high_school_psychology,meta_llama_llama_3_8b_instruct,0.8348623853211009,0.13812061521856397,1.001838235294114,0.7-0.9
high_school_psychology,meta_llama_llama_3_8b_instruct,0.8091743119266055,0.1546950890447918,1.0018382352941146,0.7-0.9
high_school_psychology,meta_llama_llama_3_8b_instruct,0.8275229357798165,0.14299109552077677,1.001838235294115,0.7-0.9
high_school_psychology,meta_llama_llama_3_8b_instruct,0.818348623853211,0.14892741500269852,1.001838235294119,0.7-0.9
high_school_psychology,meta_llama_llama_3_8b_instruct,0.8201834862385321,0.14775364274150046,1.0018382352941189,0.7-0.9
high_school_psychology,meta_llama_llama_3_8b_instruct,0.8073394495412844,0.15582838640043153,1.0018382352941164,0.7-0.9
high_school_psychology,meta_llama_llama_3_8b_instruct,0.8128440366972477,0.1524082568807339,1.0018382352941173,0.7-0.9
high_school_psychology,meta_llama_llama_3_8b_instruct,0.8256880733944955,0.14419185105234766,1.0018382352941186,0.7-0.9
high_school_psychology,meta_llama_llama_3_8b_instruct,0.8275229357798165,0.1429910955207771,1.0018382352941173,0.7-0.9
high_school_psychology,meta_llama_llama_3_8b_instruct,0.8366972477064221,0.13688613059902857,1.0018382352941175,0.7-0.9
high_school_psychology,meta_llama_llama_3_8b_instruct,0.8275229357798165,0.14299109552077716,1.0018382352941178,0.7-0.9
high_school_psychology,meta_llama_llama_3_8b_instruct,0.8385321100917431,0.13564490016189956,1.0018382352941173,0.7-0.9
high_school_psychology,meta_llama_llama_3_8b_instruct,0.8275229357798165,0.14299109552077716,1.0018382352941178,0.7-0.9
high_school_psychology,meta_llama_llama_3_8b_instruct,0.8366972477064221,0.13688613059902865,1.0018382352941182,0.7-0.9
high_school_psychology,meta_llama_llama_3_8b_instruct,0.8348623853211009,0.13812061521856403,1.0018382352941142,0.7-0.9
high_school_psychology,meta_llama_llama_3_8b_instruct,0.8440366972477065,0.13188073394495545,1.001838235294128,0.7-0.9
high_school_psychology,meta_llama_llama_3_8b_instruct,0.8330275229357799,0.13934835402050702,1.001838235294116,0.7-0.9
high_school_psychology,meta_llama_llama_3_8b_instruct,0.8256880733944955,0.1441918510523475,1.0018382352941175,0.7-0.9
high_school_psychology,meta_llama_llama_3_8b_instruct,0.8220183486238533,0.14657312466270947,1.0018382352941202,0.7-0.9
high_school_psychology,meta_llama_llama_3_8b_instruct,0.8220183486238533,0.14657312466270947,1.0018382352941202,0.7-0.9
high_school_psychology,meta_llama_llama_3_8b_instruct,0.8311926605504587,0.140569347004857,1.0018382352941175,0.7-0.9
high_school_psychology,meta_llama_llama_3_8b_instruct,0.8330275229357799,0.13934835402050688,1.001838235294115,0.7-0.9
high_school_psychology,meta_llama_llama_3_8b_instruct,0.8220183486238533,0.14657312466270947,1.0018382352941202,0.7-0.9
high_school_psychology,meta_llama_llama_3_8b_instruct,0.8275229357798165,0.14299109552077685,1.0018382352941158,0.7-0.9
high_school_psychology,meta_llama_llama_3_8b_instruct,0.8293577981651377,0.1417835941716139,1.00183823529412,0.7-0.9
high_school_psychology,meta_llama_llama_3_8b_instruct,0.8330275229357799,0.13934835402050688,1.001838235294115,0.7-0.9
high_school_psychology,mistralai_mistral_7b_instruct_v0_2,0.7522935779816514,0.18669050188882966,1.0018382352941217,0.7-0.9
high_school_psychology,mistralai_mistral_7b_instruct_v0_2,0.7577981651376147,0.18387749595250857,1.0018382352941129,0.7-0.9
high_school_psychology,mistralai_mistral_7b_instruct_v0_2,0.7614678899082569,0.18196842957366546,1.001838235294124,0.7-0.9
high_school_psychology,mistralai_mistral_7b_instruct_v0_2,0.7596330275229358,0.18292633567188443,1.0018382352941233,0.7-0.9
high_school_psychology,mistralai_mistral_7b_instruct_v0_2,0.7541284403669725,0.18575957906098098,1.001838235294111,0.7-0.9
high_school_psychology,mistralai_mistral_7b_instruct_v0_2,0.7706422018348624,0.1770777118186719,1.0018382352941149,0.7-0.9
high_school_psychology,mistralai_mistral_7b_instruct_v0_2,0.7743119266055046,0.17507420399352588,1.0018382352941286,0.7-0.9
high_school_psychology,mistralai_mistral_7b_instruct_v0_2,0.7651376146788991,0.1800323799244449,1.0018382352941069,0.7-0.9
high_school_psychology,mistralai_mistral_7b_instruct_v0_2,0.7559633027522936,0.1848219104155417,1.0018382352941142,0.7-0.9
high_school_psychology,mistralai_mistral_7b_instruct_v0_2,0.7688073394495413,0.17806934700485602,1.0018382352941122,0.7-0.9
high_school_psychology,mistralai_mistral_7b_instruct_v0_2,0.7596330275229358,0.18292633567188443,1.0018382352941233,0.7-0.9
high_school_psychology,mistralai_mistral_7b_instruct_v0_2,0.7559633027522936,0.18482191041554158,1.0018382352941135,0.7-0.9
high_school_psychology,mistralai_mistral_7b_instruct_v0_2,0.7522935779816514,0.1866905018888297,1.001838235294122,0.7-0.9
high_school_psychology,mistralai_mistral_7b_instruct_v0_2,0.7486238532110092,0.1885321100917429,1.0018382352941166,0.7-0.9
high_school_psychology,mistralai_mistral_7b_instruct_v0_2,0.7559633027522936,0.18482191041554175,1.0018382352941144,0.7-0.9
high_school_psychology,mistralai_mistral_7b_instruct_v0_2,0.7596330275229358,0.18292633567188443,1.0018382352941233,0.7-0.9
high_school_psychology,mistralai_mistral_7b_instruct_v0_2,0.7504587155963303,0.18761467889908406,1.0018382352941255,0.7-0.9
high_school_psychology,mistralai_mistral_7b_instruct_v0_2,0.7614678899082569,0.18196842957366557,1.0018382352941246,0.7-0.9
high_school_psychology,mistralai_mistral_7b_instruct_v0_2,0.7614678899082569,0.1819684295736656,1.0018382352941246,0.7-0.9
high_school_psychology,mistralai_mistral_7b_instruct_v0_2,0.7614678899082569,0.1819684295736656,1.0018382352941246,0.7-0.9
high_school_psychology,mistralai_mistral_7b_instruct_v0_2,0.7743119266055046,0.1750742039935259,1.0018382352941286,0.7-0.9
high_school_psychology,mistralai_mistral_7b_instruct_v0_2,0.7559633027522936,0.18482191041554166,1.001838235294114,0.7-0.9
high_school_psychology,mistralai_mistral_7b_instruct_v0_2,0.7596330275229358,0.18292633567188443,1.0018382352941233,0.7-0.9
high_school_psychology,mistralai_mistral_7b_instruct_v0_2,0.744954128440367,0.19034673502428365,1.0018382352941109,0.7-0.9
high_school_psychology,mistralai_mistral_7b_instruct_v0_2,0.7541284403669725,0.18575957906098114,1.001838235294112,0.7-0.9
high_school_psychology,mistralai_mistral_7b_instruct_v0_2,0.7467889908256881,0.18944279546680964,1.0018382352941126,0.7-0.9
high_school_psychology,mistralai_mistral_7b_instruct_v0_2,0.7431192660550459,0.1912439287641681,1.0018382352941275,0.7-0.9
high_school_psychology,mistralai_mistral_7b_instruct_v0_2,0.7522935779816514,0.1866905018888297,1.001838235294122,0.7-0.9
high_school_psychology,mistralai_mistral_7b_instruct_v0_2,0.7376146788990826,0.19389503507825007,1.0018382352941104,0.7-0.9
high_school_psychology,mistralai_mistral_7b_instruct_v0_2,0.7431192660550459,0.1912439287641682,1.001838235294128,0.7-0.9
high_school_psychology,mistralai_mistral_7b_instruct_v0_2,0.7467889908256881,0.18944279546680964,1.0018382352941126,0.7-0.9
high_school_psychology,mistralai_mistral_7b_instruct_v0_2,0.7522935779816514,0.18669050188882969,1.0018382352941217,0.7-0.9
high_school_psychology,mistralai_mistral_7b_instruct_v0_2,0.7541284403669725,0.185759579060981,1.0018382352941113,0.7-0.9
high_school_psychology,mistralai_mistral_7b_instruct_v0_2,0.7614678899082569,0.18196842957366557,1.0018382352941246,0.7-0.9
high_school_psychology,mistralai_mistral_7b_instruct_v0_2,0.7504587155963303,0.18761467889908406,1.0018382352941255,0.7-0.9
high_school_psychology,mistralai_mistral_7b_instruct_v0_2,0.7669724770642202,0.17905423637344758,1.0018382352941129,0.7-0.9
high_school_psychology,mistralai_mistral_7b_instruct_v0_2,0.7688073394495413,0.178069347004856,1.001838235294112,0.7-0.9
high_school_psychology,mistralai_mistral_7b_instruct_v0_2,0.7688073394495413,0.17806934700485597,1.0018382352941118,0.7-0.9
high_school_psychology,mistralai_mistral_7b_instruct_v0_2,0.763302752293578,0.18100377765785355,1.0018382352941255,0.7-0.9
high_school_psychology,mistralai_mistral_7b_instruct_v0_2,0.7651376146788991,0.18003237992444482,1.0018382352941064,0.7-0.9
high_school_psychology,mistralai_mistral_7b_instruct_v0_2,0.7614678899082569,0.1819684295736656,1.0018382352941246,0.7-0.9
high_school_psychology,mistralai_mistral_7b_instruct_v0_2,0.7596330275229358,0.18292633567188443,1.0018382352941233,0.7-0.9
high_school_psychology,mistralai_mistral_7b_instruct_v0_2,0.7504587155963303,0.1876146788990841,1.0018382352941257,0.7-0.9
high_school_psychology,mistralai_mistral_7b_instruct_v0_2,0.7559633027522936,0.1848219104155417,1.0018382352941142,0.7-0.9
high_school_psychology,mistralai_mistral_7b_instruct_v0_2,0.7541284403669725,0.18575957906098112,1.001838235294112,0.7-0.9
high_school_psychology,mistralai_mistral_7b_instruct_v0_2,0.7724770642201835,0.17607933081489574,1.001838235294123,0.7-0.9
high_school_psychology,mistralai_mistral_7b_instruct_v0_2,0.744954128440367,0.1903467350242838,1.0018382352941118,0.7-0.9
high_school_psychology,mistralai_mistral_7b_instruct_v0_2,0.7522935779816514,0.1866905018888297,1.001838235294122,0.7-0.9
high_school_psychology,mistralai_mistral_7b_instruct_v0_2,0.7504587155963303,0.18761467889908406,1.0018382352941255,0.7-0.9
high_school_psychology,mistralai_mistral_7b_instruct_v0_2,0.7467889908256881,0.18944279546680962,1.0018382352941124,0.7-0.9
high_school_psychology,mistralai_mistral_7b_instruct_v0_2,0.763302752293578,0.18100377765785353,1.0018382352941255,0.7-0.9
high_school_psychology,mistralai_mistral_7b_instruct_v0_2,0.7559633027522936,0.1848219104155417,1.0018382352941142,0.7-0.9
high_school_psychology,mistralai_mistral_7b_instruct_v0_2,0.7577981651376147,0.18387749595250857,1.0018382352941129,0.7-0.9
high_school_psychology,mistralai_mistral_7b_instruct_v0_2,0.7504587155963303,0.18761467889908406,1.0018382352941255,0.7-0.9
high_school_psychology,mistralai_mistral_7b_instruct_v0_2,0.7651376146788991,0.18003237992444504,1.0018382352941075,0.7-0.9
high_school_psychology,mistralai_mistral_7b_instruct_v0_2,0.7651376146788991,0.18003237992444485,1.0018382352941064,0.7-0.9
high_school_psychology,mistralai_mistral_7b_instruct_v0_2,0.7486238532110092,0.1885321100917429,1.0018382352941166,0.7-0.9
high_school_psychology,mistralai_mistral_7b_instruct_v0_2,0.7467889908256881,0.1894427954668096,1.0018382352941124,0.7-0.9
high_school_psychology,mistralai_mistral_7b_instruct_v0_2,0.7522935779816514,0.1866905018888297,1.001838235294122,0.7-0.9
high_school_psychology,mistralai_mistral_7b_instruct_v0_2,0.7577981651376147,0.18387749595250855,1.0018382352941126,0.7-0.9
high_school_psychology,mistralai_mistral_7b_instruct_v0_2,0.7577981651376147,0.18387749595250855,1.0018382352941126,0.7-0.9
high_school_psychology,mistralai_mistral_7b_instruct_v0_2,0.7614678899082569,0.18196842957366557,1.0018382352941246,0.7-0.9
high_school_psychology,mistralai_mistral_7b_instruct_v0_2,0.7541284403669725,0.18575957906098095,1.001838235294111,0.7-0.9
high_school_psychology,mistralai_mistral_7b_instruct_v0_2,0.7559633027522936,0.18482191041554158,1.0018382352941135,0.7-0.9
high_school_psychology,mistralai_mistral_7b_instruct_v0_2,0.7577981651376147,0.18387749595250857,1.0018382352941129,0.7-0.9
high_school_psychology,mistralai_mistral_7b_instruct_v0_2,0.7541284403669725,0.18575957906098117,1.0018382352941122,0.7-0.9
high_school_psychology,mistralai_mistral_7b_instruct_v0_2,0.7688073394495413,0.178069347004856,1.001838235294112,0.7-0.9
high_school_psychology,mistralai_mistral_7b_instruct_v0_2,0.7559633027522936,0.18482191041554172,1.0018382352941142,0.7-0.9
high_school_psychology,mistralai_mistral_7b_instruct_v0_2,0.7577981651376147,0.18387749595250857,1.0018382352941129,0.7-0.9
high_school_psychology,mistralai_mistral_7b_instruct_v0_2,0.7669724770642202,0.17905423637344772,1.0018382352941138,0.7-0.9
high_school_psychology,mistralai_mistral_7b_instruct_v0_2,0.7596330275229358,0.18292633567188443,1.0018382352941233,0.7-0.9
high_school_psychology,mistralai_mistral_7b_instruct_v0_2,0.7761467889908257,0.17406233135456062,1.0018382352941202,0.7-0.9
high_school_psychology,mistralai_mistral_7b_instruct_v0_2,0.7651376146788991,0.18003237992444485,1.0018382352941064,0.7-0.9
high_school_psychology,mistralai_mistral_7b_instruct_v0_2,0.7614678899082569,0.1819684295736655,1.001838235294124,0.7-0.9
high_school_psychology,mistralai_mistral_7b_instruct_v0_2,0.7559633027522936,0.18482191041554166,1.001838235294114,0.7-0.9
high_school_psychology,mistralai_mistral_7b_instruct_v0_2,0.7486238532110092,0.18853211009174287,1.0018382352941164,0.7-0.9
high_school_psychology,mistralai_mistral_7b_instruct_v0_2,0.7559633027522936,0.18482191041554158,1.0018382352941135,0.7-0.9
high_school_psychology,mistralai_mistral_7b_instruct_v0_2,0.744954128440367,0.1903467350242837,1.0018382352941113,0.7-0.9
high_school_psychology,mistralai_mistral_7b_instruct_v0_2,0.7486238532110092,0.1885321100917429,1.0018382352941166,0.7-0.9
high_school_psychology,mistralai_mistral_7b_instruct_v0_2,0.7522935779816514,0.18669050188882974,1.0018382352941222,0.7-0.9
high_school_psychology,mistralai_mistral_7b_instruct_v0_2,0.7504587155963303,0.1876146788990841,1.0018382352941257,0.7-0.9
high_school_psychology,mistralai_mistral_7b_instruct_v0_2,0.7596330275229358,0.18292633567188443,1.0018382352941233,0.7-0.9
high_school_psychology,mistralai_mistral_7b_instruct_v0_2,0.7486238532110092,0.1885321100917429,1.0018382352941166,0.7-0.9
high_school_psychology,mistralai_mistral_7b_instruct_v0_2,0.7669724770642202,0.17905423637344775,1.0018382352941138,0.7-0.9
high_school_psychology,mistralai_mistral_7b_instruct_v0_2,0.7577981651376147,0.18387749595250855,1.0018382352941126,0.7-0.9
high_school_psychology,mistralai_mistral_7b_instruct_v0_2,0.763302752293578,0.18100377765785347,1.001838235294125,0.7-0.9
high_school_psychology,mistralai_mistral_7b_instruct_v0_2,0.7559633027522936,0.18482191041554166,1.001838235294114,0.7-0.9
high_school_psychology,mistralai_mistral_7b_instruct_v0_2,0.7669724770642202,0.17905423637344775,1.0018382352941138,0.7-0.9
high_school_psychology,mistralai_mistral_7b_instruct_v0_2,0.7541284403669725,0.18575957906098112,1.001838235294112,0.7-0.9
high_school_psychology,mistralai_mistral_7b_instruct_v0_2,0.7706422018348624,0.1770777118186719,1.0018382352941149,0.7-0.9
high_school_psychology,mistralai_mistral_7b_instruct_v0_2,0.7559633027522936,0.1848219104155417,1.0018382352941142,0.7-0.9
high_school_psychology,mistralai_mistral_7b_instruct_v0_2,0.744954128440367,0.19034673502428362,1.0018382352941109,0.7-0.9
high_school_psychology,mistralai_mistral_7b_instruct_v0_2,0.7504587155963303,0.18761467889908406,1.0018382352941255,0.7-0.9
high_school_psychology,mistralai_mistral_7b_instruct_v0_2,0.7541284403669725,0.18575957906098087,1.0018382352941106,0.7-0.9
high_school_psychology,mistralai_mistral_7b_instruct_v0_2,0.7559633027522936,0.18482191041554166,1.001838235294114,0.7-0.9
high_school_psychology,mistralai_mistral_7b_instruct_v0_2,0.7394495412844037,0.19301807879114888,1.0018382352941144,0.7-0.9
high_school_psychology,mistralai_mistral_7b_instruct_v0_2,0.7467889908256881,0.18944279546680964,1.0018382352941126,0.7-0.9
high_school_psychology,mistralai_mistral_7b_instruct_v0_2,0.7486238532110092,0.1885321100917429,1.0018382352941166,0.7-0.9
high_school_psychology,mistralai_mistral_7b_instruct_v0_2,0.7669724770642202,0.17905423637344753,1.0018382352941126,0.7-0.9
high_school_psychology,mistralai_mistral_7b_instruct_v0_2,0.7614678899082569,0.1819684295736656,1.0018382352941246,0.7-0.9
high_school_psychology,tiiuae_falcon_40b,0.7376146788990826,0.1938950350782501,1.0018382352941106,0.7-0.9
high_school_psychology,tiiuae_falcon_40b,0.7247706422018348,0.1998448461953594,1.0018382352941202,0.7-0.9
high_school_psychology,tiiuae_falcon_40b,0.7174311926605504,0.20309633027522905,1.0018382352941162,0.7-0.9
high_school_psychology,tiiuae_falcon_40b,0.7302752293577982,0.19733540205072786,1.0018382352941142,0.7-0.9
high_school_psychology,tiiuae_falcon_40b,0.7174311926605504,0.20309633027522905,1.0018382352941162,0.7-0.9
high_school_psychology,tiiuae_falcon_40b,0.7339449541284404,0.19562871019967784,1.0018382352941262,0.7-0.9
high_school_psychology,tiiuae_falcon_40b,0.7229357798165138,0.2006678359417155,1.0018382352941146,0.7-0.9
high_school_psychology,tiiuae_falcon_40b,0.6990825688073394,0.21075283324338934,1.0018382352941189,0.5-0.7
high_school_psychology,tiiuae_falcon_40b,0.7211009174311926,0.2014840798704781,1.0018382352941066,0.7-0.9
high_school_psychology,tiiuae_falcon_40b,0.7211009174311926,0.201484079870478,1.0018382352941062,0.7-0.9
high_school_psychology,tiiuae_falcon_40b,0.7339449541284404,0.19562871019967779,1.0018382352941257,0.7-0.9
high_school_psychology,tiiuae_falcon_40b,0.728440366972477,0.19817862924986318,1.001838235294108,0.7-0.9
high_school_psychology,tiiuae_falcon_40b,0.7211009174311926,0.20148407987047812,1.0018382352941066,0.7-0.9
high_school_psychology,tiiuae_falcon_40b,0.7247706422018348,0.19984484619535942,1.0018382352941204,0.7-0.9
high_school_psychology,tiiuae_falcon_40b,0.726605504587156,0.1990151106314105,1.0018382352941277,0.7-0.9
high_school_psychology,tiiuae_falcon_40b,0.7119266055045872,0.20546411225040595,1.0018382352941235,0.7-0.9
high_school_psychology,tiiuae_falcon_40b,0.7155963302752294,0.20389233675121365,1.0018382352941149,0.7-0.9
high_school_psychology,tiiuae_falcon_40b,0.728440366972477,0.19817862924986318,1.001838235294108,0.7-0.9
high_school_psychology,tiiuae_falcon_40b,0.7211009174311926,0.2014840798704781,1.0018382352941066,0.7-0.9
high_school_psychology,tiiuae_falcon_40b,0.7431192660550459,0.19124392876416837,1.0018382352941289,0.7-0.9
high_school_psychology,tiiuae_falcon_40b,0.728440366972477,0.1981786292498632,1.0018382352941082,0.7-0.9
high_school_psychology,tiiuae_falcon_40b,0.7339449541284404,0.19562871019967745,1.0018382352941242,0.7-0.9
high_school_psychology,tiiuae_falcon_40b,0.7376146788990826,0.1938950350782501,1.0018382352941106,0.7-0.9
high_school_psychology,tiiuae_falcon_40b,0.726605504587156,0.19901511063141034,1.0018382352941269,0.7-0.9
high_school_psychology,tiiuae_falcon_40b,0.7357798165137615,0.19476524554775804,1.0018382352941055,0.7-0.9
high_school_psychology,tiiuae_falcon_40b,0.7357798165137615,0.19476524554775804,1.0018382352941055,0.7-0.9
high_school_psychology,tiiuae_falcon_40b,0.726605504587156,0.1990151106314104,1.0018382352941273,0.7-0.9
high_school_psychology,tiiuae_falcon_40b,0.7119266055045872,0.20546411225040595,1.0018382352941235,0.7-0.9
high_school_psychology,tiiuae_falcon_40b,0.7009174311926606,0.21001753912574242,1.0018382352941195,0.7-0.9
high_school_psychology,tiiuae_falcon_40b,0.708256880733945,0.20700890447922093,1.0018382352941082,0.7-0.9
high_school_psychology,tiiuae_falcon_40b,0.7137614678899082,0.2046815974096074,1.0018382352941242,0.7-0.9
high_school_psychology,tiiuae_falcon_40b,0.7155963302752294,0.2038923367512138,1.0018382352941155,0.7-0.9
high_school_psychology,tiiuae_falcon_40b,0.7155963302752294,0.20389233675121382,1.0018382352941155,0.7-0.9
high_school_psychology,tiiuae_falcon_40b,0.7376146788990826,0.19389503507825007,1.0018382352941104,0.7-0.9
high_school_psychology,tiiuae_falcon_40b,0.7247706422018348,0.19984484619535942,1.0018382352941204,0.7-0.9
high_school_psychology,tiiuae_falcon_40b,0.7192660550458716,0.20229357798165268,1.0018382352941242,0.7-0.9
high_school_psychology,tiiuae_falcon_40b,0.7192660550458716,0.20229357798165262,1.0018382352941237,0.7-0.9
high_school_psychology,tiiuae_falcon_40b,0.7192660550458716,0.2022935779816529,1.0018382352941253,0.7-0.9
high_school_psychology,tiiuae_falcon_40b,0.7174311926605504,0.20309633027522905,1.0018382352941162,0.7-0.9
high_school_psychology,tiiuae_falcon_40b,0.7174311926605504,0.20309633027522905,1.0018382352941162,0.7-0.9
high_school_psychology,tiiuae_falcon_40b,0.7119266055045872,0.20546411225040598,1.0018382352941237,0.7-0.9
high_school_psychology,tiiuae_falcon_40b,0.7155963302752294,0.20389233675121388,1.001838235294116,0.7-0.9
high_school_psychology,tiiuae_falcon_40b,0.7174311926605504,0.20309633027522905,1.0018382352941162,0.7-0.9
high_school_psychology,tiiuae_falcon_40b,0.7064220183486238,0.20777118186724475,1.0018382352941293,0.7-0.9
high_school_psychology,tiiuae_falcon_40b,0.726605504587156,0.19901511063141042,1.0018382352941273,0.7-0.9
high_school_psychology,tiiuae_falcon_40b,0.726605504587156,0.1990151106314103,1.0018382352941269,0.7-0.9
high_school_psychology,tiiuae_falcon_40b,0.7211009174311926,0.20148407987047826,1.0018382352941073,0.7-0.9
high_school_psychology,tiiuae_falcon_40b,0.7155963302752294,0.20389233675121382,1.0018382352941155,0.7-0.9
high_school_psychology,tiiuae_falcon_40b,0.7229357798165138,0.2006678359417155,1.0018382352941146,0.7-0.9
high_school_psychology,tiiuae_falcon_40b,0.7211009174311926,0.20148407987047814,1.0018382352941069,0.7-0.9
high_school_psychology,tiiuae_falcon_40b,0.726605504587156,0.19901511063141045,1.0018382352941275,0.7-0.9
high_school_psychology,tiiuae_falcon_40b,0.726605504587156,0.19901511063141045,1.0018382352941275,0.7-0.9
high_school_psychology,tiiuae_falcon_40b,0.7192660550458716,0.20229357798165273,1.0018382352941244,0.7-0.9
high_school_psychology,tiiuae_falcon_40b,0.7229357798165138,0.20066783594171547,1.0018382352941144,0.7-0.9
high_school_psychology,tiiuae_falcon_40b,0.7412844036697248,0.19213437668645594,1.0018382352941257,0.7-0.9
high_school_psychology,tiiuae_falcon_40b,0.726605504587156,0.19901511063141047,1.0018382352941275,0.7-0.9
high_school_psychology,tiiuae_falcon_40b,0.7192660550458716,0.20229357798165276,1.0018382352941246,0.7-0.9
high_school_psychology,tiiuae_falcon_40b,0.7394495412844037,0.19301807879114888,1.0018382352941144,0.7-0.9
high_school_psychology,tiiuae_falcon_40b,0.7412844036697248,0.19213437668645594,1.0018382352941257,0.7-0.9
high_school_psychology,tiiuae_falcon_40b,0.710091743119266,0.20623988127360868,1.0018382352941095,0.7-0.9
high_school_psychology,tiiuae_falcon_40b,0.7211009174311926,0.201484079870478,1.0018382352941062,0.7-0.9
high_school_psychology,tiiuae_falcon_40b,0.7357798165137615,0.1947652455477579,1.0018382352941049,0.7-0.9
high_school_psychology,tiiuae_falcon_40b,0.7357798165137615,0.1947652455477579,1.0018382352941049,0.7-0.9
high_school_psychology,tiiuae_falcon_40b,0.7119266055045872,0.20546411225040598,1.0018382352941237,0.7-0.9
high_school_psychology,tiiuae_falcon_40b,0.726605504587156,0.19901511063141047,1.0018382352941275,0.7-0.9
high_school_psychology,tiiuae_falcon_40b,0.7247706422018348,0.19984484619535942,1.0018382352941204,0.7-0.9
high_school_psychology,tiiuae_falcon_40b,0.6990825688073394,0.21075283324338934,1.0018382352941189,0.5-0.7
high_school_psychology,tiiuae_falcon_40b,0.726605504587156,0.19901511063141028,1.0018382352941266,0.7-0.9
high_school_psychology,tiiuae_falcon_40b,0.726605504587156,0.19901511063141036,1.001838235294127,0.7-0.9
high_school_psychology,tiiuae_falcon_40b,0.7229357798165138,0.2006678359417155,1.0018382352941146,0.7-0.9
high_school_psychology,tiiuae_falcon_40b,0.7027522935779816,0.20927549919050087,1.0018382352941126,0.7-0.9
high_school_psychology,tiiuae_falcon_40b,0.7027522935779816,0.20927549919050087,1.0018382352941126,0.7-0.9
high_school_psychology,tiiuae_falcon_40b,0.7192660550458716,0.20229357798165273,1.0018382352941244,0.7-0.9
high_school_psychology,tiiuae_falcon_40b,0.7174311926605504,0.20309633027522903,1.001838235294116,0.7-0.9
high_school_psychology,tiiuae_falcon_40b,0.7119266055045872,0.20546411225040595,1.0018382352941235,0.7-0.9
high_school_psychology,tiiuae_falcon_40b,0.6954128440366972,0.21220318402590507,1.001838235294123,0.5-0.7
high_school_psychology,tiiuae_falcon_40b,0.7302752293577982,0.19733540205072791,1.0018382352941146,0.7-0.9
high_school_psychology,tiiuae_falcon_40b,0.728440366972477,0.19817862924986335,1.0018382352941089,0.7-0.9
high_school_psychology,tiiuae_falcon_40b,0.726605504587156,0.1990151106314102,1.0018382352941262,0.7-0.9
high_school_psychology,tiiuae_falcon_40b,0.7155963302752294,0.20389233675121396,1.0018382352941162,0.7-0.9
high_school_psychology,tiiuae_falcon_40b,0.7211009174311926,0.20148407987047814,1.0018382352941069,0.7-0.9
high_school_psychology,tiiuae_falcon_40b,0.7211009174311926,0.20148407987047812,1.0018382352941066,0.7-0.9
high_school_psychology,tiiuae_falcon_40b,0.7211009174311926,0.20148407987047814,1.0018382352941069,0.7-0.9
high_school_psychology,tiiuae_falcon_40b,0.7247706422018348,0.19984484619535942,1.0018382352941204,0.7-0.9
high_school_psychology,tiiuae_falcon_40b,0.7339449541284404,0.19562871019967756,1.0018382352941246,0.7-0.9
high_school_psychology,tiiuae_falcon_40b,0.728440366972477,0.19817862924986318,1.001838235294108,0.7-0.9
high_school_psychology,tiiuae_falcon_40b,0.7211009174311926,0.20148407987047814,1.0018382352941069,0.7-0.9
high_school_psychology,tiiuae_falcon_40b,0.7229357798165138,0.2006678359417155,1.0018382352941146,0.7-0.9
high_school_psychology,tiiuae_falcon_40b,0.710091743119266,0.20623988127360865,1.0018382352941093,0.7-0.9
high_school_psychology,tiiuae_falcon_40b,0.7302752293577982,0.1973354020507279,1.0018382352941144,0.7-0.9
high_school_psychology,tiiuae_falcon_40b,0.7229357798165138,0.20066783594171553,1.0018382352941146,0.7-0.9
high_school_psychology,tiiuae_falcon_40b,0.7412844036697248,0.19213437668645594,1.0018382352941257,0.7-0.9
high_school_psychology,tiiuae_falcon_40b,0.7155963302752294,0.20389233675121377,1.0018382352941153,0.7-0.9
high_school_psychology,tiiuae_falcon_40b,0.7229357798165138,0.2006678359417155,1.0018382352941146,0.7-0.9
high_school_psychology,tiiuae_falcon_40b,0.728440366972477,0.19817862924986343,1.0018382352941093,0.7-0.9
high_school_psychology,tiiuae_falcon_40b,0.7192660550458716,0.2022935779816528,1.0018382352941246,0.7-0.9
high_school_psychology,tiiuae_falcon_40b,0.7376146788990826,0.19389503507825004,1.0018382352941102,0.7-0.9
high_school_psychology,tiiuae_falcon_40b,0.728440366972477,0.19817862924986326,1.0018382352941084,0.7-0.9
high_school_psychology,tiiuae_falcon_40b,0.7155963302752294,0.2038923367512137,1.001838235294115,0.7-0.9
high_school_psychology,tiiuae_falcon_40b,0.7155963302752294,0.2038923367512137,1.001838235294115,0.7-0.9
high_school_world_history,codellama_codellama_34b_instruct,0.7468354430379747,0.18987341772151858,1.004237288135591,0.7-0.9
high_school_world_history,codellama_codellama_34b_instruct,0.7383966244725738,0.19398555388686298,1.004237288135595,0.7-0.9
high_school_world_history,codellama_codellama_34b_instruct,0.729957805907173,0.19795465922906338,1.0042372881355908,0.7-0.9
high_school_world_history,codellama_codellama_34b_instruct,0.729957805907173,0.19795465922906338,1.0042372881355908,0.7-0.9
high_school_world_history,codellama_codellama_34b_instruct,0.7468354430379747,0.1898734177215186,1.0042372881355912,0.7-0.9
high_school_world_history,codellama_codellama_34b_instruct,0.7383966244725738,0.19398555388686298,1.004237288135595,0.7-0.9
high_school_world_history,codellama_codellama_34b_instruct,0.7426160337552743,0.19194736465708356,1.004237288135593,0.7-0.9
high_school_world_history,codellama_codellama_34b_instruct,0.729957805907173,0.19795465922906338,1.0042372881355908,0.7-0.9
high_school_world_history,codellama_codellama_34b_instruct,0.7468354430379747,0.18987341772151858,1.004237288135591,0.7-0.9
high_school_world_history,codellama_codellama_34b_instruct,0.729957805907173,0.19795465922906338,1.0042372881355908,0.7-0.9
high_school_world_history,codellama_codellama_34b_instruct,0.729957805907173,0.19795465922906338,1.0042372881355908,0.7-0.9
high_school_world_history,codellama_codellama_34b_instruct,0.7426160337552743,0.19194736465708356,1.004237288135593,0.7-0.9
high_school_world_history,codellama_codellama_34b_instruct,0.7257383966244726,0.19988557534148693,1.0042372881355976,0.7-0.9
high_school_world_history,codellama_codellama_34b_instruct,0.7468354430379747,0.18987341772151872,1.0042372881355917,0.7-0.9
high_school_world_history,codellama_codellama_34b_instruct,0.7426160337552743,0.19194736465708348,1.0042372881355925,0.7-0.9
high_school_world_history,codellama_codellama_34b_instruct,0.7383966244725738,0.193985553886863,1.0042372881355952,0.7-0.9
high_school_world_history,codellama_codellama_34b_instruct,0.7341772151898734,0.19598798541085527,1.0042372881355892,0.7-0.9
high_school_world_history,codellama_codellama_34b_instruct,0.7341772151898734,0.19598798541085533,1.0042372881355897,0.7-0.9
high_school_world_history,codellama_codellama_34b_instruct,0.7257383966244726,0.19988557534148693,1.0042372881355976,0.7-0.9
high_school_world_history,codellama_codellama_34b_instruct,0.7172995780590717,0.20364013444897286,1.0042372881355888,0.7-0.9
high_school_world_history,codellama_codellama_34b_instruct,0.729957805907173,0.19795465922906338,1.0042372881355908,0.7-0.9
high_school_world_history,codellama_codellama_34b_instruct,0.729957805907173,0.19795465922906338,1.0042372881355908,0.7-0.9
high_school_world_history,codellama_codellama_34b_instruct,0.7383966244725738,0.19398555388686298,1.004237288135595,0.7-0.9
high_school_world_history,codellama_codellama_34b_instruct,0.7426160337552743,0.19194736465708356,1.004237288135593,0.7-0.9
high_school_world_history,codellama_codellama_34b_instruct,0.7341772151898734,0.19598798541085533,1.0042372881355897,0.7-0.9
high_school_world_history,codellama_codellama_34b_instruct,0.7341772151898734,0.19598798541085533,1.0042372881355897,0.7-0.9
high_school_world_history,codellama_codellama_34b_instruct,0.7257383966244726,0.19988557534148693,1.0042372881355976,0.7-0.9
high_school_world_history,codellama_codellama_34b_instruct,0.7257383966244726,0.19988557534148696,1.0042372881355976,0.7-0.9
high_school_world_history,codellama_codellama_34b_instruct,0.7257383966244726,0.19988557534148693,1.0042372881355976,0.7-0.9
high_school_world_history,codellama_codellama_34b_instruct,0.7172995780590717,0.20364013444897286,1.0042372881355888,0.7-0.9
high_school_world_history,codellama_codellama_34b_instruct,0.7215189873417721,0.20178073374812286,1.0042372881355939,0.7-0.9
high_school_world_history,codellama_codellama_34b_instruct,0.7468354430379747,0.1898734177215188,1.004237288135592,0.7-0.9
high_school_world_history,codellama_codellama_34b_instruct,0.729957805907173,0.19795465922906338,1.0042372881355908,0.7-0.9
high_school_world_history,codellama_codellama_34b_instruct,0.7510548523206751,0.18776371308016876,1.0042372881355932,0.7-0.9
high_school_world_history,codellama_codellama_34b_instruct,0.729957805907173,0.19795465922906338,1.0042372881355908,0.7-0.9
high_school_world_history,codellama_codellama_34b_instruct,0.7468354430379747,0.18987341772151872,1.0042372881355917,0.7-0.9
high_school_world_history,codellama_codellama_34b_instruct,0.7426160337552743,0.19194736465708356,1.004237288135593,0.7-0.9
high_school_world_history,codellama_codellama_34b_instruct,0.7552742616033755,0.1856182507330322,1.0042372881355892,0.7-0.9
high_school_world_history,codellama_codellama_34b_instruct,0.7510548523206751,0.18776371308016876,1.0042372881355932,0.7-0.9
high_school_world_history,codellama_codellama_34b_instruct,0.7510548523206751,0.18776371308016876,1.0042372881355932,0.7-0.9
high_school_world_history,codellama_codellama_34b_instruct,0.7468354430379747,0.18987341772151864,1.0042372881355912,0.7-0.9
high_school_world_history,codellama_codellama_34b_instruct,0.7257383966244726,0.19988557534148693,1.0042372881355976,0.7-0.9
high_school_world_history,codellama_codellama_34b_instruct,0.7130801687763713,0.20546377744403982,1.004237288135596,0.7-0.9
high_school_world_history,codellama_codellama_34b_instruct,0.729957805907173,0.19795465922906338,1.0042372881355908,0.7-0.9
high_school_world_history,codellama_codellama_34b_instruct,0.7383966244725738,0.19398555388686298,1.004237288135595,0.7-0.9
high_school_world_history,codellama_codellama_34b_instruct,0.7215189873417721,0.20178073374812286,1.0042372881355939,0.7-0.9
high_school_world_history,codellama_codellama_34b_instruct,0.729957805907173,0.19795465922906338,1.0042372881355908,0.7-0.9
high_school_world_history,codellama_codellama_34b_instruct,0.7257383966244726,0.19988557534148693,1.0042372881355976,0.7-0.9
high_school_world_history,codellama_codellama_34b_instruct,0.7552742616033755,0.18561825073303218,1.004237288135589,0.7-0.9
high_school_world_history,codellama_codellama_34b_instruct,0.7468354430379747,0.18987341772151864,1.0042372881355912,0.7-0.9
high_school_world_history,codellama_codellama_34b_instruct,0.7257383966244726,0.19988557534148693,1.0042372881355976,0.7-0.9
high_school_world_history,codellama_codellama_34b_instruct,0.7257383966244726,0.19988557534148693,1.0042372881355976,0.7-0.9
high_school_world_history,codellama_codellama_34b_instruct,0.729957805907173,0.19795465922906338,1.0042372881355908,0.7-0.9
high_school_world_history,codellama_codellama_34b_instruct,0.7468354430379747,0.18987341772151872,1.0042372881355917,0.7-0.9
high_school_world_history,codellama_codellama_34b_instruct,0.7510548523206751,0.18776371308016876,1.0042372881355932,0.7-0.9
high_school_world_history,codellama_codellama_34b_instruct,0.7552742616033755,0.18561825073303218,1.004237288135589,0.7-0.9
high_school_world_history,codellama_codellama_34b_instruct,0.7510548523206751,0.18776371308016876,1.0042372881355932,0.7-0.9
high_school_world_history,codellama_codellama_34b_instruct,0.7510548523206751,0.18776371308016876,1.0042372881355932,0.7-0.9
high_school_world_history,codellama_codellama_34b_instruct,0.7510548523206751,0.18776371308016876,1.0042372881355932,0.7-0.9
high_school_world_history,codellama_codellama_34b_instruct,0.7552742616033755,0.18561825073303218,1.004237288135589,0.7-0.9
high_school_world_history,codellama_codellama_34b_instruct,0.729957805907173,0.19795465922906338,1.0042372881355908,0.7-0.9
high_school_world_history,codellama_codellama_34b_instruct,0.7383966244725738,0.193985553886863,1.0042372881355952,0.7-0.9
high_school_world_history,codellama_codellama_34b_instruct,0.7383966244725738,0.193985553886863,1.0042372881355952,0.7-0.9
high_school_world_history,codellama_codellama_34b_instruct,0.7426160337552743,0.1919473646570834,1.0042372881355923,0.7-0.9
high_school_world_history,codellama_codellama_34b_instruct,0.7341772151898734,0.19598798541085533,1.0042372881355897,0.7-0.9
high_school_world_history,codellama_codellama_34b_instruct,0.729957805907173,0.19795465922906338,1.0042372881355908,0.7-0.9
high_school_world_history,codellama_codellama_34b_instruct,0.7510548523206751,0.18776371308016876,1.0042372881355932,0.7-0.9
high_school_world_history,codellama_codellama_34b_instruct,0.7341772151898734,0.19598798541085527,1.0042372881355892,0.7-0.9
high_school_world_history,codellama_codellama_34b_instruct,0.7172995780590717,0.20364013444897294,1.0042372881355892,0.7-0.9
high_school_world_history,codellama_codellama_34b_instruct,0.729957805907173,0.19795465922906338,1.0042372881355908,0.7-0.9
high_school_world_history,codellama_codellama_34b_instruct,0.7552742616033755,0.18561825073303215,1.0042372881355888,0.7-0.9
high_school_world_history,codellama_codellama_34b_instruct,0.7383966244725738,0.19398555388686298,1.004237288135595,0.7-0.9
high_school_world_history,codellama_codellama_34b_instruct,0.729957805907173,0.19795465922906338,1.0042372881355908,0.7-0.9
high_school_world_history,codellama_codellama_34b_instruct,0.7383966244725738,0.19398555388686298,1.004237288135595,0.7-0.9
high_school_world_history,codellama_codellama_34b_instruct,0.7426160337552743,0.19194736465708356,1.004237288135593,0.7-0.9
high_school_world_history,codellama_codellama_34b_instruct,0.7341772151898734,0.19598798541085527,1.0042372881355892,0.7-0.9
high_school_world_history,codellama_codellama_34b_instruct,0.7215189873417721,0.2017807337481228,1.0042372881355934,0.7-0.9
high_school_world_history,codellama_codellama_34b_instruct,0.7215189873417721,0.2017807337481228,1.0042372881355934,0.7-0.9
high_school_world_history,codellama_codellama_34b_instruct,0.729957805907173,0.19795465922906338,1.0042372881355908,0.7-0.9
high_school_world_history,codellama_codellama_34b_instruct,0.7257383966244726,0.19988557534148693,1.0042372881355976,0.7-0.9
high_school_world_history,codellama_codellama_34b_instruct,0.7257383966244726,0.19988557534148688,1.0042372881355972,0.7-0.9
high_school_world_history,codellama_codellama_34b_instruct,0.70042194092827,0.21072016019452255,1.004237288135596,0.7-0.9
high_school_world_history,codellama_codellama_34b_instruct,0.7215189873417721,0.20178073374812286,1.0042372881355939,0.7-0.9
high_school_world_history,codellama_codellama_34b_instruct,0.7383966244725738,0.19398555388686298,1.004237288135595,0.7-0.9
high_school_world_history,codellama_codellama_34b_instruct,0.7088607594936709,0.20725166273331966,1.0042372881355963,0.7-0.9
high_school_world_history,codellama_codellama_34b_instruct,0.7130801687763713,0.2054637774440398,1.004237288135596,0.7-0.9
high_school_world_history,codellama_codellama_34b_instruct,0.7257383966244726,0.19988557534148688,1.0042372881355972,0.7-0.9
high_school_world_history,codellama_codellama_34b_instruct,0.7257383966244726,0.19988557534148693,1.0042372881355976,0.7-0.9
high_school_world_history,codellama_codellama_34b_instruct,0.7257383966244726,0.19988557534148704,1.004237288135598,0.7-0.9
high_school_world_history,codellama_codellama_34b_instruct,0.729957805907173,0.19795465922906338,1.0042372881355908,0.7-0.9
high_school_world_history,codellama_codellama_34b_instruct,0.7215189873417721,0.20178073374812297,1.0042372881355943,0.7-0.9
high_school_world_history,codellama_codellama_34b_instruct,0.7257383966244726,0.19988557534148702,1.0042372881355979,0.7-0.9
high_school_world_history,codellama_codellama_34b_instruct,0.7426160337552743,0.19194736465708337,1.004237288135592,0.7-0.9
high_school_world_history,codellama_codellama_34b_instruct,0.729957805907173,0.1979546592290634,1.004237288135591,0.7-0.9
high_school_world_history,codellama_codellama_34b_instruct,0.729957805907173,0.19795465922906338,1.0042372881355908,0.7-0.9
high_school_world_history,codellama_codellama_34b_instruct,0.7257383966244726,0.19988557534148715,1.0042372881355988,0.7-0.9
high_school_world_history,codellama_codellama_34b_instruct,0.7215189873417721,0.20178073374812286,1.0042372881355939,0.7-0.9
high_school_world_history,codellama_codellama_34b_instruct,0.7468354430379747,0.1898734177215186,1.0042372881355912,0.7-0.9
high_school_world_history,codellama_codellama_34b_instruct,0.7468354430379747,0.18987341772151864,1.0042372881355912,0.7-0.9
high_school_world_history,codellama_codellama_34b_instruct,0.7468354430379747,0.18987341772151864,1.0042372881355912,0.7-0.9
high_school_world_history,google_flan_t5_xl,0.6708860759493671,0.22173353357648584,1.0042372881355937,0.5-0.7
high_school_world_history,google_flan_t5_xl,0.679324894514768,0.21876564399628218,1.0042372881355976,0.5-0.7
high_school_world_history,google_flan_t5_xl,0.6708860759493671,0.22173353357648587,1.0042372881355939,0.5-0.7
high_school_world_history,google_flan_t5_xl,0.679324894514768,0.21876564399628223,1.004237288135598,0.5-0.7
high_school_world_history,google_flan_t5_xl,0.6666666666666666,0.22316384180791018,1.0042372881355957,0.5-0.7
high_school_world_history,google_flan_t5_xl,0.679324894514768,0.21876564399628218,1.0042372881355976,0.5-0.7
high_school_world_history,google_flan_t5_xl,0.6708860759493671,0.22173353357648576,1.0042372881355934,0.5-0.7
high_school_world_history,google_flan_t5_xl,0.6919831223628692,0.21404562683258194,1.004237288135591,0.5-0.7
high_school_world_history,google_flan_t5_xl,0.6708860759493671,0.22173353357648576,1.0042372881355934,0.5-0.7
high_school_world_history,google_flan_t5_xl,0.6835443037974683,0.21722806264749983,1.0042372881355899,0.5-0.7
high_school_world_history,google_flan_t5_xl,0.679324894514768,0.21876564399628218,1.0042372881355976,0.5-0.7
high_school_world_history,google_flan_t5_xl,0.6708860759493671,0.22173353357648581,1.0042372881355937,0.5-0.7
high_school_world_history,google_flan_t5_xl,0.679324894514768,0.21876564399628223,1.004237288135598,0.5-0.7
high_school_world_history,google_flan_t5_xl,0.6751054852320675,0.2202674676392772,1.0042372881355974,0.5-0.7
high_school_world_history,google_flan_t5_xl,0.6835443037974683,0.21722806264749986,1.00423728813559,0.5-0.7
high_school_world_history,google_flan_t5_xl,0.6919831223628692,0.21404562683258194,1.004237288135591,0.5-0.7
high_school_world_history,google_flan_t5_xl,0.6666666666666666,0.22316384180791018,1.0042372881355957,0.5-0.7
high_school_world_history,google_flan_t5_xl,0.6708860759493671,0.22173353357648581,1.0042372881355937,0.5-0.7
high_school_world_history,google_flan_t5_xl,0.6624472573839663,0.22455839233354666,1.0042372881355877,0.5-0.7
high_school_world_history,google_flan_t5_xl,0.6708860759493671,0.22173353357648587,1.0042372881355939,0.5-0.7
high_school_world_history,google_flan_t5_xl,0.679324894514768,0.2187656439962822,1.0042372881355979,0.5-0.7
high_school_world_history,google_flan_t5_xl,0.6708860759493671,0.22173353357648584,1.0042372881355937,0.5-0.7
high_school_world_history,google_flan_t5_xl,0.679324894514768,0.2187656439962822,1.0042372881355979,0.5-0.7
high_school_world_history,google_flan_t5_xl,0.6708860759493671,0.22173353357648584,1.0042372881355937,0.5-0.7
high_school_world_history,google_flan_t5_xl,0.679324894514768,0.21876564399628218,1.0042372881355976,0.5-0.7
high_school_world_history,google_flan_t5_xl,0.6751054852320675,0.22026746763927718,1.0042372881355974,0.5-0.7
high_school_world_history,google_flan_t5_xl,0.679324894514768,0.21876564399628223,1.004237288135598,0.5-0.7
high_school_world_history,google_flan_t5_xl,0.6877637130801688,0.21565472359293336,1.004237288135589,0.5-0.7
high_school_world_history,google_flan_t5_xl,0.6877637130801688,0.21565472359293336,1.004237288135589,0.5-0.7
high_school_world_history,google_flan_t5_xl,0.6751054852320675,0.2202674676392772,1.0042372881355974,0.5-0.7
high_school_world_history,google_flan_t5_xl,0.679324894514768,0.21876564399628223,1.004237288135598,0.5-0.7
high_school_world_history,google_flan_t5_xl,0.679324894514768,0.2187656439962822,1.0042372881355979,0.5-0.7
high_school_world_history,google_flan_t5_xl,0.6666666666666666,0.22316384180791013,1.0042372881355954,0.5-0.7
high_school_world_history,google_flan_t5_xl,0.6835443037974683,0.21722806264749986,1.00423728813559,0.5-0.7
high_school_world_history,google_flan_t5_xl,0.6751054852320675,0.22026746763927718,1.0042372881355974,0.5-0.7
high_school_world_history,google_flan_t5_xl,0.6708860759493671,0.22173353357648581,1.0042372881355937,0.5-0.7
high_school_world_history,google_flan_t5_xl,0.6708860759493671,0.22173353357648581,1.0042372881355937,0.5-0.7
high_school_world_history,google_flan_t5_xl,0.6624472573839663,0.22455839233354669,1.0042372881355879,0.5-0.7
high_school_world_history,google_flan_t5_xl,0.6624472573839663,0.22455839233354669,1.0042372881355879,0.5-0.7
high_school_world_history,google_flan_t5_xl,0.6624472573839663,0.22455839233354669,1.0042372881355879,0.5-0.7
high_school_world_history,google_flan_t5_xl,0.6666666666666666,0.22316384180791013,1.0042372881355954,0.5-0.7
high_school_world_history,google_flan_t5_xl,0.679324894514768,0.21876564399628223,1.004237288135598,0.5-0.7
high_school_world_history,google_flan_t5_xl,0.6835443037974683,0.21722806264749986,1.00423728813559,0.5-0.7
high_school_world_history,google_flan_t5_xl,0.679324894514768,0.21876564399628223,1.004237288135598,0.5-0.7
high_school_world_history,google_flan_t5_xl,0.6751054852320675,0.22026746763927715,1.0042372881355972,0.5-0.7
high_school_world_history,google_flan_t5_xl,0.6708860759493671,0.22173353357648584,1.0042372881355937,0.5-0.7
high_school_world_history,google_flan_t5_xl,0.6919831223628692,0.21404562683258194,1.004237288135591,0.5-0.7
high_school_world_history,google_flan_t5_xl,0.6751054852320675,0.22026746763927715,1.0042372881355972,0.5-0.7
high_school_world_history,google_flan_t5_xl,0.6877637130801688,0.2156547235929334,1.0042372881355892,0.5-0.7
high_school_world_history,google_flan_t5_xl,0.6666666666666666,0.22316384180791027,1.004237288135596,0.5-0.7
high_school_world_history,google_flan_t5_xl,0.6751054852320675,0.2202674676392772,1.0042372881355974,0.5-0.7
high_school_world_history,google_flan_t5_xl,0.6751054852320675,0.2202674676392772,1.0042372881355974,0.5-0.7
high_school_world_history,google_flan_t5_xl,0.6962025316455697,0.21240077236644536,1.0042372881355952,0.5-0.7
high_school_world_history,google_flan_t5_xl,0.6751054852320675,0.22026746763927718,1.0042372881355974,0.5-0.7
high_school_world_history,google_flan_t5_xl,0.6835443037974683,0.21722806264749986,1.00423728813559,0.5-0.7
high_school_world_history,google_flan_t5_xl,0.679324894514768,0.2187656439962822,1.0042372881355979,0.5-0.7
high_school_world_history,google_flan_t5_xl,0.6962025316455697,0.2124007723664454,1.0042372881355952,0.5-0.7
high_school_world_history,google_flan_t5_xl,0.679324894514768,0.2187656439962822,1.0042372881355979,0.5-0.7
high_school_world_history,google_flan_t5_xl,0.679324894514768,0.2187656439962822,1.0042372881355979,0.5-0.7
high_school_world_history,google_flan_t5_xl,0.6877637130801688,0.2156547235929334,1.0042372881355892,0.5-0.7
high_school_world_history,google_flan_t5_xl,0.6708860759493671,0.22173353357648581,1.0042372881355937,0.5-0.7
high_school_world_history,google_flan_t5_xl,0.6708860759493671,0.22173353357648581,1.0042372881355937,0.5-0.7
high_school_world_history,google_flan_t5_xl,0.6708860759493671,0.22173353357648581,1.0042372881355937,0.5-0.7
high_school_world_history,google_flan_t5_xl,0.6751054852320675,0.2202674676392772,1.0042372881355974,0.5-0.7
high_school_world_history,google_flan_t5_xl,0.6751054852320675,0.22026746763927715,1.0042372881355972,0.5-0.7
high_school_world_history,google_flan_t5_xl,0.6751054852320675,0.22026746763927715,1.0042372881355972,0.5-0.7
high_school_world_history,google_flan_t5_xl,0.6877637130801688,0.2156547235929334,1.0042372881355892,0.5-0.7
high_school_world_history,google_flan_t5_xl,0.6877637130801688,0.2156547235929334,1.0042372881355892,0.5-0.7
high_school_world_history,google_flan_t5_xl,0.6877637130801688,0.2156547235929334,1.0042372881355892,0.5-0.7
high_school_world_history,google_flan_t5_xl,0.6877637130801688,0.2156547235929334,1.0042372881355892,0.5-0.7
high_school_world_history,google_flan_t5_xl,0.6835443037974683,0.21722806264749986,1.00423728813559,0.5-0.7
high_school_world_history,google_flan_t5_xl,0.6708860759493671,0.22173353357648584,1.0042372881355937,0.5-0.7
high_school_world_history,google_flan_t5_xl,0.679324894514768,0.21876564399628218,1.0042372881355976,0.5-0.7
high_school_world_history,google_flan_t5_xl,0.6835443037974683,0.21722806264749983,1.0042372881355899,0.5-0.7
high_school_world_history,google_flan_t5_xl,0.6751054852320675,0.22026746763927726,1.0042372881355979,0.5-0.7
high_school_world_history,google_flan_t5_xl,0.6835443037974683,0.21722806264749986,1.00423728813559,0.5-0.7
high_school_world_history,google_flan_t5_xl,0.679324894514768,0.21876564399628223,1.004237288135598,0.5-0.7
high_school_world_history,google_flan_t5_xl,0.679324894514768,0.21876564399628223,1.004237288135598,0.5-0.7
high_school_world_history,google_flan_t5_xl,0.6751054852320675,0.2202674676392772,1.0042372881355974,0.5-0.7
high_school_world_history,google_flan_t5_xl,0.6751054852320675,0.22026746763927715,1.0042372881355972,0.5-0.7
high_school_world_history,google_flan_t5_xl,0.6582278481012658,0.22591718515340034,1.0042372881355923,0.5-0.7
high_school_world_history,google_flan_t5_xl,0.6497890295358649,0.22852749767574881,1.0042372881355917,0.5-0.7
high_school_world_history,google_flan_t5_xl,0.6582278481012658,0.22591718515340034,1.0042372881355923,0.5-0.7
high_school_world_history,google_flan_t5_xl,0.6497890295358649,0.2285274976757488,1.0042372881355917,0.5-0.7
high_school_world_history,google_flan_t5_xl,0.6540084388185654,0.22724022026746674,1.0042372881355892,0.5-0.7
high_school_world_history,google_flan_t5_xl,0.6624472573839663,0.22455839233354666,1.0042372881355877,0.5-0.7
high_school_world_history,google_flan_t5_xl,0.6540084388185654,0.22724022026746674,1.0042372881355892,0.5-0.7
high_school_world_history,google_flan_t5_xl,0.6540084388185654,0.22724022026746674,1.0042372881355892,0.5-0.7
high_school_world_history,google_flan_t5_xl,0.6624472573839663,0.2245583923335466,1.0042372881355874,0.5-0.7
high_school_world_history,google_flan_t5_xl,0.6751054852320675,0.2202674676392772,1.0042372881355974,0.5-0.7
high_school_world_history,google_flan_t5_xl,0.6497890295358649,0.2285274976757488,1.0042372881355917,0.5-0.7
high_school_world_history,google_flan_t5_xl,0.6540084388185654,0.2272402202674667,1.004237288135589,0.5-0.7
high_school_world_history,google_flan_t5_xl,0.6497890295358649,0.2285274976757488,1.0042372881355917,0.5-0.7
high_school_world_history,google_flan_t5_xl,0.6455696202531646,0.2297790173782441,1.0042372881355892,0.5-0.7
high_school_world_history,google_flan_t5_xl,0.6708860759493671,0.22173353357648584,1.0042372881355937,0.5-0.7
high_school_world_history,google_flan_t5_xl,0.6497890295358649,0.2285274976757488,1.0042372881355917,0.5-0.7
high_school_world_history,google_flan_t5_xl,0.6582278481012658,0.22591718515340034,1.0042372881355923,0.5-0.7
high_school_world_history,google_flan_t5_xl,0.6371308016877637,0.23217478366587915,1.0042372881355894,0.5-0.7
high_school_world_history,google_flan_t5_xl,0.6497890295358649,0.2285274976757488,1.0042372881355917,0.5-0.7
high_school_world_history,google_flan_t5_xl,0.6540084388185654,0.22724022026746674,1.0042372881355892,0.5-0.7
high_school_world_history,google_gemma_7b_it,0.7046413502109705,0.2090037903168144,1.0042372881355988,0.7-0.9
high_school_world_history,google_gemma_7b_it,0.679324894514768,0.21876564399628223,1.004237288135598,0.5-0.7
high_school_world_history,google_gemma_7b_it,0.6919831223628692,0.2140456268325819,1.0042372881355908,0.5-0.7
high_school_world_history,google_gemma_7b_it,0.6835443037974683,0.21722806264749983,1.0042372881355899,0.5-0.7
high_school_world_history,google_gemma_7b_it,0.6708860759493671,0.22173353357648581,1.0042372881355937,0.5-0.7
high_school_world_history,google_gemma_7b_it,0.6835443037974683,0.21722806264749983,1.0042372881355899,0.5-0.7
high_school_world_history,google_gemma_7b_it,0.679324894514768,0.2187656439962822,1.0042372881355979,0.5-0.7
high_school_world_history,google_gemma_7b_it,0.6666666666666666,0.22316384180791018,1.0042372881355957,0.5-0.7
high_school_world_history,google_gemma_7b_it,0.6666666666666666,0.22316384180791018,1.0042372881355957,0.5-0.7
high_school_world_history,google_gemma_7b_it,0.679324894514768,0.21876564399628218,1.0042372881355976,0.5-0.7
high_school_world_history,google_gemma_7b_it,0.6877637130801688,0.2156547235929335,1.0042372881355897,0.5-0.7
high_school_world_history,google_gemma_7b_it,0.6624472573839663,0.22455839233354669,1.0042372881355879,0.5-0.7
high_school_world_history,google_gemma_7b_it,0.6835443037974683,0.21722806264749986,1.00423728813559,0.5-0.7
high_school_world_history,google_gemma_7b_it,0.6666666666666666,0.2231638418079101,1.0042372881355954,0.5-0.7
high_school_world_history,google_gemma_7b_it,0.679324894514768,0.21876564399628218,1.0042372881355976,0.5-0.7
high_school_world_history,google_gemma_7b_it,0.6666666666666666,0.22316384180791013,1.0042372881355954,0.5-0.7
high_school_world_history,google_gemma_7b_it,0.6666666666666666,0.2231638418079101,1.0042372881355954,0.5-0.7
high_school_world_history,google_gemma_7b_it,0.6708860759493671,0.22173353357648584,1.0042372881355937,0.5-0.7
high_school_world_history,google_gemma_7b_it,0.679324894514768,0.21876564399628218,1.0042372881355976,0.5-0.7
high_school_world_history,google_gemma_7b_it,0.6624472573839663,0.2245583923335467,1.004237288135588,0.5-0.7
high_school_world_history,google_gemma_7b_it,0.679324894514768,0.21876564399628218,1.0042372881355976,0.5-0.7
high_school_world_history,google_gemma_7b_it,0.6413502109704642,0.2309947793749559,1.0042372881355959,0.5-0.7
high_school_world_history,google_gemma_7b_it,0.6371308016877637,0.23217478366587915,1.0042372881355894,0.5-0.7
high_school_world_history,google_gemma_7b_it,0.6708860759493671,0.2217335335764859,1.0042372881355939,0.5-0.7
high_school_world_history,google_gemma_7b_it,0.6624472573839663,0.22455839233354674,1.004237288135588,0.5-0.7
high_school_world_history,google_gemma_7b_it,0.6624472573839663,0.22455839233354674,1.004237288135588,0.5-0.7
high_school_world_history,google_gemma_7b_it,0.6413502109704642,0.23099477937495588,1.0042372881355959,0.5-0.7
high_school_world_history,google_gemma_7b_it,0.6033755274261603,0.240327540584996,1.004237288135593,0.5-0.7
high_school_world_history,google_gemma_7b_it,0.5991561181434599,0.2411857255238505,1.0042372881355937,0.5-0.7
high_school_world_history,google_gemma_7b_it,0.6160337552742616,0.23753843953371956,1.0042372881355934,0.5-0.7
high_school_world_history,google_gemma_7b_it,0.620253164556962,0.23653722377172232,1.0042372881355912,0.5-0.7
high_school_world_history,google_gemma_7b_it,0.6497890295358649,0.22852749767574876,1.0042372881355914,0.5-0.7
high_school_world_history,google_gemma_7b_it,0.6329113924050633,0.2333190302510204,1.004237288135599,0.5-0.7
high_school_world_history,google_gemma_7b_it,0.5949367088607594,0.24200815275691928,1.0042372881355939,0.5-0.7
high_school_world_history,google_gemma_7b_it,0.6497890295358649,0.22852749767574873,1.0042372881355914,0.5-0.7
high_school_world_history,google_gemma_7b_it,0.6624472573839663,0.22455839233354677,1.0042372881355883,0.5-0.7
high_school_world_history,google_gemma_7b_it,0.6751054852320675,0.22026746763927704,1.0042372881355968,0.5-0.7
high_school_world_history,google_gemma_7b_it,0.679324894514768,0.21876564399628212,1.0042372881355974,0.5-0.7
high_school_world_history,google_gemma_7b_it,0.6455696202531646,0.22977901737824424,1.0042372881355899,0.5-0.7
high_school_world_history,google_gemma_7b_it,0.6455696202531646,0.22977901737824424,1.0042372881355899,0.5-0.7
high_school_world_history,google_gemma_7b_it,0.6540084388185654,0.22724022026746668,1.004237288135589,0.5-0.7
high_school_world_history,google_gemma_7b_it,0.6582278481012658,0.22591718515340034,1.0042372881355923,0.5-0.7
high_school_world_history,google_gemma_7b_it,0.6455696202531646,0.22977901737824416,1.0042372881355894,0.5-0.7
high_school_world_history,google_gemma_7b_it,0.6371308016877637,0.23217478366587915,1.0042372881355894,0.5-0.7
high_school_world_history,google_gemma_7b_it,0.679324894514768,0.21876564399628212,1.0042372881355974,0.5-0.7
high_school_world_history,google_gemma_7b_it,0.6708860759493671,0.22173353357648587,1.0042372881355939,0.5-0.7
high_school_world_history,google_gemma_7b_it,0.6455696202531646,0.2297790173782442,1.0042372881355897,0.5-0.7
high_school_world_history,google_gemma_7b_it,0.6371308016877637,0.23217478366587915,1.0042372881355894,0.5-0.7
high_school_world_history,google_gemma_7b_it,0.5864978902953587,0.24354573410569846,1.0042372881355879,0.5-0.7
high_school_world_history,google_gemma_7b_it,0.6835443037974683,0.21722806264749983,1.0042372881355899,0.5-0.7
high_school_world_history,google_gemma_7b_it,0.6413502109704642,0.23099477937495588,1.0042372881355959,0.5-0.7
high_school_world_history,google_gemma_7b_it,0.6413502109704642,0.23099477937495588,1.0042372881355959,0.5-0.7
high_school_world_history,google_gemma_7b_it,0.6371308016877637,0.23217478366587915,1.0042372881355894,0.5-0.7
high_school_world_history,google_gemma_7b_it,0.6624472573839663,0.22455839233354666,1.0042372881355877,0.5-0.7
high_school_world_history,google_gemma_7b_it,0.6582278481012658,0.22591718515340034,1.0042372881355923,0.5-0.7
high_school_world_history,google_gemma_7b_it,0.6666666666666666,0.2231638418079101,1.0042372881355954,0.5-0.7
high_school_world_history,google_gemma_7b_it,0.6413502109704642,0.2309947793749559,1.0042372881355959,0.5-0.7
high_school_world_history,google_gemma_7b_it,0.5991561181434599,0.2411857255238505,1.0042372881355937,0.5-0.7
high_school_world_history,google_gemma_7b_it,0.5991561181434599,0.2411857255238505,1.0042372881355937,0.5-0.7
high_school_world_history,google_gemma_7b_it,0.6160337552742616,0.23753843953371956,1.0042372881355934,0.5-0.7
high_school_world_history,google_gemma_7b_it,0.6708860759493671,0.2217335335764859,1.0042372881355939,0.5-0.7
high_school_world_history,google_gemma_7b_it,0.6075949367088608,0.23943359794035685,1.0042372881355963,0.5-0.7
high_school_world_history,google_gemma_7b_it,0.6075949367088608,0.23943359794035685,1.0042372881355963,0.5-0.7
high_school_world_history,google_gemma_7b_it,0.6919831223628692,0.2140456268325819,1.0042372881355908,0.5-0.7
high_school_world_history,google_gemma_7b_it,0.6877637130801688,0.21565472359293344,1.0042372881355894,0.5-0.7
high_school_world_history,google_gemma_7b_it,0.6624472573839663,0.22455839233354674,1.004237288135588,0.5-0.7
high_school_world_history,google_gemma_7b_it,0.6075949367088608,0.23943359794035685,1.0042372881355963,0.5-0.7
high_school_world_history,google_gemma_7b_it,0.6877637130801688,0.21565472359293344,1.0042372881355894,0.5-0.7
high_school_world_history,google_gemma_7b_it,0.6286919831223629,0.2344275191303719,1.0042372881355903,0.5-0.7
high_school_world_history,google_gemma_7b_it,0.6118143459915611,0.2385038975899311,1.0042372881355952,0.5-0.7
high_school_world_history,google_gemma_7b_it,0.6371308016877637,0.23217478366587918,1.0042372881355897,0.5-0.7
high_school_world_history,google_gemma_7b_it,0.6371308016877637,0.23217478366587915,1.0042372881355894,0.5-0.7
high_school_world_history,google_gemma_7b_it,0.6244725738396625,0.23550025030393995,1.004237288135591,0.5-0.7
high_school_world_history,google_gemma_7b_it,0.6286919831223629,0.23442751913037194,1.0042372881355905,0.5-0.7
high_school_world_history,google_gemma_7b_it,0.620253164556962,0.23653722377172223,1.0042372881355908,0.5-0.7
high_school_world_history,google_gemma_7b_it,0.42616033755274263,0.24558392333547865,1.0042372881355925,0.3-0.5
high_school_world_history,google_gemma_7b_it,0.620253164556962,0.2365372237717223,1.004237288135591,0.5-0.7
high_school_world_history,google_gemma_7b_it,0.620253164556962,0.2365372237717223,1.004237288135591,0.5-0.7
high_school_world_history,google_gemma_7b_it,0.4050632911392405,0.24200815275691953,1.0042372881355948,0.3-0.5
high_school_world_history,google_gemma_7b_it,0.6455696202531646,0.22977901737824416,1.0042372881355894,0.5-0.7
high_school_world_history,google_gemma_7b_it,0.6624472573839663,0.22455839233354674,1.004237288135588,0.5-0.7
high_school_world_history,google_gemma_7b_it,0.6835443037974683,0.21722806264749986,1.00423728813559,0.5-0.7
high_school_world_history,google_gemma_7b_it,0.6708860759493671,0.22173353357648584,1.0042372881355937,0.5-0.7
high_school_world_history,google_gemma_7b_it,0.679324894514768,0.21876564399628212,1.0042372881355974,0.5-0.7
high_school_world_history,google_gemma_7b_it,0.6751054852320675,0.22026746763927713,1.0042372881355972,0.5-0.7
high_school_world_history,google_gemma_7b_it,0.6751054852320675,0.22026746763927707,1.004237288135597,0.5-0.7
high_school_world_history,google_gemma_7b_it,0.6666666666666666,0.2231638418079101,1.0042372881355954,0.5-0.7
high_school_world_history,google_gemma_7b_it,0.679324894514768,0.21876564399628218,1.0042372881355976,0.5-0.7
high_school_world_history,google_gemma_7b_it,0.6877637130801688,0.2156547235929335,1.0042372881355897,0.5-0.7
high_school_world_history,google_gemma_7b_it,0.6286919831223629,0.23442751913037188,1.00423728813559,0.5-0.7
high_school_world_history,google_gemma_7b_it,0.6118143459915611,0.23850389758993104,1.004237288135595,0.5-0.7
high_school_world_history,google_gemma_7b_it,0.6329113924050633,0.23331903025102038,1.0042372881355988,0.5-0.7
high_school_world_history,google_gemma_7b_it,0.6455696202531646,0.22977901737824424,1.0042372881355899,0.5-0.7
high_school_world_history,google_gemma_7b_it,0.6624472573839663,0.22455839233354677,1.0042372881355883,0.5-0.7
high_school_world_history,google_gemma_7b_it,0.41350210970464135,0.24354573410569846,1.0042372881355879,0.3-0.5
high_school_world_history,google_gemma_7b_it,0.6160337552742616,0.23753843953371956,1.0042372881355934,0.5-0.7
high_school_world_history,google_gemma_7b_it,0.6455696202531646,0.22977901737824424,1.0042372881355899,0.5-0.7
high_school_world_history,google_gemma_7b_it,0.6160337552742616,0.23753843953371956,1.0042372881355934,0.5-0.7
high_school_world_history,google_gemma_7b_it,0.6497890295358649,0.22852749767574876,1.0042372881355914,0.5-0.7
high_school_world_history,google_gemma_7b_it,0.6497890295358649,0.22852749767574876,1.0042372881355914,0.5-0.7
high_school_world_history,meta_llama_llama_3_70b_instruct,0.9240506329113924,0.07047843810341126,1.0042372881355932,0.9-0.99
high_school_world_history,meta_llama_llama_3_70b_instruct,0.9282700421940928,0.06686690981906608,1.004237288135594,0.9-0.99
high_school_world_history,meta_llama_llama_3_70b_instruct,0.9324894514767933,0.06321962382893546,1.0042372881355992,0.9-0.99
high_school_world_history,meta_llama_llama_3_70b_instruct,0.9282700421940928,0.06686690981906608,1.004237288135594,0.9-0.99
high_school_world_history,meta_llama_llama_3_70b_instruct,0.9282700421940928,0.06686690981906608,1.004237288135594,0.9-0.99
high_school_world_history,meta_llama_llama_3_70b_instruct,0.9282700421940928,0.06686690981906608,1.004237288135594,0.9-0.99
high_school_world_history,meta_llama_llama_3_70b_instruct,0.9282700421940928,0.06686690981906608,1.004237288135594,0.9-0.99
high_school_world_history,meta_llama_llama_3_70b_instruct,0.9240506329113924,0.07047843810341126,1.0042372881355932,0.9-0.99
high_school_world_history,meta_llama_llama_3_70b_instruct,0.9240506329113924,0.07047843810341126,1.0042372881355932,0.9-0.99
high_school_world_history,meta_llama_llama_3_70b_instruct,0.9324894514767933,0.06321962382893552,1.0042372881356,0.9-0.99
high_school_world_history,meta_llama_llama_3_70b_instruct,0.919831223628692,0.07405420868197084,1.0042372881355912,0.9-0.99
high_school_world_history,meta_llama_llama_3_70b_instruct,0.919831223628692,0.07405420868197071,1.0042372881355897,0.9-0.99
high_school_world_history,meta_llama_llama_3_70b_instruct,0.9240506329113924,0.07047843810341128,1.0042372881355937,0.9-0.99
high_school_world_history,meta_llama_llama_3_70b_instruct,0.919831223628692,0.07405420868197084,1.0042372881355912,0.9-0.99
high_school_world_history,meta_llama_llama_3_70b_instruct,0.9240506329113924,0.0704784381034112,1.0042372881355925,0.9-0.99
high_school_world_history,meta_llama_llama_3_70b_instruct,0.919831223628692,0.07405420868197078,1.0042372881355905,0.9-0.99
high_school_world_history,meta_llama_llama_3_70b_instruct,0.9240506329113924,0.07047843810341128,1.0042372881355937,0.9-0.99
high_school_world_history,meta_llama_llama_3_70b_instruct,0.919831223628692,0.07405420868197078,1.0042372881355905,0.9-0.99
high_school_world_history,meta_llama_llama_3_70b_instruct,0.919831223628692,0.07405420868197084,1.0042372881355912,0.9-0.99
high_school_world_history,meta_llama_llama_3_70b_instruct,0.919831223628692,0.07405420868197078,1.0042372881355905,0.9-0.99
high_school_world_history,meta_llama_llama_3_70b_instruct,0.9324894514767933,0.06321962382893541,1.0042372881355983,0.9-0.99
high_school_world_history,meta_llama_llama_3_70b_instruct,0.9113924050632911,0.08109847672173369,1.004237288135595,0.9-0.99
high_school_world_history,meta_llama_llama_3_70b_instruct,0.919831223628692,0.07405420868197077,1.0042372881355903,0.9-0.99
high_school_world_history,meta_llama_llama_3_70b_instruct,0.919831223628692,0.07405420868197073,1.0042372881355897,0.9-0.99
high_school_world_history,meta_llama_llama_3_70b_instruct,0.9240506329113924,0.07047843810341128,1.0042372881355937,0.9-0.99
high_school_world_history,meta_llama_llama_3_70b_instruct,0.9240506329113924,0.07047843810341128,1.0042372881355937,0.9-0.99
high_school_world_history,meta_llama_llama_3_70b_instruct,0.9282700421940928,0.06686690981906608,1.004237288135594,0.9-0.99
high_school_world_history,meta_llama_llama_3_70b_instruct,0.9282700421940928,0.06686690981906608,1.004237288135594,0.9-0.99
high_school_world_history,meta_llama_llama_3_70b_instruct,0.9324894514767933,0.06321962382893546,1.0042372881355992,0.9-0.99
high_school_world_history,meta_llama_llama_3_70b_instruct,0.9324894514767933,0.06321962382893546,1.0042372881355992,0.9-0.99
high_school_world_history,meta_llama_llama_3_70b_instruct,0.9282700421940928,0.06686690981906608,1.004237288135594,0.9-0.99
high_school_world_history,meta_llama_llama_3_70b_instruct,0.9282700421940928,0.06686690981906608,1.004237288135594,0.9-0.99
high_school_world_history,meta_llama_llama_3_70b_instruct,0.9367088607594937,0.05953658013301883,1.0042372881355959,0.9-0.99
high_school_world_history,meta_llama_llama_3_70b_instruct,0.9409282700421941,0.05581777873131642,1.004237288135591,0.9-0.99
high_school_world_history,meta_llama_llama_3_70b_instruct,0.9324894514767933,0.06321962382893546,1.0042372881355992,0.9-0.99
high_school_world_history,meta_llama_llama_3_70b_instruct,0.9282700421940928,0.06686690981906608,1.004237288135594,0.9-0.99
high_school_world_history,meta_llama_llama_3_70b_instruct,0.9324894514767933,0.06321962382893546,1.0042372881355992,0.9-0.99
high_school_world_history,meta_llama_llama_3_70b_instruct,0.9367088607594937,0.05953658013301883,1.0042372881355959,0.9-0.99
high_school_world_history,meta_llama_llama_3_70b_instruct,0.9240506329113924,0.0704784381034112,1.0042372881355925,0.9-0.99
high_school_world_history,meta_llama_llama_3_70b_instruct,0.9240506329113924,0.0704784381034112,1.0042372881355925,0.9-0.99
high_school_world_history,meta_llama_llama_3_70b_instruct,0.9282700421940928,0.06686690981906608,1.004237288135594,0.9-0.99
high_school_world_history,meta_llama_llama_3_70b_instruct,0.9324894514767933,0.06321962382893546,1.0042372881355992,0.9-0.99
high_school_world_history,meta_llama_llama_3_70b_instruct,0.9367088607594937,0.05953658013301883,1.0042372881355959,0.9-0.99
high_school_world_history,meta_llama_llama_3_70b_instruct,0.9240506329113924,0.07047843810341126,1.0042372881355932,0.9-0.99
high_school_world_history,meta_llama_llama_3_70b_instruct,0.9282700421940928,0.06686690981906608,1.004237288135594,0.9-0.99
high_school_world_history,meta_llama_llama_3_70b_instruct,0.9240506329113924,0.07047843810341126,1.0042372881355932,0.9-0.99
high_school_world_history,meta_llama_llama_3_70b_instruct,0.9324894514767933,0.06321962382893541,1.0042372881355983,0.9-0.99
high_school_world_history,meta_llama_llama_3_70b_instruct,0.9282700421940928,0.06686690981906608,1.004237288135594,0.9-0.99
high_school_world_history,meta_llama_llama_3_70b_instruct,0.9324894514767933,0.06321962382893546,1.0042372881355992,0.9-0.99
high_school_world_history,meta_llama_llama_3_70b_instruct,0.9282700421940928,0.06686690981906608,1.004237288135594,0.9-0.99
high_school_world_history,meta_llama_llama_3_70b_instruct,0.9282700421940928,0.06686690981906608,1.004237288135594,0.9-0.99
high_school_world_history,meta_llama_llama_3_70b_instruct,0.9367088607594937,0.05953658013301883,1.0042372881355959,0.9-0.99
high_school_world_history,meta_llama_llama_3_70b_instruct,0.9282700421940928,0.06686690981906608,1.004237288135594,0.9-0.99
high_school_world_history,meta_llama_llama_3_70b_instruct,0.9282700421940928,0.06686690981906608,1.004237288135594,0.9-0.99
high_school_world_history,meta_llama_llama_3_70b_instruct,0.9240506329113924,0.0704784381034112,1.0042372881355925,0.9-0.99
high_school_world_history,meta_llama_llama_3_70b_instruct,0.919831223628692,0.07405420868197089,1.004237288135592,0.9-0.99
high_school_world_history,meta_llama_llama_3_70b_instruct,0.9367088607594937,0.05953658013301883,1.0042372881355959,0.9-0.99
high_school_world_history,meta_llama_llama_3_70b_instruct,0.9324894514767933,0.06321962382893541,1.0042372881355983,0.9-0.99
high_school_world_history,meta_llama_llama_3_70b_instruct,0.9324894514767933,0.06321962382893546,1.0042372881355992,0.9-0.99
high_school_world_history,meta_llama_llama_3_70b_instruct,0.9367088607594937,0.05953658013301883,1.0042372881355959,0.9-0.99
high_school_world_history,meta_llama_llama_3_70b_instruct,0.9367088607594937,0.05953658013301883,1.0042372881355959,0.9-0.99
high_school_world_history,meta_llama_llama_3_70b_instruct,0.9282700421940928,0.06686690981906608,1.004237288135594,0.9-0.99
high_school_world_history,meta_llama_llama_3_70b_instruct,0.9367088607594937,0.05953658013301883,1.0042372881355959,0.9-0.99
high_school_world_history,meta_llama_llama_3_70b_instruct,0.9282700421940928,0.06686690981906608,1.004237288135594,0.9-0.99
high_school_world_history,meta_llama_llama_3_70b_instruct,0.9324894514767933,0.06321962382893552,1.0042372881356,0.9-0.99
high_school_world_history,meta_llama_llama_3_70b_instruct,0.9409282700421941,0.05581777873131642,1.004237288135591,0.9-0.99
high_school_world_history,meta_llama_llama_3_70b_instruct,0.9367088607594937,0.05953658013301883,1.0042372881355959,0.9-0.99
high_school_world_history,meta_llama_llama_3_70b_instruct,0.9324894514767933,0.06321962382893546,1.0042372881355992,0.9-0.99
high_school_world_history,meta_llama_llama_3_70b_instruct,0.9240506329113924,0.07047843810341128,1.0042372881355937,0.9-0.99
high_school_world_history,meta_llama_llama_3_70b_instruct,0.9324894514767933,0.06321962382893546,1.0042372881355992,0.9-0.99
high_school_world_history,meta_llama_llama_3_70b_instruct,0.9282700421940928,0.06686690981906608,1.004237288135594,0.9-0.99
high_school_world_history,meta_llama_llama_3_70b_instruct,0.9282700421940928,0.06686690981906608,1.004237288135594,0.9-0.99
high_school_world_history,meta_llama_llama_3_70b_instruct,0.9324894514767933,0.06321962382893546,1.0042372881355992,0.9-0.99
high_school_world_history,meta_llama_llama_3_70b_instruct,0.9282700421940928,0.06686690981906608,1.004237288135594,0.9-0.99
high_school_world_history,meta_llama_llama_3_70b_instruct,0.9324894514767933,0.06321962382893546,1.0042372881355992,0.9-0.99
high_school_world_history,meta_llama_llama_3_70b_instruct,0.9324894514767933,0.06321962382893546,1.0042372881355992,0.9-0.99
high_school_world_history,meta_llama_llama_3_70b_instruct,0.9240506329113924,0.07047843810341127,1.0042372881355934,0.9-0.99
high_school_world_history,meta_llama_llama_3_70b_instruct,0.919831223628692,0.07405420868197096,1.004237288135593,0.9-0.99
high_school_world_history,meta_llama_llama_3_70b_instruct,0.9324894514767933,0.06321962382893546,1.0042372881355992,0.9-0.99
high_school_world_history,meta_llama_llama_3_70b_instruct,0.9324894514767933,0.06321962382893546,1.0042372881355992,0.9-0.99
high_school_world_history,meta_llama_llama_3_70b_instruct,0.9324894514767933,0.06321962382893546,1.0042372881355992,0.9-0.99
high_school_world_history,meta_llama_llama_3_70b_instruct,0.9240506329113924,0.07047843810341128,1.0042372881355937,0.9-0.99
high_school_world_history,meta_llama_llama_3_70b_instruct,0.9324894514767933,0.06321962382893541,1.0042372881355983,0.9-0.99
high_school_world_history,meta_llama_llama_3_70b_instruct,0.9282700421940928,0.06686690981906608,1.004237288135594,0.9-0.99
high_school_world_history,meta_llama_llama_3_70b_instruct,0.9324894514767933,0.06321962382893541,1.0042372881355983,0.9-0.99
high_school_world_history,meta_llama_llama_3_70b_instruct,0.9324894514767933,0.06321962382893541,1.0042372881355983,0.9-0.99
high_school_world_history,meta_llama_llama_3_70b_instruct,0.9324894514767933,0.06321962382893541,1.0042372881355983,0.9-0.99
high_school_world_history,meta_llama_llama_3_70b_instruct,0.9282700421940928,0.06686690981906608,1.004237288135594,0.9-0.99
high_school_world_history,meta_llama_llama_3_70b_instruct,0.9282700421940928,0.06686690981906608,1.004237288135594,0.9-0.99
high_school_world_history,meta_llama_llama_3_70b_instruct,0.9282700421940928,0.06686690981906608,1.004237288135594,0.9-0.99
high_school_world_history,meta_llama_llama_3_70b_instruct,0.9324894514767933,0.06321962382893541,1.0042372881355983,0.9-0.99
high_school_world_history,meta_llama_llama_3_70b_instruct,0.919831223628692,0.07405420868197089,1.004237288135592,0.9-0.99
high_school_world_history,meta_llama_llama_3_70b_instruct,0.9156118143459916,0.07759422155474469,1.004237288135589,0.9-0.99
high_school_world_history,meta_llama_llama_3_70b_instruct,0.9282700421940928,0.06686690981906608,1.004237288135594,0.9-0.99
high_school_world_history,meta_llama_llama_3_70b_instruct,0.9451476793248945,0.052063219623828955,1.0042372881355937,0.9-0.99
high_school_world_history,meta_llama_llama_3_70b_instruct,0.919831223628692,0.07405420868197089,1.004237288135592,0.9-0.99
high_school_world_history,meta_llama_llama_3_70b_instruct,0.9156118143459916,0.07759422155474469,1.004237288135589,0.9-0.99
high_school_world_history,meta_llama_llama_3_70b_instruct,0.9156118143459916,0.07759422155474469,1.004237288135589,0.9-0.99
high_school_world_history,meta_llama_llama_3_70b_instruct,0.9240506329113924,0.07047843810341126,1.0042372881355932,0.9-0.99
high_school_world_history,meta_llama_llama_3_70b_instruct,0.9282700421940928,0.06686690981906608,1.004237288135594,0.9-0.99
high_school_world_history,meta_llama_llama_3_8b_instruct,0.8185654008438819,0.1491453908317245,1.004237288135595,0.7-0.9
high_school_world_history,meta_llama_llama_3_8b_instruct,0.8227848101265823,0.14642780519201934,1.0042372881355965,0.7-0.9
high_school_world_history,meta_llama_llama_3_8b_instruct,0.8354430379746836,0.13806050203818931,1.0042372881355939,0.7-0.9
high_school_world_history,meta_llama_llama_3_8b_instruct,0.8185654008438819,0.1491453908317244,1.0042372881355943,0.7-0.9
high_school_world_history,meta_llama_llama_3_8b_instruct,0.8312236286919831,0.1408853607952516,1.0042372881355945,0.7-0.9
high_school_world_history,meta_llama_llama_3_8b_instruct,0.8143459915611815,0.1518272187656444,1.0042372881355959,0.7-0.9
high_school_world_history,meta_llama_llama_3_8b_instruct,0.8227848101265823,0.14642780519201934,1.0042372881355965,0.7-0.9
high_school_world_history,meta_llama_llama_3_8b_instruct,0.8227848101265823,0.14642780519201934,1.0042372881355965,0.7-0.9
high_school_world_history,meta_llama_llama_3_8b_instruct,0.810126582278481,0.15447328899377882,1.0042372881355974,0.7-0.9
high_school_world_history,meta_llama_llama_3_8b_instruct,0.8354430379746836,0.13806050203818931,1.0042372881355939,0.7-0.9
high_school_world_history,meta_llama_llama_3_8b_instruct,0.8312236286919831,0.14088536079525163,1.0042372881355948,0.7-0.9
high_school_world_history,meta_llama_llama_3_8b_instruct,0.8270042194092827,0.14367446184652877,1.004237288135599,0.7-0.9
high_school_world_history,meta_llama_llama_3_8b_instruct,0.8354430379746836,0.13806050203818931,1.0042372881355939,0.7-0.9
high_school_world_history,meta_llama_llama_3_8b_instruct,0.8312236286919831,0.1408853607952516,1.0042372881355945,0.7-0.9
high_school_world_history,meta_llama_llama_3_8b_instruct,0.8312236286919831,0.1408853607952516,1.0042372881355945,0.7-0.9
high_school_world_history,meta_llama_llama_3_8b_instruct,0.8270042194092827,0.14367446184652877,1.004237288135599,0.7-0.9
high_school_world_history,meta_llama_llama_3_8b_instruct,0.8227848101265823,0.14642780519201934,1.0042372881355965,0.7-0.9
high_school_world_history,meta_llama_llama_3_8b_instruct,0.8354430379746836,0.13806050203818931,1.0042372881355939,0.7-0.9
high_school_world_history,meta_llama_llama_3_8b_instruct,0.8354430379746836,0.13806050203818931,1.0042372881355939,0.7-0.9
high_school_world_history,meta_llama_llama_3_8b_instruct,0.8227848101265823,0.14642780519201934,1.0042372881355965,0.7-0.9
high_school_world_history,meta_llama_llama_3_8b_instruct,0.8396624472573839,0.13519988557534204,1.0042372881355972,0.7-0.9
high_school_world_history,meta_llama_llama_3_8b_instruct,0.810126582278481,0.15447328899377882,1.0042372881355974,0.7-0.9
high_school_world_history,meta_llama_llama_3_8b_instruct,0.8270042194092827,0.14367446184652877,1.004237288135599,0.7-0.9
high_school_world_history,meta_llama_llama_3_8b_instruct,0.8312236286919831,0.14088536079525157,1.0042372881355943,0.7-0.9
high_school_world_history,meta_llama_llama_3_8b_instruct,0.8438818565400844,0.1323035114067086,1.0042372881355968,0.7-0.9
high_school_world_history,meta_llama_llama_3_8b_instruct,0.8396624472573839,0.13519988557534204,1.0042372881355972,0.7-0.9
high_school_world_history,meta_llama_llama_3_8b_instruct,0.8143459915611815,0.1518272187656444,1.0042372881355959,0.7-0.9
high_school_world_history,meta_llama_llama_3_8b_instruct,0.8143459915611815,0.1518272187656444,1.0042372881355959,0.7-0.9
high_school_world_history,meta_llama_llama_3_8b_instruct,0.8270042194092827,0.14367446184652877,1.004237288135599,0.7-0.9
high_school_world_history,meta_llama_llama_3_8b_instruct,0.8143459915611815,0.15182721876564442,1.004237288135596,0.7-0.9
high_school_world_history,meta_llama_llama_3_8b_instruct,0.8143459915611815,0.1518272187656444,1.0042372881355959,0.7-0.9
high_school_world_history,meta_llama_llama_3_8b_instruct,0.8059071729957806,0.1570836015161268,1.0042372881355939,0.7-0.9
high_school_world_history,meta_llama_llama_3_8b_instruct,0.8270042194092827,0.14367446184652877,1.004237288135599,0.7-0.9
high_school_world_history,meta_llama_llama_3_8b_instruct,0.8438818565400844,0.13230351140670857,1.0042372881355965,0.7-0.9
high_school_world_history,meta_llama_llama_3_8b_instruct,0.8270042194092827,0.1436744618465287,1.0042372881355988,0.7-0.9
high_school_world_history,meta_llama_llama_3_8b_instruct,0.8143459915611815,0.15182721876564434,1.0042372881355957,0.7-0.9
high_school_world_history,meta_llama_llama_3_8b_instruct,0.8354430379746836,0.13806050203818931,1.0042372881355939,0.7-0.9
high_school_world_history,meta_llama_llama_3_8b_instruct,0.8438818565400844,0.13230351140670857,1.0042372881355965,0.7-0.9
high_school_world_history,meta_llama_llama_3_8b_instruct,0.8312236286919831,0.14088536079525163,1.0042372881355948,0.7-0.9
high_school_world_history,meta_llama_llama_3_8b_instruct,0.8270042194092827,0.1436744618465287,1.0042372881355988,0.7-0.9
high_school_world_history,meta_llama_llama_3_8b_instruct,0.8270042194092827,0.14367446184652877,1.004237288135599,0.7-0.9
high_school_world_history,meta_llama_llama_3_8b_instruct,0.8438818565400844,0.1323035114067086,1.0042372881355968,0.7-0.9
high_school_world_history,meta_llama_llama_3_8b_instruct,0.8354430379746836,0.13806050203818931,1.0042372881355939,0.7-0.9
high_school_world_history,meta_llama_llama_3_8b_instruct,0.8312236286919831,0.1408853607952516,1.0042372881355945,0.7-0.9
high_school_world_history,meta_llama_llama_3_8b_instruct,0.8270042194092827,0.14367446184652877,1.004237288135599,0.7-0.9
high_school_world_history,meta_llama_llama_3_8b_instruct,0.8270042194092827,0.14367446184652877,1.004237288135599,0.7-0.9
high_school_world_history,meta_llama_llama_3_8b_instruct,0.8312236286919831,0.14088536079525157,1.0042372881355943,0.7-0.9
high_school_world_history,meta_llama_llama_3_8b_instruct,0.8354430379746836,0.13806050203818931,1.0042372881355939,0.7-0.9
high_school_world_history,meta_llama_llama_3_8b_instruct,0.8312236286919831,0.14088536079525157,1.0042372881355943,0.7-0.9
high_school_world_history,meta_llama_llama_3_8b_instruct,0.8143459915611815,0.1518272187656444,1.0042372881355959,0.7-0.9
high_school_world_history,meta_llama_llama_3_8b_instruct,0.8396624472573839,0.13519988557534204,1.0042372881355972,0.7-0.9
high_school_world_history,meta_llama_llama_3_8b_instruct,0.8312236286919831,0.14088536079525163,1.0042372881355948,0.7-0.9
high_school_world_history,meta_llama_llama_3_8b_instruct,0.8438818565400844,0.1323035114067086,1.0042372881355968,0.7-0.9
high_school_world_history,meta_llama_llama_3_8b_instruct,0.8185654008438819,0.14914539083172437,1.004237288135594,0.7-0.9
high_school_world_history,meta_llama_llama_3_8b_instruct,0.8396624472573839,0.13519988557534204,1.0042372881355972,0.7-0.9
high_school_world_history,meta_llama_llama_3_8b_instruct,0.8438818565400844,0.1323035114067086,1.0042372881355968,0.7-0.9
high_school_world_history,meta_llama_llama_3_8b_instruct,0.8227848101265823,0.1464278051920193,1.0042372881355963,0.7-0.9
high_school_world_history,meta_llama_llama_3_8b_instruct,0.8270042194092827,0.1436744618465287,1.0042372881355988,0.7-0.9
high_school_world_history,meta_llama_llama_3_8b_instruct,0.810126582278481,0.15447328899377882,1.0042372881355974,0.7-0.9
high_school_world_history,meta_llama_llama_3_8b_instruct,0.8185654008438819,0.1491453908317243,1.0042372881355934,0.7-0.9
high_school_world_history,meta_llama_llama_3_8b_instruct,0.8227848101265823,0.1464278051920193,1.0042372881355963,0.7-0.9
high_school_world_history,meta_llama_llama_3_8b_instruct,0.8438818565400844,0.1323035114067086,1.0042372881355968,0.7-0.9
high_school_world_history,meta_llama_llama_3_8b_instruct,0.8396624472573839,0.13519988557534204,1.0042372881355972,0.7-0.9
high_school_world_history,meta_llama_llama_3_8b_instruct,0.8438818565400844,0.13230351140670857,1.0042372881355965,0.7-0.9
high_school_world_history,meta_llama_llama_3_8b_instruct,0.8312236286919831,0.14088536079525157,1.0042372881355943,0.7-0.9
high_school_world_history,meta_llama_llama_3_8b_instruct,0.8354430379746836,0.13806050203818931,1.0042372881355939,0.7-0.9
high_school_world_history,meta_llama_llama_3_8b_instruct,0.8354430379746836,0.13806050203818934,1.004237288135594,0.7-0.9
high_school_world_history,meta_llama_llama_3_8b_instruct,0.8396624472573839,0.13519988557534204,1.0042372881355972,0.7-0.9
high_school_world_history,meta_llama_llama_3_8b_instruct,0.8396624472573839,0.13519988557534204,1.0042372881355972,0.7-0.9
high_school_world_history,meta_llama_llama_3_8b_instruct,0.8354430379746836,0.13806050203818934,1.004237288135594,0.7-0.9
high_school_world_history,meta_llama_llama_3_8b_instruct,0.8227848101265823,0.1464278051920193,1.0042372881355963,0.7-0.9
high_school_world_history,meta_llama_llama_3_8b_instruct,0.8396624472573839,0.13519988557534204,1.0042372881355972,0.7-0.9
high_school_world_history,meta_llama_llama_3_8b_instruct,0.8481012658227848,0.12937137953228953,1.0042372881355957,0.7-0.9
high_school_world_history,meta_llama_llama_3_8b_instruct,0.8354430379746836,0.13806050203818931,1.0042372881355939,0.7-0.9
high_school_world_history,meta_llama_llama_3_8b_instruct,0.810126582278481,0.15447328899377882,1.0042372881355974,0.7-0.9
high_school_world_history,meta_llama_llama_3_8b_instruct,0.7932489451476793,0.16469999284845924,1.0042372881355957,0.7-0.9
high_school_world_history,meta_llama_llama_3_8b_instruct,0.8059071729957806,0.15708360151612674,1.0042372881355934,0.7-0.9
high_school_world_history,meta_llama_llama_3_8b_instruct,0.7974683544303798,0.16219695344346696,1.0042372881355928,0.7-0.9
high_school_world_history,meta_llama_llama_3_8b_instruct,0.7890295358649789,0.16716727454766528,1.004237288135595,0.7-0.9
high_school_world_history,meta_llama_llama_3_8b_instruct,0.7932489451476793,0.16469999284845924,1.0042372881355957,0.7-0.9
high_school_world_history,meta_llama_llama_3_8b_instruct,0.7974683544303798,0.16219695344346693,1.0042372881355925,0.7-0.9
high_school_world_history,meta_llama_llama_3_8b_instruct,0.8185654008438819,0.1491453908317243,1.0042372881355934,0.7-0.9
high_school_world_history,meta_llama_llama_3_8b_instruct,0.8354430379746836,0.13806050203818931,1.0042372881355939,0.7-0.9
high_school_world_history,meta_llama_llama_3_8b_instruct,0.8438818565400844,0.1323035114067086,1.0042372881355968,0.7-0.9
high_school_world_history,meta_llama_llama_3_8b_instruct,0.8312236286919831,0.1408853607952516,1.0042372881355945,0.7-0.9
high_school_world_history,meta_llama_llama_3_8b_instruct,0.8227848101265823,0.14642780519201934,1.0042372881355965,0.7-0.9
high_school_world_history,meta_llama_llama_3_8b_instruct,0.8312236286919831,0.1408853607952516,1.0042372881355945,0.7-0.9
high_school_world_history,meta_llama_llama_3_8b_instruct,0.8354430379746836,0.13806050203818931,1.0042372881355939,0.7-0.9
high_school_world_history,meta_llama_llama_3_8b_instruct,0.8312236286919831,0.14088536079525163,1.0042372881355948,0.7-0.9
high_school_world_history,meta_llama_llama_3_8b_instruct,0.8396624472573839,0.13519988557534204,1.0042372881355972,0.7-0.9
high_school_world_history,meta_llama_llama_3_8b_instruct,0.8270042194092827,0.14367446184652877,1.004237288135599,0.7-0.9
high_school_world_history,meta_llama_llama_3_8b_instruct,0.8270042194092827,0.1436744618465287,1.0042372881355988,0.7-0.9
high_school_world_history,meta_llama_llama_3_8b_instruct,0.8185654008438819,0.1491453908317243,1.0042372881355934,0.7-0.9
high_school_world_history,meta_llama_llama_3_8b_instruct,0.8312236286919831,0.14088536079525155,1.004237288135594,0.7-0.9
high_school_world_history,meta_llama_llama_3_8b_instruct,0.8354430379746836,0.13806050203818931,1.0042372881355939,0.7-0.9
high_school_world_history,meta_llama_llama_3_8b_instruct,0.8354430379746836,0.13806050203818931,1.0042372881355939,0.7-0.9
high_school_world_history,meta_llama_llama_3_8b_instruct,0.8143459915611815,0.1518272187656444,1.0042372881355959,0.7-0.9
high_school_world_history,meta_llama_llama_3_8b_instruct,0.8270042194092827,0.14367446184652877,1.004237288135599,0.7-0.9
high_school_world_history,meta_llama_llama_3_8b_instruct,0.8143459915611815,0.15182721876564434,1.0042372881355957,0.7-0.9
high_school_world_history,meta_llama_llama_3_8b_instruct,0.8059071729957806,0.15708360151612674,1.0042372881355934,0.7-0.9
high_school_world_history,mistralai_mistral_7b_instruct_v0_2,0.7215189873417721,0.20178073374812278,1.0042372881355934,0.7-0.9
high_school_world_history,mistralai_mistral_7b_instruct_v0_2,0.7215189873417721,0.20178073374812275,1.0042372881355932,0.7-0.9
high_school_world_history,mistralai_mistral_7b_instruct_v0_2,0.729957805907173,0.1979546592290634,1.004237288135591,0.7-0.9
high_school_world_history,mistralai_mistral_7b_instruct_v0_2,0.7215189873417721,0.2017807337481228,1.0042372881355934,0.7-0.9
high_school_world_history,mistralai_mistral_7b_instruct_v0_2,0.7172995780590717,0.20364013444897291,1.0042372881355892,0.7-0.9
high_school_world_history,mistralai_mistral_7b_instruct_v0_2,0.7172995780590717,0.20364013444897291,1.0042372881355892,0.7-0.9
high_school_world_history,mistralai_mistral_7b_instruct_v0_2,0.7257383966244726,0.19988557534148693,1.0042372881355976,0.7-0.9
high_school_world_history,mistralai_mistral_7b_instruct_v0_2,0.7257383966244726,0.19988557534148696,1.0042372881355976,0.7-0.9
high_school_world_history,mistralai_mistral_7b_instruct_v0_2,0.7130801687763713,0.20546377744403985,1.0042372881355963,0.7-0.9
high_school_world_history,mistralai_mistral_7b_instruct_v0_2,0.7426160337552743,0.1919473646570835,1.0042372881355928,0.7-0.9
high_school_world_history,mistralai_mistral_7b_instruct_v0_2,0.7215189873417721,0.2017807337481227,1.004237288135593,0.7-0.9
high_school_world_history,mistralai_mistral_7b_instruct_v0_2,0.7215189873417721,0.20178073374812275,1.0042372881355932,0.7-0.9
high_school_world_history,mistralai_mistral_7b_instruct_v0_2,0.729957805907173,0.1979546592290634,1.004237288135591,0.7-0.9
high_school_world_history,mistralai_mistral_7b_instruct_v0_2,0.7215189873417721,0.20178073374812275,1.0042372881355932,0.7-0.9
high_school_world_history,mistralai_mistral_7b_instruct_v0_2,0.7172995780590717,0.20364013444897291,1.0042372881355892,0.7-0.9
high_school_world_history,mistralai_mistral_7b_instruct_v0_2,0.7215189873417721,0.20178073374812275,1.0042372881355932,0.7-0.9
high_school_world_history,mistralai_mistral_7b_instruct_v0_2,0.729957805907173,0.1979546592290634,1.004237288135591,0.7-0.9
high_school_world_history,mistralai_mistral_7b_instruct_v0_2,0.729957805907173,0.19795465922906338,1.0042372881355908,0.7-0.9
high_school_world_history,mistralai_mistral_7b_instruct_v0_2,0.729957805907173,0.1979546592290634,1.004237288135591,0.7-0.9
high_school_world_history,mistralai_mistral_7b_instruct_v0_2,0.7215189873417721,0.2017807337481227,1.004237288135593,0.7-0.9
high_school_world_history,mistralai_mistral_7b_instruct_v0_2,0.7215189873417721,0.20178073374812275,1.0042372881355932,0.7-0.9
high_school_world_history,mistralai_mistral_7b_instruct_v0_2,0.7510548523206751,0.18776371308016876,1.0042372881355932,0.7-0.9
high_school_world_history,mistralai_mistral_7b_instruct_v0_2,0.7172995780590717,0.20364013444897275,1.0042372881355883,0.7-0.9
high_school_world_history,mistralai_mistral_7b_instruct_v0_2,0.7257383966244726,0.19988557534148696,1.0042372881355976,0.7-0.9
high_school_world_history,mistralai_mistral_7b_instruct_v0_2,0.7341772151898734,0.1959879854108553,1.0042372881355894,0.7-0.9
high_school_world_history,mistralai_mistral_7b_instruct_v0_2,0.7257383966244726,0.19988557534148696,1.0042372881355976,0.7-0.9
high_school_world_history,mistralai_mistral_7b_instruct_v0_2,0.7172995780590717,0.20364013444897291,1.0042372881355892,0.7-0.9
high_school_world_history,mistralai_mistral_7b_instruct_v0_2,0.7383966244725738,0.19398555388686298,1.004237288135595,0.7-0.9
high_school_world_history,mistralai_mistral_7b_instruct_v0_2,0.7215189873417721,0.20178073374812278,1.0042372881355934,0.7-0.9
high_school_world_history,mistralai_mistral_7b_instruct_v0_2,0.7215189873417721,0.20178073374812278,1.0042372881355934,0.7-0.9
high_school_world_history,mistralai_mistral_7b_instruct_v0_2,0.7088607594936709,0.2072516627333197,1.0042372881355965,0.7-0.9
high_school_world_history,mistralai_mistral_7b_instruct_v0_2,0.7215189873417721,0.20178073374812278,1.0042372881355934,0.7-0.9
high_school_world_history,mistralai_mistral_7b_instruct_v0_2,0.7383966244725738,0.19398555388686298,1.004237288135595,0.7-0.9
high_school_world_history,mistralai_mistral_7b_instruct_v0_2,0.7426160337552743,0.1919473646570835,1.0042372881355928,0.7-0.9
high_school_world_history,mistralai_mistral_7b_instruct_v0_2,0.7172995780590717,0.2036401344489729,1.004237288135589,0.7-0.9
high_school_world_history,mistralai_mistral_7b_instruct_v0_2,0.7257383966244726,0.19988557534148696,1.0042372881355976,0.7-0.9
high_school_world_history,mistralai_mistral_7b_instruct_v0_2,0.7383966244725738,0.193985553886863,1.0042372881355952,0.7-0.9
high_school_world_history,mistralai_mistral_7b_instruct_v0_2,0.7172995780590717,0.20364013444897291,1.0042372881355892,0.7-0.9
high_school_world_history,mistralai_mistral_7b_instruct_v0_2,0.7257383966244726,0.19988557534148693,1.0042372881355976,0.7-0.9
high_school_world_history,mistralai_mistral_7b_instruct_v0_2,0.729957805907173,0.19795465922906338,1.0042372881355908,0.7-0.9
high_school_world_history,mistralai_mistral_7b_instruct_v0_2,0.729957805907173,0.19795465922906338,1.0042372881355908,0.7-0.9
high_school_world_history,mistralai_mistral_7b_instruct_v0_2,0.729957805907173,0.1979546592290634,1.004237288135591,0.7-0.9
high_school_world_history,mistralai_mistral_7b_instruct_v0_2,0.7257383966244726,0.19988557534148696,1.0042372881355976,0.7-0.9
high_school_world_history,mistralai_mistral_7b_instruct_v0_2,0.7130801687763713,0.20546377744403985,1.0042372881355963,0.7-0.9
high_school_world_history,mistralai_mistral_7b_instruct_v0_2,0.7215189873417721,0.20178073374812278,1.0042372881355934,0.7-0.9
high_school_world_history,mistralai_mistral_7b_instruct_v0_2,0.7130801687763713,0.20546377744403985,1.0042372881355963,0.7-0.9
high_school_world_history,mistralai_mistral_7b_instruct_v0_2,0.7172995780590717,0.20364013444897275,1.0042372881355883,0.7-0.9
high_school_world_history,mistralai_mistral_7b_instruct_v0_2,0.7172995780590717,0.2036401344489729,1.004237288135589,0.7-0.9
high_school_world_history,mistralai_mistral_7b_instruct_v0_2,0.7130801687763713,0.20546377744403985,1.0042372881355963,0.7-0.9
high_school_world_history,mistralai_mistral_7b_instruct_v0_2,0.7130801687763713,0.20546377744403982,1.004237288135596,0.7-0.9
high_school_world_history,mistralai_mistral_7b_instruct_v0_2,0.729957805907173,0.1979546592290634,1.004237288135591,0.7-0.9
high_school_world_history,mistralai_mistral_7b_instruct_v0_2,0.7172995780590717,0.20364013444897286,1.0042372881355888,0.7-0.9
high_school_world_history,mistralai_mistral_7b_instruct_v0_2,0.7130801687763713,0.20546377744403985,1.0042372881355963,0.7-0.9
high_school_world_history,mistralai_mistral_7b_instruct_v0_2,0.7088607594936709,0.2072516627333197,1.0042372881355965,0.7-0.9
high_school_world_history,mistralai_mistral_7b_instruct_v0_2,0.7426160337552743,0.1919473646570834,1.0042372881355923,0.7-0.9
high_school_world_history,mistralai_mistral_7b_instruct_v0_2,0.7383966244725738,0.193985553886863,1.0042372881355952,0.7-0.9
high_school_world_history,mistralai_mistral_7b_instruct_v0_2,0.729957805907173,0.19795465922906338,1.0042372881355908,0.7-0.9
high_school_world_history,mistralai_mistral_7b_instruct_v0_2,0.7383966244725738,0.19398555388686298,1.004237288135595,0.7-0.9
high_school_world_history,mistralai_mistral_7b_instruct_v0_2,0.70042194092827,0.21072016019452255,1.004237288135596,0.7-0.9
high_school_world_history,mistralai_mistral_7b_instruct_v0_2,0.6919831223628692,0.21404562683258196,1.004237288135591,0.5-0.7
high_school_world_history,mistralai_mistral_7b_instruct_v0_2,0.7130801687763713,0.20546377744403985,1.0042372881355963,0.7-0.9
high_school_world_history,mistralai_mistral_7b_instruct_v0_2,0.7257383966244726,0.19988557534148693,1.0042372881355976,0.7-0.9
high_school_world_history,mistralai_mistral_7b_instruct_v0_2,0.7341772151898734,0.19598798541085527,1.0042372881355892,0.7-0.9
high_school_world_history,mistralai_mistral_7b_instruct_v0_2,0.729957805907173,0.19795465922906338,1.0042372881355908,0.7-0.9
high_school_world_history,mistralai_mistral_7b_instruct_v0_2,0.7383966244725738,0.19398555388686298,1.004237288135595,0.7-0.9
high_school_world_history,mistralai_mistral_7b_instruct_v0_2,0.7341772151898734,0.19598798541085533,1.0042372881355897,0.7-0.9
high_school_world_history,mistralai_mistral_7b_instruct_v0_2,0.7341772151898734,0.19598798541085533,1.0042372881355897,0.7-0.9
high_school_world_history,mistralai_mistral_7b_instruct_v0_2,0.7257383966244726,0.199885575341487,1.0042372881355979,0.7-0.9
high_school_world_history,mistralai_mistral_7b_instruct_v0_2,0.7130801687763713,0.20546377744403985,1.0042372881355963,0.7-0.9
high_school_world_history,mistralai_mistral_7b_instruct_v0_2,0.729957805907173,0.1979546592290634,1.004237288135591,0.7-0.9
high_school_world_history,mistralai_mistral_7b_instruct_v0_2,0.7130801687763713,0.20546377744403982,1.004237288135596,0.7-0.9
high_school_world_history,mistralai_mistral_7b_instruct_v0_2,0.7383966244725738,0.19398555388686298,1.004237288135595,0.7-0.9
high_school_world_history,mistralai_mistral_7b_instruct_v0_2,0.729957805907173,0.1979546592290634,1.004237288135591,0.7-0.9
high_school_world_history,mistralai_mistral_7b_instruct_v0_2,0.7215189873417721,0.20178073374812286,1.0042372881355939,0.7-0.9
high_school_world_history,mistralai_mistral_7b_instruct_v0_2,0.7257383966244726,0.19988557534148704,1.004237288135598,0.7-0.9
high_school_world_history,mistralai_mistral_7b_instruct_v0_2,0.7088607594936709,0.2072516627333197,1.0042372881355965,0.7-0.9
high_school_world_history,mistralai_mistral_7b_instruct_v0_2,0.7172995780590717,0.20364013444897291,1.0042372881355892,0.7-0.9
high_school_world_history,mistralai_mistral_7b_instruct_v0_2,0.7426160337552743,0.19194736465708345,1.0042372881355925,0.7-0.9
high_school_world_history,mistralai_mistral_7b_instruct_v0_2,0.7088607594936709,0.2072516627333197,1.0042372881355965,0.7-0.9
high_school_world_history,mistralai_mistral_7b_instruct_v0_2,0.7088607594936709,0.2072516627333197,1.0042372881355965,0.7-0.9
high_school_world_history,mistralai_mistral_7b_instruct_v0_2,0.7257383966244726,0.19988557534148696,1.0042372881355976,0.7-0.9
high_school_world_history,mistralai_mistral_7b_instruct_v0_2,0.7426160337552743,0.19194736465708348,1.0042372881355925,0.7-0.9
high_school_world_history,mistralai_mistral_7b_instruct_v0_2,0.729957805907173,0.1979546592290634,1.004237288135591,0.7-0.9
high_school_world_history,mistralai_mistral_7b_instruct_v0_2,0.7383966244725738,0.19398555388686298,1.004237288135595,0.7-0.9
high_school_world_history,mistralai_mistral_7b_instruct_v0_2,0.729957805907173,0.19795465922906338,1.0042372881355908,0.7-0.9
high_school_world_history,mistralai_mistral_7b_instruct_v0_2,0.7257383966244726,0.19988557534148693,1.0042372881355976,0.7-0.9
high_school_world_history,mistralai_mistral_7b_instruct_v0_2,0.729957805907173,0.19795465922906338,1.0042372881355908,0.7-0.9
high_school_world_history,mistralai_mistral_7b_instruct_v0_2,0.7383966244725738,0.19398555388686298,1.004237288135595,0.7-0.9
high_school_world_history,mistralai_mistral_7b_instruct_v0_2,0.7257383966244726,0.19988557534148693,1.0042372881355976,0.7-0.9
high_school_world_history,mistralai_mistral_7b_instruct_v0_2,0.7341772151898734,0.19598798541085533,1.0042372881355897,0.7-0.9
high_school_world_history,mistralai_mistral_7b_instruct_v0_2,0.7468354430379747,0.18987341772151878,1.004237288135592,0.7-0.9
high_school_world_history,mistralai_mistral_7b_instruct_v0_2,0.7130801687763713,0.20546377744403985,1.0042372881355963,0.7-0.9
high_school_world_history,mistralai_mistral_7b_instruct_v0_2,0.7130801687763713,0.20546377744403982,1.004237288135596,0.7-0.9
high_school_world_history,mistralai_mistral_7b_instruct_v0_2,0.7341772151898734,0.19598798541085527,1.0042372881355892,0.7-0.9
high_school_world_history,mistralai_mistral_7b_instruct_v0_2,0.7426160337552743,0.1919473646570835,1.0042372881355928,0.7-0.9
high_school_world_history,mistralai_mistral_7b_instruct_v0_2,0.7130801687763713,0.20546377744403985,1.0042372881355963,0.7-0.9
high_school_world_history,mistralai_mistral_7b_instruct_v0_2,0.7046413502109705,0.20900379031681446,1.004237288135599,0.7-0.9
high_school_world_history,mistralai_mistral_7b_instruct_v0_2,0.7257383966244726,0.19988557534148696,1.0042372881355976,0.7-0.9
high_school_world_history,mistralai_mistral_7b_instruct_v0_2,0.7172995780590717,0.20364013444897286,1.0042372881355888,0.7-0.9
high_school_world_history,mistralai_mistral_7b_instruct_v0_2,0.729957805907173,0.1979546592290634,1.004237288135591,0.7-0.9
high_school_world_history,tiiuae_falcon_40b,0.6540084388185654,0.2272402202674667,1.004237288135589,0.5-0.7
high_school_world_history,tiiuae_falcon_40b,0.6666666666666666,0.22316384180791005,1.0042372881355952,0.5-0.7
high_school_world_history,tiiuae_falcon_40b,0.6582278481012658,0.22591718515340034,1.0042372881355923,0.5-0.7
high_school_world_history,tiiuae_falcon_40b,0.6624472573839663,0.2245583923335468,1.0042372881355883,0.5-0.7
high_school_world_history,tiiuae_falcon_40b,0.6877637130801688,0.21565472359293344,1.0042372881355894,0.5-0.7
high_school_world_history,tiiuae_falcon_40b,0.6751054852320675,0.22026746763927707,1.004237288135597,0.5-0.7
high_school_world_history,tiiuae_falcon_40b,0.6624472573839663,0.2245583923335468,1.0042372881355883,0.5-0.7
high_school_world_history,tiiuae_falcon_40b,0.6708860759493671,0.22173353357648595,1.0042372881355943,0.5-0.7
high_school_world_history,tiiuae_falcon_40b,0.6835443037974683,0.21722806264749991,1.0042372881355903,0.5-0.7
high_school_world_history,tiiuae_falcon_40b,0.6751054852320675,0.22026746763927707,1.004237288135597,0.5-0.7
high_school_world_history,tiiuae_falcon_40b,0.6624472573839663,0.22455839233354677,1.0042372881355883,0.5-0.7
high_school_world_history,tiiuae_falcon_40b,0.6877637130801688,0.21565472359293344,1.0042372881355894,0.5-0.7
high_school_world_history,tiiuae_falcon_40b,0.6919831223628692,0.21404562683258205,1.0042372881355914,0.5-0.7
high_school_world_history,tiiuae_falcon_40b,0.6455696202531646,0.22977901737824424,1.0042372881355899,0.5-0.7
high_school_world_history,tiiuae_falcon_40b,0.679324894514768,0.2187656439962821,1.0042372881355974,0.5-0.7
high_school_world_history,tiiuae_falcon_40b,0.6624472573839663,0.22455839233354677,1.0042372881355883,0.5-0.7
high_school_world_history,tiiuae_falcon_40b,0.6582278481012658,0.22591718515340034,1.0042372881355923,0.5-0.7
high_school_world_history,tiiuae_falcon_40b,0.6919831223628692,0.214045626832582,1.0042372881355912,0.5-0.7
high_school_world_history,tiiuae_falcon_40b,0.6540084388185654,0.2272402202674667,1.004237288135589,0.5-0.7
high_school_world_history,tiiuae_falcon_40b,0.6708860759493671,0.2217335335764859,1.0042372881355939,0.5-0.7
high_school_world_history,tiiuae_falcon_40b,0.6708860759493671,0.2217335335764859,1.0042372881355939,0.5-0.7
high_school_world_history,tiiuae_falcon_40b,0.6751054852320675,0.22026746763927701,1.0042372881355965,0.5-0.7
high_school_world_history,tiiuae_falcon_40b,0.6666666666666666,0.22316384180791002,1.004237288135595,0.5-0.7
high_school_world_history,tiiuae_falcon_40b,0.6666666666666666,0.22316384180791,1.004237288135595,0.5-0.7
high_school_world_history,tiiuae_falcon_40b,0.679324894514768,0.21876564399628207,1.0042372881355972,0.5-0.7
high_school_world_history,tiiuae_falcon_40b,0.679324894514768,0.21876564399628207,1.0042372881355972,0.5-0.7
high_school_world_history,tiiuae_falcon_40b,0.6371308016877637,0.2321747836658792,1.0042372881355897,0.5-0.7
high_school_world_history,tiiuae_falcon_40b,0.6540084388185654,0.22724022026746674,1.0042372881355892,0.5-0.7
high_school_world_history,tiiuae_falcon_40b,0.6582278481012658,0.22591718515340034,1.0042372881355923,0.5-0.7
high_school_world_history,tiiuae_falcon_40b,0.6835443037974683,0.21722806264749991,1.0042372881355903,0.5-0.7
high_school_world_history,tiiuae_falcon_40b,0.6708860759493671,0.22173353357648595,1.0042372881355943,0.5-0.7
high_school_world_history,tiiuae_falcon_40b,0.6582278481012658,0.22591718515340034,1.0042372881355923,0.5-0.7
high_school_world_history,tiiuae_falcon_40b,0.7046413502109705,0.2090037903168143,1.0042372881355983,0.7-0.9
high_school_world_history,tiiuae_falcon_40b,0.6751054852320675,0.22026746763927707,1.004237288135597,0.5-0.7
high_school_world_history,tiiuae_falcon_40b,0.6919831223628692,0.21404562683258205,1.0042372881355914,0.5-0.7
high_school_world_history,tiiuae_falcon_40b,0.6835443037974683,0.21722806264749994,1.0042372881355903,0.5-0.7
high_school_world_history,tiiuae_falcon_40b,0.6919831223628692,0.21404562683258202,1.0042372881355914,0.5-0.7
high_school_world_history,tiiuae_falcon_40b,0.6413502109704642,0.23099477937495588,1.0042372881355959,0.5-0.7
high_school_world_history,tiiuae_falcon_40b,0.679324894514768,0.2187656439962822,1.0042372881355979,0.5-0.7
high_school_world_history,tiiuae_falcon_40b,0.679324894514768,0.2187656439962822,1.0042372881355979,0.5-0.7
high_school_world_history,tiiuae_falcon_40b,0.6455696202531646,0.22977901737824424,1.0042372881355899,0.5-0.7
high_school_world_history,tiiuae_falcon_40b,0.6919831223628692,0.21404562683258202,1.0042372881355914,0.5-0.7
high_school_world_history,tiiuae_falcon_40b,0.6751054852320675,0.22026746763927704,1.0042372881355968,0.5-0.7
high_school_world_history,tiiuae_falcon_40b,0.6877637130801688,0.21565472359293344,1.0042372881355894,0.5-0.7
high_school_world_history,tiiuae_falcon_40b,0.6751054852320675,0.22026746763927707,1.004237288135597,0.5-0.7
high_school_world_history,tiiuae_falcon_40b,0.6877637130801688,0.21565472359293353,1.0042372881355897,0.5-0.7
high_school_world_history,tiiuae_falcon_40b,0.6877637130801688,0.21565472359293347,1.0042372881355894,0.5-0.7
high_school_world_history,tiiuae_falcon_40b,0.7088607594936709,0.20725166273331969,1.0042372881355963,0.7-0.9
high_school_world_history,tiiuae_falcon_40b,0.6877637130801688,0.2156547235929337,1.0042372881355905,0.5-0.7
high_school_world_history,tiiuae_falcon_40b,0.6666666666666666,0.22316384180791005,1.0042372881355952,0.5-0.7
high_school_world_history,tiiuae_falcon_40b,0.6624472573839663,0.22455839233354682,1.0042372881355885,0.5-0.7
high_school_world_history,tiiuae_falcon_40b,0.6624472573839663,0.22455839233354682,1.0042372881355885,0.5-0.7
high_school_world_history,tiiuae_falcon_40b,0.679324894514768,0.21876564399628207,1.0042372881355972,0.5-0.7
high_school_world_history,tiiuae_falcon_40b,0.6624472573839663,0.22455839233354682,1.0042372881355885,0.5-0.7
high_school_world_history,tiiuae_falcon_40b,0.679324894514768,0.21876564399628207,1.0042372881355972,0.5-0.7
high_school_world_history,tiiuae_falcon_40b,0.6877637130801688,0.21565472359293344,1.0042372881355894,0.5-0.7
high_school_world_history,tiiuae_falcon_40b,0.6666666666666666,0.22316384180791002,1.004237288135595,0.5-0.7
high_school_world_history,tiiuae_falcon_40b,0.6751054852320675,0.22026746763927707,1.004237288135597,0.5-0.7
high_school_world_history,tiiuae_falcon_40b,0.6751054852320675,0.22026746763927707,1.004237288135597,0.5-0.7
high_school_world_history,tiiuae_falcon_40b,0.6962025316455697,0.2124007723664451,1.0042372881355939,0.5-0.7
high_school_world_history,tiiuae_falcon_40b,0.6835443037974683,0.21722806264749986,1.00423728813559,0.5-0.7
high_school_world_history,tiiuae_falcon_40b,0.6962025316455697,0.21240077236644528,1.0042372881355948,0.5-0.7
high_school_world_history,tiiuae_falcon_40b,0.6962025316455697,0.21240077236644528,1.0042372881355948,0.5-0.7
high_school_world_history,tiiuae_falcon_40b,0.6835443037974683,0.21722806264749991,1.0042372881355903,0.5-0.7
high_school_world_history,tiiuae_falcon_40b,0.6666666666666666,0.2231638418079101,1.0042372881355954,0.5-0.7
high_school_world_history,tiiuae_falcon_40b,0.679324894514768,0.21876564399628212,1.0042372881355974,0.5-0.7
high_school_world_history,tiiuae_falcon_40b,0.6919831223628692,0.214045626832582,1.0042372881355912,0.5-0.7
high_school_world_history,tiiuae_falcon_40b,0.6751054852320675,0.22026746763927701,1.0042372881355965,0.5-0.7
high_school_world_history,tiiuae_falcon_40b,0.7172995780590717,0.20364013444897308,1.0042372881355899,0.7-0.9
high_school_world_history,tiiuae_falcon_40b,0.7215189873417721,0.2017807337481227,1.004237288135593,0.7-0.9
high_school_world_history,tiiuae_falcon_40b,0.6919831223628692,0.21404562683258202,1.0042372881355914,0.5-0.7
high_school_world_history,tiiuae_falcon_40b,0.6877637130801688,0.21565472359293353,1.0042372881355897,0.5-0.7
high_school_world_history,tiiuae_falcon_40b,0.6919831223628692,0.21404562683258196,1.004237288135591,0.5-0.7
high_school_world_history,tiiuae_falcon_40b,0.6835443037974683,0.21722806264749986,1.00423728813559,0.5-0.7
high_school_world_history,tiiuae_falcon_40b,0.6708860759493671,0.22173353357648595,1.0042372881355943,0.5-0.7
high_school_world_history,tiiuae_falcon_40b,0.6962025316455697,0.21240077236644525,1.0042372881355945,0.5-0.7
high_school_world_history,tiiuae_falcon_40b,0.6835443037974683,0.21722806264749986,1.00423728813559,0.5-0.7
high_school_world_history,tiiuae_falcon_40b,0.6835443037974683,0.21722806264749986,1.00423728813559,0.5-0.7
high_school_world_history,tiiuae_falcon_40b,0.679324894514768,0.21876564399628218,1.0042372881355976,0.5-0.7
high_school_world_history,tiiuae_falcon_40b,0.6835443037974683,0.21722806264749986,1.00423728813559,0.5-0.7
high_school_world_history,tiiuae_falcon_40b,0.6329113924050633,0.23331903025102038,1.0042372881355988,0.5-0.7
high_school_world_history,tiiuae_falcon_40b,0.6455696202531646,0.22977901737824424,1.0042372881355899,0.5-0.7
high_school_world_history,tiiuae_falcon_40b,0.6455696202531646,0.2297790173782442,1.0042372881355897,0.5-0.7
high_school_world_history,tiiuae_falcon_40b,0.6455696202531646,0.2297790173782442,1.0042372881355897,0.5-0.7
high_school_world_history,tiiuae_falcon_40b,0.6582278481012658,0.22591718515340034,1.0042372881355923,0.5-0.7
high_school_world_history,tiiuae_falcon_40b,0.6413502109704642,0.23099477937495588,1.0042372881355959,0.5-0.7
high_school_world_history,tiiuae_falcon_40b,0.6329113924050633,0.23331903025102038,1.0042372881355988,0.5-0.7
high_school_world_history,tiiuae_falcon_40b,0.6497890295358649,0.22852749767574876,1.0042372881355914,0.5-0.7
high_school_world_history,tiiuae_falcon_40b,0.6413502109704642,0.2309947793749559,1.0042372881355959,0.5-0.7
high_school_world_history,tiiuae_falcon_40b,0.6624472573839663,0.22455839233354674,1.004237288135588,0.5-0.7
high_school_world_history,tiiuae_falcon_40b,0.6624472573839663,0.22455839233354682,1.0042372881355885,0.5-0.7
high_school_world_history,tiiuae_falcon_40b,0.6455696202531646,0.2297790173782443,1.00423728813559,0.5-0.7
high_school_world_history,tiiuae_falcon_40b,0.679324894514768,0.21876564399628212,1.0042372881355974,0.5-0.7
high_school_world_history,tiiuae_falcon_40b,0.6835443037974683,0.21722806264749991,1.0042372881355903,0.5-0.7
high_school_world_history,tiiuae_falcon_40b,0.6624472573839663,0.2245583923335467,1.004237288135588,0.5-0.7
high_school_world_history,tiiuae_falcon_40b,0.6708860759493671,0.22173353357648592,1.004237288135594,0.5-0.7
high_school_world_history,tiiuae_falcon_40b,0.6666666666666666,0.22316384180790996,1.0042372881355948,0.5-0.7
high_school_world_history,tiiuae_falcon_40b,0.6455696202531646,0.22977901737824424,1.0042372881355899,0.5-0.7
high_school_world_history,tiiuae_falcon_40b,0.679324894514768,0.21876564399628212,1.0042372881355974,0.5-0.7
high_school_world_history,tiiuae_falcon_40b,0.679324894514768,0.21876564399628212,1.0042372881355974,0.5-0.7
moral_scenarios,codellama_codellama_34b_instruct,0.33631284916201115,0.22345618836939168,1.0011185682326698,0.3-0.5
moral_scenarios,codellama_codellama_34b_instruct,0.29608938547486036,0.20865359379101053,1.0011185682326695,0.1-0.3
moral_scenarios,codellama_codellama_34b_instruct,0.32625698324022345,0.22005924037343677,1.0011185682326507,0.3-0.5
moral_scenarios,codellama_codellama_34b_instruct,0.32849162011173183,0.22083161486258732,1.0011185682326735,0.3-0.5
moral_scenarios,codellama_codellama_34b_instruct,0.3128491620111732,0.2152150275580237,1.0011185682326709,0.3-0.5
moral_scenarios,codellama_codellama_34b_instruct,0.3329608938547486,0.22234636871508165,1.0011185682326524,0.3-0.5
moral_scenarios,codellama_codellama_34b_instruct,0.3463687150837989,0.22665066926624122,1.0011185682326487,0.3-0.5
moral_scenarios,codellama_codellama_34b_instruct,0.35977653631284917,0.23059502830790263,1.0011185682326735,0.3-0.5
moral_scenarios,codellama_codellama_34b_instruct,0.3139664804469274,0.2156324597252938,1.0011185682326582,0.3-0.5
moral_scenarios,codellama_codellama_34b_instruct,0.29720670391061454,0.2091085198655176,1.0011185682326418,0.1-0.3
moral_scenarios,codellama_codellama_34b_instruct,0.3396648044692737,0.22454351167935066,1.0011185682326558,0.3-0.5
moral_scenarios,codellama_codellama_34b_instruct,0.3240223463687151,0.21927686750903067,1.0011185682326662,0.3-0.5
moral_scenarios,codellama_codellama_34b_instruct,0.34301675977653634,0.2256083386449717,1.0011185682326689,0.3-0.5
moral_scenarios,codellama_codellama_34b_instruct,0.33631284916201115,0.22345618836939163,1.0011185682326695,0.3-0.5
moral_scenarios,codellama_codellama_34b_instruct,0.3195530726256983,0.2176821266544213,1.0011185682326744,0.3-0.5
moral_scenarios,codellama_codellama_34b_instruct,0.31620111731843575,0.216459825278392,1.001118568232661,0.3-0.5
moral_scenarios,codellama_codellama_34b_instruct,0.3329608938547486,0.22234636871508184,1.0011185682326533,0.3-0.5
moral_scenarios,codellama_codellama_34b_instruct,0.32737430167597764,0.22044667741491972,1.0011185682326604,0.3-0.5
moral_scenarios,codellama_codellama_34b_instruct,0.3206703910614525,0.21808456125879788,1.0011185682326735,0.3-0.5
moral_scenarios,codellama_codellama_34b_instruct,0.3396648044692737,0.22454351167935066,1.0011185682326558,0.3-0.5
moral_scenarios,codellama_codellama_34b_instruct,0.33743016759776534,0.2238211290665254,1.0011185682326564,0.3-0.5
moral_scenarios,codellama_codellama_34b_instruct,0.3139664804469274,0.2156324597252938,1.0011185682326582,0.3-0.5
moral_scenarios,codellama_codellama_34b_instruct,0.30837988826815643,0.21352030295077168,1.0011185682326678,0.3-0.5
moral_scenarios,codellama_codellama_34b_instruct,0.3340782122905028,0.22271880819366816,1.0011185682326607,0.3-0.5
moral_scenarios,codellama_codellama_34b_instruct,0.32625698324022345,0.22005924037343674,1.0011185682326504,0.3-0.5
moral_scenarios,codellama_codellama_34b_instruct,0.32513966480446926,0.21966930373814247,1.001118568232662,0.3-0.5
moral_scenarios,codellama_codellama_34b_instruct,0.3128491620111732,0.21521502755802363,1.0011185682326706,0.3-0.5
moral_scenarios,codellama_codellama_34b_instruct,0.29608938547486036,0.2086535937910102,1.001118568232668,0.1-0.3
moral_scenarios,codellama_codellama_34b_instruct,0.30502793296089387,0.21222301376026498,1.0011185682326669,0.3-0.5
moral_scenarios,codellama_codellama_34b_instruct,0.32513966480446926,0.21966930373814259,1.0011185682326624,0.3-0.5
moral_scenarios,codellama_codellama_34b_instruct,0.31843575418994413,0.21727719245622565,1.001118568232661,0.3-0.5
moral_scenarios,codellama_codellama_34b_instruct,0.32625698324022345,0.22005924037343666,1.0011185682326502,0.3-0.5
moral_scenarios,codellama_codellama_34b_instruct,0.3452513966480447,0.22630572531963647,1.0011185682326662,0.3-0.5
moral_scenarios,codellama_codellama_34b_instruct,0.29497206703910617,0.2081961681226794,1.0011185682326589,0.1-0.3
moral_scenarios,codellama_codellama_34b_instruct,0.32625698324022345,0.2200592403734367,1.0011185682326502,0.3-0.5
moral_scenarios,codellama_codellama_34b_instruct,0.36089385474860336,0.23090747753490182,1.0011185682326675,0.3-0.5
moral_scenarios,codellama_codellama_34b_instruct,0.34972067039106147,0.22767050354317064,1.0011185682326464,0.3-0.5
moral_scenarios,codellama_codellama_34b_instruct,0.35083798882681566,0.22800544911452064,1.0011185682326698,0.3-0.5
moral_scenarios,codellama_codellama_34b_instruct,0.3106145251396648,0.214372664442028,1.0011185682326613,0.3-0.5
moral_scenarios,codellama_codellama_34b_instruct,0.311731843575419,0.21479509579693262,1.0011185682326607,0.3-0.5
moral_scenarios,codellama_codellama_34b_instruct,0.32737430167597764,0.22044667741491972,1.0011185682326604,0.3-0.5
moral_scenarios,codellama_codellama_34b_instruct,0.3229050279329609,0.2188819316860989,1.0011185682326524,0.3-0.5
moral_scenarios,codellama_codellama_34b_instruct,0.311731843575419,0.21479509579693262,1.0011185682326607,0.3-0.5
moral_scenarios,codellama_codellama_34b_instruct,0.33743016759776534,0.22382112906652546,1.0011185682326569,0.3-0.5
moral_scenarios,codellama_codellama_34b_instruct,0.3396648044692737,0.22454351167935085,1.0011185682326567,0.3-0.5
moral_scenarios,codellama_codellama_34b_instruct,0.3553072625698324,0.22932023546173685,1.0011185682326593,0.3-0.5
moral_scenarios,codellama_codellama_34b_instruct,0.3128491620111732,0.21521502755802377,1.0011185682326713,0.3-0.5
moral_scenarios,codellama_codellama_34b_instruct,0.34413407821229053,0.22595828177921093,1.0011185682326624,0.3-0.5
moral_scenarios,codellama_codellama_34b_instruct,0.32849162011173183,0.22083161486258732,1.0011185682326735,0.3-0.5
moral_scenarios,codellama_codellama_34b_instruct,0.35307262569832404,0.22866784147576077,1.0011185682326649,0.3-0.5
moral_scenarios,codellama_codellama_34b_instruct,0.3340782122905028,0.2227188081936681,1.0011185682326604,0.3-0.5
moral_scenarios,codellama_codellama_34b_instruct,0.33519553072625696,0.2230887480784383,1.0011185682326669,0.3-0.5
moral_scenarios,codellama_codellama_34b_instruct,0.3240223463687151,0.21927686750903053,1.0011185682326655,0.3-0.5
moral_scenarios,codellama_codellama_34b_instruct,0.3229050279329609,0.21888193168609896,1.0011185682326527,0.3-0.5
moral_scenarios,codellama_codellama_34b_instruct,0.35083798882681566,0.22800544911452067,1.00111856823267,0.3-0.5
moral_scenarios,codellama_codellama_34b_instruct,0.35083798882681566,0.22800544911452053,1.0011185682326693,0.3-0.5
moral_scenarios,codellama_codellama_34b_instruct,0.29608938547486036,0.20865359379101042,1.001118568232669,0.1-0.3
moral_scenarios,codellama_codellama_34b_instruct,0.29497206703910617,0.20819616812267944,1.001118568232659,0.1-0.3
moral_scenarios,codellama_codellama_34b_instruct,0.29497206703910617,0.20819616812267944,1.001118568232659,0.1-0.3
moral_scenarios,codellama_codellama_34b_instruct,0.311731843575419,0.21479509579693265,1.0011185682326607,0.3-0.5
moral_scenarios,codellama_codellama_34b_instruct,0.34301675977653634,0.22560833864497165,1.0011185682326686,0.3-0.5
moral_scenarios,codellama_codellama_34b_instruct,0.3407821229050279,0.22490095359503876,1.001118568232653,0.3-0.5
moral_scenarios,codellama_codellama_34b_instruct,0.3396648044692737,0.22454351167935088,1.0011185682326569,0.3-0.5
moral_scenarios,codellama_codellama_34b_instruct,0.33519553072625696,0.2230887480784383,1.0011185682326669,0.3-0.5
moral_scenarios,codellama_codellama_34b_instruct,0.3396648044692737,0.22454351167935063,1.0011185682326558,0.3-0.5
moral_scenarios,codellama_codellama_34b_instruct,0.3396648044692737,0.22454351167935072,1.001118568232656,0.3-0.5
moral_scenarios,codellama_codellama_34b_instruct,0.31731843575418994,0.21686975866421895,1.0011185682326709,0.3-0.5
moral_scenarios,codellama_codellama_34b_instruct,0.3229050279329609,0.2188819316860989,1.0011185682326524,0.3-0.5
moral_scenarios,codellama_codellama_34b_instruct,0.32737430167597764,0.22044667741491972,1.0011185682326604,0.3-0.5
moral_scenarios,codellama_codellama_34b_instruct,0.3340782122905028,0.22271880819366824,1.001118568232661,0.3-0.5
moral_scenarios,codellama_codellama_34b_instruct,0.3318435754189944,0.22197142964268282,1.001118568232661,0.3-0.5
moral_scenarios,codellama_codellama_34b_instruct,0.33631284916201115,0.22345618836939163,1.0011185682326695,0.3-0.5
moral_scenarios,codellama_codellama_34b_instruct,0.30726256983240224,0.21309037281441923,1.0011185682326695,0.3-0.5
moral_scenarios,codellama_codellama_34b_instruct,0.3229050279329609,0.2188819316860989,1.0011185682326524,0.3-0.5
moral_scenarios,codellama_codellama_34b_instruct,0.3016759776536313,0.2109032282254152,1.0011185682326709,0.3-0.5
moral_scenarios,codellama_codellama_34b_instruct,0.32625698324022345,0.22005924037343666,1.0011185682326502,0.3-0.5
moral_scenarios,codellama_codellama_34b_instruct,0.3106145251396648,0.214372664442028,1.0011185682326613,0.3-0.5
moral_scenarios,codellama_codellama_34b_instruct,0.3106145251396648,0.214372664442028,1.0011185682326613,0.3-0.5
moral_scenarios,codellama_codellama_34b_instruct,0.36201117318435755,0.23121742716808874,1.0011185682326778,0.3-0.5
moral_scenarios,codellama_codellama_34b_instruct,0.28938547486033517,0.20587154587379597,1.0011185682326644,0.1-0.3
moral_scenarios,codellama_codellama_34b_instruct,0.3240223463687151,0.21927686750903083,1.001118568232667,0.3-0.5
moral_scenarios,codellama_codellama_34b_instruct,0.3664804469273743,0.2324322297626625,1.0011185682326578,0.3-0.5
moral_scenarios,codellama_codellama_34b_instruct,0.32849162011173183,0.22083161486258734,1.0011185682326735,0.3-0.5
moral_scenarios,codellama_codellama_34b_instruct,0.35195530726256985,0.2283378950920447,1.0011185682326498,0.3-0.5
moral_scenarios,codellama_codellama_34b_instruct,0.33631284916201115,0.22345618836939168,1.0011185682326698,0.3-0.5
moral_scenarios,codellama_codellama_34b_instruct,0.3206703910614525,0.21808456125879788,1.0011185682326735,0.3-0.5
moral_scenarios,codellama_codellama_34b_instruct,0.3240223463687151,0.21927686750903072,1.0011185682326664,0.3-0.5
moral_scenarios,codellama_codellama_34b_instruct,0.33743016759776534,0.2238211290665254,1.0011185682326564,0.3-0.5
moral_scenarios,codellama_codellama_34b_instruct,0.36312849162011174,0.23152487720745643,1.0011185682326735,0.3-0.5
moral_scenarios,codellama_codellama_34b_instruct,0.3407821229050279,0.22490095359503876,1.001118568232653,0.3-0.5
moral_scenarios,codellama_codellama_34b_instruct,0.34301675977653634,0.22560833864497132,1.0011185682326673,0.3-0.5
moral_scenarios,codellama_codellama_34b_instruct,0.3106145251396648,0.21437266444202793,1.001118568232661,0.3-0.5
moral_scenarios,codellama_codellama_34b_instruct,0.3329608938547486,0.2223463687150818,1.001118568232653,0.3-0.5
moral_scenarios,codellama_codellama_34b_instruct,0.36201117318435755,0.2312174271680887,1.0011185682326775,0.3-0.5
moral_scenarios,codellama_codellama_34b_instruct,0.3463687150837989,0.2266506692662413,1.001118568232649,0.3-0.5
moral_scenarios,codellama_codellama_34b_instruct,0.3418994413407821,0.22525589591691417,1.001118568232665,0.3-0.5
moral_scenarios,codellama_codellama_34b_instruct,0.30837988826815643,0.21352030295077193,1.0011185682326689,0.3-0.5
moral_scenarios,codellama_codellama_34b_instruct,0.3486033519553073,0.22733305837801054,1.0011185682326489,0.3-0.5
moral_scenarios,codellama_codellama_34b_instruct,0.33743016759776534,0.22382112906652543,1.0011185682326567,0.3-0.5
moral_scenarios,codellama_codellama_34b_instruct,0.33743016759776534,0.22382112906652543,1.0011185682326567,0.3-0.5
moral_scenarios,google_flan_t5_xl,0.24022346368715083,0.1827203079499578,1.0011185682326604,0.1-0.3
moral_scenarios,google_flan_t5_xl,0.23128491620111732,0.17799107645007553,1.0011185682326547,0.1-0.3
moral_scenarios,google_flan_t5_xl,0.24022346368715083,0.18272030794995778,1.0011185682326602,0.1-0.3
moral_scenarios,google_flan_t5_xl,0.23910614525139665,0.18213790259083165,1.0011185682326769,0.1-0.3
moral_scenarios,google_flan_t5_xl,0.22681564245810057,0.17556647044855359,1.0011185682326706,0.1-0.3
moral_scenarios,google_flan_t5_xl,0.23798882681564246,0.18155299763788338,1.0011185682326598,0.1-0.3
moral_scenarios,google_flan_t5_xl,0.23687150837988827,0.18096559309112065,1.0011185682326509,0.1-0.3
moral_scenarios,google_flan_t5_xl,0.23910614525139665,0.18213790259083165,1.0011185682326769,0.1-0.3
moral_scenarios,google_flan_t5_xl,0.22346368715083798,0.17372177021233745,1.0011185682326447,0.1-0.3
moral_scenarios,google_flan_t5_xl,0.24134078212290502,0.1833002137152689,1.001118568232649,0.1-0.3
moral_scenarios,google_flan_t5_xl,0.24022346368715083,0.1827203079499578,1.0011185682326604,0.1-0.3
moral_scenarios,google_flan_t5_xl,0.22681564245810057,0.17556647044855359,1.0011185682326706,0.1-0.3
moral_scenarios,google_flan_t5_xl,0.24022346368715083,0.1827203079499578,1.0011185682326604,0.1-0.3
moral_scenarios,google_flan_t5_xl,0.23687150837988827,0.18096559309112065,1.0011185682326509,0.1-0.3
moral_scenarios,google_flan_t5_xl,0.2435754189944134,0.18445252646444774,1.0011185682326524,0.1-0.3
moral_scenarios,google_flan_t5_xl,0.23910614525139665,0.18213790259083165,1.0011185682326769,0.1-0.3
moral_scenarios,google_flan_t5_xl,0.23687150837988827,0.18096559309112065,1.0011185682326509,0.1-0.3
moral_scenarios,google_flan_t5_xl,0.2245810055865922,0.17433916988489417,1.0011185682326649,0.1-0.3
moral_scenarios,google_flan_t5_xl,0.24022346368715083,0.1827203079499578,1.0011185682326604,0.1-0.3
moral_scenarios,google_flan_t5_xl,0.24022346368715083,0.18272030794995778,1.0011185682326602,0.1-0.3
moral_scenarios,google_flan_t5_xl,0.22569832402234638,0.17495406996362917,1.0011185682326522,0.1-0.3
moral_scenarios,google_flan_t5_xl,0.2424581005586592,0.18387761988676687,1.001118568232654,0.1-0.3
moral_scenarios,google_flan_t5_xl,0.2446927374301676,0.18502493344831525,1.0011185682326655,0.1-0.3
moral_scenarios,google_flan_t5_xl,0.23575418994413408,0.1803756889505463,1.0011185682326664,0.1-0.3
moral_scenarios,google_flan_t5_xl,0.23575418994413408,0.1803756889505463,1.0011185682326664,0.1-0.3
moral_scenarios,google_flan_t5_xl,0.23687150837988827,0.18096559309112062,1.0011185682326507,0.1-0.3
moral_scenarios,google_flan_t5_xl,0.24022346368715083,0.1827203079499578,1.0011185682326604,0.1-0.3
moral_scenarios,google_flan_t5_xl,0.24022346368715083,0.1827203079499578,1.0011185682326604,0.1-0.3
moral_scenarios,google_flan_t5_xl,0.22905027932960895,0.1767837726369475,1.001118568232668,0.1-0.3
moral_scenarios,google_flan_t5_xl,0.23910614525139665,0.1821379025908316,1.0011185682326766,0.1-0.3
moral_scenarios,google_flan_t5_xl,0.24022346368715083,0.1827203079499578,1.0011185682326604,0.1-0.3
moral_scenarios,google_flan_t5_xl,0.23910614525139665,0.1821379025908316,1.0011185682326766,0.1-0.3
moral_scenarios,google_flan_t5_xl,0.2424581005586592,0.18387761988676687,1.001118568232654,0.1-0.3
moral_scenarios,google_flan_t5_xl,0.2424581005586592,0.18387761988676687,1.001118568232654,0.1-0.3
moral_scenarios,google_flan_t5_xl,0.24022346368715083,0.1827203079499578,1.0011185682326604,0.1-0.3
moral_scenarios,google_flan_t5_xl,0.22569832402234638,0.1749540699636292,1.0011185682326522,0.1-0.3
moral_scenarios,google_flan_t5_xl,0.2245810055865922,0.17433916988489417,1.0011185682326649,0.1-0.3
moral_scenarios,google_flan_t5_xl,0.24022346368715083,0.1827203079499578,1.0011185682326604,0.1-0.3
moral_scenarios,google_flan_t5_xl,0.24022346368715083,0.1827203079499578,1.0011185682326604,0.1-0.3
moral_scenarios,google_flan_t5_xl,0.24022346368715083,0.1827203079499578,1.0011185682326604,0.1-0.3
moral_scenarios,google_flan_t5_xl,0.2435754189944134,0.18445252646444774,1.0011185682326524,0.1-0.3
moral_scenarios,google_flan_t5_xl,0.23798882681564246,0.1815529976378835,1.0011185682326602,0.1-0.3
moral_scenarios,google_flan_t5_xl,0.24134078212290502,0.1833002137152689,1.001118568232649,0.1-0.3
moral_scenarios,google_flan_t5_xl,0.23910614525139665,0.1821379025908316,1.0011185682326766,0.1-0.3
moral_scenarios,google_flan_t5_xl,0.24022346368715083,0.18272030794995778,1.0011185682326602,0.1-0.3
moral_scenarios,google_flan_t5_xl,0.24022346368715083,0.18272030794995778,1.0011185682326602,0.1-0.3
moral_scenarios,google_flan_t5_xl,0.2435754189944134,0.18445252646444774,1.0011185682326524,0.1-0.3
moral_scenarios,google_flan_t5_xl,0.24022346368715083,0.18272030794995778,1.0011185682326602,0.1-0.3
moral_scenarios,google_flan_t5_xl,0.24134078212290502,0.18330021371526886,1.0011185682326489,0.1-0.3
moral_scenarios,google_flan_t5_xl,0.24022346368715083,0.18272030794995778,1.0011185682326602,0.1-0.3
moral_scenarios,google_flan_t5_xl,0.23687150837988827,0.18096559309112067,1.0011185682326509,0.1-0.3
moral_scenarios,google_flan_t5_xl,0.23575418994413408,0.1803756889505463,1.0011185682326664,0.1-0.3
moral_scenarios,google_flan_t5_xl,0.23575418994413408,0.1803756889505463,1.0011185682326664,0.1-0.3
moral_scenarios,google_flan_t5_xl,0.23575418994413408,0.1803756889505463,1.0011185682326664,0.1-0.3
moral_scenarios,google_flan_t5_xl,0.2446927374301676,0.18502493344831525,1.0011185682326655,0.1-0.3
moral_scenarios,google_flan_t5_xl,0.2446927374301676,0.18502493344831525,1.0011185682326655,0.1-0.3
moral_scenarios,google_flan_t5_xl,0.2435754189944134,0.18445252646444774,1.0011185682326524,0.1-0.3
moral_scenarios,google_flan_t5_xl,0.2446927374301676,0.18502493344831525,1.0011185682326655,0.1-0.3
moral_scenarios,google_flan_t5_xl,0.2446927374301676,0.18502493344831525,1.0011185682326655,0.1-0.3
moral_scenarios,google_flan_t5_xl,0.24022346368715083,0.18272030794995778,1.0011185682326602,0.1-0.3
moral_scenarios,google_flan_t5_xl,0.23575418994413408,0.1803756889505463,1.0011185682326664,0.1-0.3
moral_scenarios,google_flan_t5_xl,0.23575418994413408,0.1803756889505463,1.0011185682326664,0.1-0.3
moral_scenarios,google_flan_t5_xl,0.2346368715083799,0.17978328521615222,1.0011185682326613,0.1-0.3
moral_scenarios,google_flan_t5_xl,0.22681564245810057,0.17556647044855359,1.0011185682326706,0.1-0.3
moral_scenarios,google_flan_t5_xl,0.23687150837988827,0.18096559309112062,1.0011185682326507,0.1-0.3
moral_scenarios,google_flan_t5_xl,0.23687150837988827,0.18096559309112062,1.0011185682326507,0.1-0.3
moral_scenarios,google_flan_t5_xl,0.2346368715083799,0.17978328521615217,1.0011185682326609,0.1-0.3
moral_scenarios,google_flan_t5_xl,0.24022346368715083,0.18272030794995778,1.0011185682326602,0.1-0.3
moral_scenarios,google_flan_t5_xl,0.24022346368715083,0.18272030794995778,1.0011185682326602,0.1-0.3
moral_scenarios,google_flan_t5_xl,0.24134078212290502,0.1833002137152689,1.001118568232649,0.1-0.3
moral_scenarios,google_flan_t5_xl,0.2335195530726257,0.17918838188793923,1.00111856823264,0.1-0.3
moral_scenarios,google_flan_t5_xl,0.22681564245810057,0.1755664704485535,1.0011185682326702,0.1-0.3
moral_scenarios,google_flan_t5_xl,0.23687150837988827,0.18096559309112065,1.0011185682326509,0.1-0.3
moral_scenarios,google_flan_t5_xl,0.23910614525139665,0.18213790259083157,1.0011185682326764,0.1-0.3
moral_scenarios,google_flan_t5_xl,0.22569832402234638,0.17495406996362922,1.0011185682326524,0.1-0.3
moral_scenarios,google_flan_t5_xl,0.23798882681564246,0.1815529976378835,1.0011185682326602,0.1-0.3
moral_scenarios,google_flan_t5_xl,0.23575418994413408,0.1803756889505463,1.0011185682326664,0.1-0.3
moral_scenarios,google_flan_t5_xl,0.23687150837988827,0.18096559309112067,1.0011185682326509,0.1-0.3
moral_scenarios,google_flan_t5_xl,0.2335195530726257,0.17918838188793923,1.00111856823264,0.1-0.3
moral_scenarios,google_flan_t5_xl,0.22793296089385476,0.17617637133965822,1.0011185682326673,0.1-0.3
moral_scenarios,google_flan_t5_xl,0.2346368715083799,0.1797832852161522,1.001118568232661,0.1-0.3
moral_scenarios,google_flan_t5_xl,0.21899441340782122,0.17122717558396758,1.001118568232662,0.1-0.3
moral_scenarios,google_flan_t5_xl,0.23798882681564246,0.1815529976378835,1.0011185682326602,0.1-0.3
moral_scenarios,google_flan_t5_xl,0.22793296089385476,0.17617637133965822,1.0011185682326673,0.1-0.3
moral_scenarios,google_flan_t5_xl,0.22346368715083798,0.17372177021233745,1.0011185682326447,0.1-0.3
moral_scenarios,google_flan_t5_xl,0.2324022346368715,0.17859097896591802,1.001118568232662,0.1-0.3
moral_scenarios,google_flan_t5_xl,0.2346368715083799,0.17978328521615222,1.0011185682326613,0.1-0.3
moral_scenarios,google_flan_t5_xl,0.23687150837988827,0.18096559309112065,1.0011185682326509,0.1-0.3
moral_scenarios,google_flan_t5_xl,0.2245810055865922,0.17433916988489415,1.0011185682326647,0.1-0.3
moral_scenarios,google_flan_t5_xl,0.24134078212290502,0.18330021371526894,1.0011185682326493,0.1-0.3
moral_scenarios,google_flan_t5_xl,0.23016759776536314,0.1773886743404224,1.0011185682326775,0.1-0.3
moral_scenarios,google_flan_t5_xl,0.23128491620111732,0.17799107645007578,1.001118568232656,0.1-0.3
moral_scenarios,google_flan_t5_xl,0.22569832402234638,0.17495406996362914,1.001118568232652,0.1-0.3
moral_scenarios,google_flan_t5_xl,0.21564245810055865,0.16932998387761883,1.001118568232656,0.1-0.3
moral_scenarios,google_flan_t5_xl,0.21564245810055865,0.1693299838776188,1.0011185682326558,0.1-0.3
moral_scenarios,google_flan_t5_xl,0.2324022346368715,0.1785909789659177,1.0011185682326602,0.1-0.3
moral_scenarios,google_flan_t5_xl,0.22905027932960895,0.17678377263694708,1.0011185682326655,0.1-0.3
moral_scenarios,google_flan_t5_xl,0.2212290502793296,0.17247947208578646,1.0011185682326644,0.1-0.3
moral_scenarios,google_flan_t5_xl,0.22793296089385476,0.17617637133965822,1.0011185682326673,0.1-0.3
moral_scenarios,google_flan_t5_xl,0.22681564245810057,0.17556647044855345,1.0011185682326698,0.1-0.3
moral_scenarios,google_gemma_7b_it,0.2670391061452514,0.19594815842425295,1.0011185682326464,0.1-0.3
moral_scenarios,google_gemma_7b_it,0.27039106145251396,0.19750040618399314,1.0011185682326524,0.1-0.3
moral_scenarios,google_gemma_7b_it,0.27150837988826815,0.19801282291627795,1.0011185682326715,0.1-0.3
moral_scenarios,google_gemma_7b_it,0.2681564245810056,0.1964680739379833,1.001118568232653,0.1-0.3
moral_scenarios,google_gemma_7b_it,0.26256983240223464,0.19384350043118156,1.0011185682326706,0.1-0.3
moral_scenarios,google_gemma_7b_it,0.2547486033519553,0.19006411458138223,1.001118568232671,0.1-0.3
moral_scenarios,google_gemma_7b_it,0.264804469273743,0.19490082861535202,1.0011185682326724,0.1-0.3
moral_scenarios,google_gemma_7b_it,0.26145251396648045,0.19331108694837046,1.00111856823266,0.1-0.3
moral_scenarios,google_gemma_7b_it,0.26033519553072626,0.19277617387174312,1.001118568232648,0.1-0.3
moral_scenarios,google_gemma_7b_it,0.2782122905027933,0.20103483183982415,1.0011185682326529,0.1-0.3
moral_scenarios,google_gemma_7b_it,0.24134078212290502,0.18330021371526903,1.00111856823265,0.1-0.3
moral_scenarios,google_gemma_7b_it,0.24916201117318434,0.1872895654456178,1.0011185682326769,0.1-0.3
moral_scenarios,google_gemma_7b_it,0.24916201117318434,0.1872895654456178,1.0011185682326769,0.1-0.3
moral_scenarios,google_gemma_7b_it,0.24804469273743016,0.1867271568370147,1.001118568232666,0.1-0.3
moral_scenarios,google_gemma_7b_it,0.24692737430167597,0.18616224863459707,1.0011185682326633,0.1-0.3
moral_scenarios,google_gemma_7b_it,0.264804469273743,0.19490082861535202,1.0011185682326724,0.1-0.3
moral_scenarios,google_gemma_7b_it,0.2435754189944134,0.18445252646444774,1.0011185682326524,0.1-0.3
moral_scenarios,google_gemma_7b_it,0.24804469273743016,0.18672715683701469,1.001118568232666,0.1-0.3
moral_scenarios,google_gemma_7b_it,0.23575418994413408,0.1803756889505463,1.0011185682326664,0.1-0.3
moral_scenarios,google_gemma_7b_it,0.24581005586592178,0.1855948408383628,1.001118568232657,0.1-0.3
moral_scenarios,google_gemma_7b_it,0.264804469273743,0.19490082861535202,1.0011185682326724,0.1-0.3
moral_scenarios,google_gemma_7b_it,0.264804469273743,0.19490082861535202,1.0011185682326724,0.1-0.3
moral_scenarios,google_gemma_7b_it,0.2636871508379888,0.19437341432017546,1.0011185682326749,0.1-0.3
moral_scenarios,google_gemma_7b_it,0.26256983240223464,0.1938435004311813,1.0011185682326693,0.1-0.3
moral_scenarios,google_gemma_7b_it,0.26256983240223464,0.19384350043118148,1.0011185682326702,0.1-0.3
moral_scenarios,google_gemma_7b_it,0.26256983240223464,0.19384350043118148,1.0011185682326702,0.1-0.3
moral_scenarios,google_gemma_7b_it,0.2659217877094972,0.19542574331671234,1.0011185682326689,0.1-0.3
moral_scenarios,google_gemma_7b_it,0.264804469273743,0.19490082861535202,1.0011185682326724,0.1-0.3
moral_scenarios,google_gemma_7b_it,0.27262569832402234,0.19852274005474285,1.001118568232671,0.1-0.3
moral_scenarios,google_gemma_7b_it,0.2569832402234637,0.19115643707897348,1.001118568232656,0.1-0.3
moral_scenarios,google_gemma_7b_it,0.25921787709497207,0.19223876120130462,1.0011185682326613,0.1-0.3
moral_scenarios,google_gemma_7b_it,0.2670391061452514,0.19594815842425292,1.0011185682326462,0.1-0.3
moral_scenarios,google_gemma_7b_it,0.2636871508379888,0.19437341432017546,1.0011185682326749,0.1-0.3
moral_scenarios,google_gemma_7b_it,0.2659217877094972,0.19542574331671234,1.0011185682326689,0.1-0.3
moral_scenarios,google_gemma_7b_it,0.2670391061452514,0.19594815842425292,1.0011185682326462,0.1-0.3
moral_scenarios,google_gemma_7b_it,0.264804469273743,0.19490082861535202,1.0011185682326724,0.1-0.3
moral_scenarios,google_gemma_7b_it,0.26145251396648045,0.19331108694837038,1.0011185682326595,0.1-0.3
moral_scenarios,google_gemma_7b_it,0.2536312849162011,0.18951420394186236,1.0011185682326775,0.1-0.3
moral_scenarios,google_gemma_7b_it,0.26033519553072626,0.19277617387174303,1.0011185682326476,0.1-0.3
moral_scenarios,google_gemma_7b_it,0.26033519553072626,0.19277617387174303,1.0011185682326476,0.1-0.3
moral_scenarios,google_gemma_7b_it,0.24692737430167597,0.18616224863459696,1.0011185682326627,0.1-0.3
moral_scenarios,google_gemma_7b_it,0.26033519553072626,0.1927761738717431,1.001118568232648,0.1-0.3
moral_scenarios,google_gemma_7b_it,0.2581005586592179,0.19169884893704972,1.0011185682326726,0.1-0.3
moral_scenarios,google_gemma_7b_it,0.27039106145251396,0.19750040618399348,1.001118568232654,0.1-0.3
moral_scenarios,google_gemma_7b_it,0.25921787709497207,0.19223876120130493,1.0011185682326629,0.1-0.3
moral_scenarios,google_gemma_7b_it,0.25251396648044694,0.1889617937085223,1.001118568232662,0.1-0.3
moral_scenarios,google_gemma_7b_it,0.25921787709497207,0.19223876120130462,1.0011185682326613,0.1-0.3
moral_scenarios,google_gemma_7b_it,0.2659217877094972,0.1954257433167123,1.0011185682326689,0.1-0.3
moral_scenarios,google_gemma_7b_it,0.2636871508379888,0.19437341432017557,1.0011185682326755,0.1-0.3
moral_scenarios,google_gemma_7b_it,0.27150837988826815,0.1980128229162779,1.0011185682326713,0.1-0.3
moral_scenarios,google_gemma_7b_it,0.2659217877094972,0.1954257433167123,1.0011185682326689,0.1-0.3
moral_scenarios,google_gemma_7b_it,0.2659217877094972,0.1954257433167123,1.0011185682326689,0.1-0.3
moral_scenarios,google_gemma_7b_it,0.25027932960893856,0.18784947446040065,1.0011185682326644,0.1-0.3
moral_scenarios,google_gemma_7b_it,0.2670391061452514,0.19594815842425287,1.001118568232646,0.1-0.3
moral_scenarios,google_gemma_7b_it,0.2547486033519553,0.1900641145813823,1.0011185682326715,0.1-0.3
moral_scenarios,google_gemma_7b_it,0.25921787709497207,0.19223876120130484,1.0011185682326624,0.1-0.3
moral_scenarios,google_gemma_7b_it,0.25251396648044694,0.1889617937085225,1.0011185682326629,0.1-0.3
moral_scenarios,google_gemma_7b_it,0.2636871508379888,0.19437341432017555,1.0011185682326753,0.1-0.3
moral_scenarios,google_gemma_7b_it,0.2636871508379888,0.19437341432017555,1.0011185682326753,0.1-0.3
moral_scenarios,google_gemma_7b_it,0.2636871508379888,0.1943734143201756,1.0011185682326758,0.1-0.3
moral_scenarios,google_gemma_7b_it,0.2435754189944134,0.1844525264644477,1.0011185682326522,0.1-0.3
moral_scenarios,google_gemma_7b_it,0.26145251396648045,0.19331108694837032,1.0011185682326593,0.1-0.3
moral_scenarios,google_gemma_7b_it,0.26145251396648045,0.19331108694837032,1.0011185682326593,0.1-0.3
moral_scenarios,google_gemma_7b_it,0.264804469273743,0.19490082861535202,1.0011185682326724,0.1-0.3
moral_scenarios,google_gemma_7b_it,0.25251396648044694,0.18896179370852248,1.0011185682326629,0.1-0.3
moral_scenarios,google_gemma_7b_it,0.2581005586592179,0.19169884893704975,1.0011185682326729,0.1-0.3
moral_scenarios,google_gemma_7b_it,0.26145251396648045,0.19331108694837038,1.0011185682326595,0.1-0.3
moral_scenarios,google_gemma_7b_it,0.2770949720670391,0.20053741267044092,1.0011185682326615,0.1-0.3
moral_scenarios,google_gemma_7b_it,0.27150837988826815,0.19801282291627786,1.001118568232671,0.1-0.3
moral_scenarios,google_gemma_7b_it,0.2748603351955307,0.19953507555022543,1.001118568232674,0.1-0.3
moral_scenarios,google_gemma_7b_it,0.2558659217877095,0.1906115256270856,1.0011185682326622,0.1-0.3
moral_scenarios,google_gemma_7b_it,0.2659217877094972,0.19542574331671228,1.0011185682326686,0.1-0.3
moral_scenarios,google_gemma_7b_it,0.26256983240223464,0.19384350043118137,1.0011185682326698,0.1-0.3
moral_scenarios,google_gemma_7b_it,0.2670391061452514,0.19594815842425278,1.0011185682326456,0.1-0.3
moral_scenarios,google_gemma_7b_it,0.26927374301675977,0.19698548985789938,1.0011185682326686,0.1-0.3
moral_scenarios,google_gemma_7b_it,0.26145251396648045,0.19331108694837051,1.0011185682326602,0.1-0.3
moral_scenarios,google_gemma_7b_it,0.2636871508379888,0.1943734143201758,1.0011185682326766,0.1-0.3
moral_scenarios,google_gemma_7b_it,0.2636871508379888,0.1943734143201758,1.0011185682326766,0.1-0.3
moral_scenarios,google_gemma_7b_it,0.24804469273743016,0.18672715683701469,1.001118568232666,0.1-0.3
moral_scenarios,google_gemma_7b_it,0.2569832402234637,0.19115643707897356,1.0011185682326564,0.1-0.3
moral_scenarios,google_gemma_7b_it,0.2636871508379888,0.19437341432017557,1.0011185682326755,0.1-0.3
moral_scenarios,google_gemma_7b_it,0.2636871508379888,0.19437341432017555,1.0011185682326753,0.1-0.3
moral_scenarios,google_gemma_7b_it,0.2636871508379888,0.19437341432017557,1.0011185682326755,0.1-0.3
moral_scenarios,google_gemma_7b_it,0.264804469273743,0.19490082861535202,1.0011185682326724,0.1-0.3
moral_scenarios,google_gemma_7b_it,0.26256983240223464,0.1938435004311814,1.0011185682326698,0.1-0.3
moral_scenarios,google_gemma_7b_it,0.26256983240223464,0.19384350043118143,1.00111856823267,0.1-0.3
moral_scenarios,google_gemma_7b_it,0.2636871508379888,0.1943734143201757,1.0011185682326762,0.1-0.3
moral_scenarios,google_gemma_7b_it,0.26256983240223464,0.1938435004311814,1.0011185682326698,0.1-0.3
moral_scenarios,google_gemma_7b_it,0.27262569832402234,0.19852274005474313,1.0011185682326724,0.1-0.3
moral_scenarios,google_gemma_7b_it,0.24692737430167597,0.18616224863459693,1.0011185682326627,0.1-0.3
moral_scenarios,google_gemma_7b_it,0.2558659217877095,0.1906115256270856,1.0011185682326622,0.1-0.3
moral_scenarios,google_gemma_7b_it,0.26256983240223464,0.19384350043118126,1.001118568232669,0.1-0.3
moral_scenarios,google_gemma_7b_it,0.25251396648044694,0.18896179370852245,1.0011185682326627,0.1-0.3
moral_scenarios,google_gemma_7b_it,0.25921787709497207,0.19223876120130468,1.0011185682326615,0.1-0.3
moral_scenarios,google_gemma_7b_it,0.2748603351955307,0.19953507555022548,1.0011185682326742,0.1-0.3
moral_scenarios,google_gemma_7b_it,0.2547486033519553,0.19006411458138228,1.0011185682326713,0.1-0.3
moral_scenarios,google_gemma_7b_it,0.26256983240223464,0.1938435004311814,1.0011185682326698,0.1-0.3
moral_scenarios,google_gemma_7b_it,0.2636871508379888,0.19437341432017557,1.0011185682326755,0.1-0.3
moral_scenarios,google_gemma_7b_it,0.25027932960893856,0.18784947446040073,1.0011185682326649,0.1-0.3
moral_scenarios,google_gemma_7b_it,0.25027932960893856,0.18784947446040073,1.0011185682326649,0.1-0.3
moral_scenarios,meta_llama_llama_3_70b_instruct,0.7061452513966481,0.2077362428605379,1.0011185682326755,0.7-0.9
moral_scenarios,meta_llama_llama_3_70b_instruct,0.7430167597765364,0.19115643707897284,1.0011185682326527,0.7-0.9
moral_scenarios,meta_llama_llama_3_70b_instruct,0.735195530726257,0.19490082861535202,1.0011185682326724,0.7-0.9
moral_scenarios,meta_llama_llama_3_70b_instruct,0.7430167597765364,0.1911564370789729,1.001118568232653,0.7-0.9
moral_scenarios,meta_llama_llama_3_70b_instruct,0.7452513966480447,0.19006411458138234,1.0011185682326718,0.7-0.9
moral_scenarios,meta_llama_llama_3_70b_instruct,0.7184357541899441,0.2025120917850848,1.0011185682326615,0.7-0.9
moral_scenarios,meta_llama_llama_3_70b_instruct,0.7553072625698324,0.18502493344831555,1.001118568232667,0.7-0.9
moral_scenarios,meta_llama_llama_3_70b_instruct,0.7441340782122905,0.19061152562708478,1.001118568232658,0.7-0.9
moral_scenarios,meta_llama_llama_3_70b_instruct,0.7262569832402235,0.19903015759938975,1.0011185682326604,0.7-0.9
moral_scenarios,meta_llama_llama_3_70b_instruct,0.7486033519553073,0.1884068838813678,1.0011185682326544,0.7-0.9
moral_scenarios,meta_llama_llama_3_70b_instruct,0.7150837988826816,0.20396685538600012,1.001118568232664,0.7-0.9
moral_scenarios,meta_llama_llama_3_70b_instruct,0.7184357541899441,0.20251209178508484,1.0011185682326615,0.7-0.9
moral_scenarios,meta_llama_llama_3_70b_instruct,0.7240223463687151,0.2000374939072371,1.0011185682326473,0.7-0.9
moral_scenarios,meta_llama_llama_3_70b_instruct,0.7184357541899441,0.20251209178508484,1.0011185682326615,0.7-0.9
moral_scenarios,meta_llama_llama_3_70b_instruct,0.7061452513966481,0.20773624286053802,1.001118568232676,0.7-0.9
moral_scenarios,meta_llama_llama_3_70b_instruct,0.7195530726256983,0.2020221713971444,1.0011185682326447,0.7-0.9
moral_scenarios,meta_llama_llama_3_70b_instruct,0.7195530726256983,0.20202217139714448,1.001118568232645,0.7-0.9
moral_scenarios,meta_llama_llama_3_70b_instruct,0.7251396648044692,0.19953507555022523,1.0011185682326729,0.7-0.9
moral_scenarios,meta_llama_llama_3_70b_instruct,0.735195530726257,0.194900828615352,1.0011185682326724,0.7-0.9
moral_scenarios,meta_llama_llama_3_70b_instruct,0.6994413407821229,0.21045830052616482,1.0011185682326638,0.5-0.7
moral_scenarios,meta_llama_llama_3_70b_instruct,0.7016759776536313,0.20956094634621578,1.0011185682326482,0.7-0.9
moral_scenarios,meta_llama_llama_3_70b_instruct,0.6111731843575419,0.23790634021971305,1.0011185682326569,0.5-0.7
moral_scenarios,meta_llama_llama_3_70b_instruct,0.6368715083798883,0.23152487720745688,1.0011185682326755,0.5-0.7
moral_scenarios,meta_llama_llama_3_70b_instruct,0.6435754189944134,0.22964268306400468,1.0011185682326733,0.5-0.7
moral_scenarios,meta_llama_llama_3_70b_instruct,0.6715083798882682,0.22083161486258762,1.0011185682326749,0.5-0.7
moral_scenarios,meta_llama_llama_3_70b_instruct,0.6357541899441341,0.2318298276530098,1.001118568232677,0.5-0.7
moral_scenarios,meta_llama_llama_3_70b_instruct,0.7195530726256983,0.20202217139714437,1.0011185682326444,0.7-0.9
moral_scenarios,meta_llama_llama_3_70b_instruct,0.7363128491620111,0.19437341432017613,1.0011185682326784,0.7-0.9
moral_scenarios,meta_llama_llama_3_70b_instruct,0.6871508379888268,0.21521502755802413,1.0011185682326729,0.5-0.7
moral_scenarios,meta_llama_llama_3_70b_instruct,0.71731843575419,0.20299951257920748,1.0011185682326702,0.7-0.9
moral_scenarios,meta_llama_llama_3_70b_instruct,0.7184357541899441,0.20251209178508486,1.0011185682326618,0.7-0.9
moral_scenarios,meta_llama_llama_3_70b_instruct,0.7363128491620111,0.19437341432017613,1.0011185682326784,0.7-0.9
moral_scenarios,meta_llama_llama_3_70b_instruct,0.7441340782122905,0.19061152562708494,1.0011185682326587,0.7-0.9
moral_scenarios,meta_llama_llama_3_70b_instruct,0.7396648044692737,0.1927761738717431,1.001118568232648,0.7-0.9
moral_scenarios,meta_llama_llama_3_70b_instruct,0.7284916201117319,0.19801282291627786,1.001118568232671,0.7-0.9
moral_scenarios,meta_llama_llama_3_70b_instruct,0.7418994413407821,0.19169884893704972,1.0011185682326726,0.7-0.9
moral_scenarios,meta_llama_llama_3_70b_instruct,0.7631284916201118,0.1809655930911207,1.0011185682326513,0.7-0.9
moral_scenarios,meta_llama_llama_3_70b_instruct,0.7664804469273743,0.1791883818879393,1.0011185682326402,0.7-0.9
moral_scenarios,meta_llama_llama_3_70b_instruct,0.7374301675977654,0.1938435004311819,1.0011185682326724,0.7-0.9
moral_scenarios,meta_llama_llama_3_70b_instruct,0.7273743016759776,0.19852274005474355,1.0011185682326744,0.7-0.9
moral_scenarios,meta_llama_llama_3_70b_instruct,0.7329608938547486,0.1959481584242529,1.001118568232646,0.7-0.9
moral_scenarios,meta_llama_llama_3_70b_instruct,0.7553072625698324,0.18502493344831558,1.0011185682326673,0.7-0.9
moral_scenarios,meta_llama_llama_3_70b_instruct,0.7452513966480447,0.19006411458138223,1.0011185682326713,0.7-0.9
moral_scenarios,meta_llama_llama_3_70b_instruct,0.7340782122905027,0.1954257433167124,1.001118568232669,0.7-0.9
moral_scenarios,meta_llama_llama_3_70b_instruct,0.7418994413407821,0.19169884893704978,1.0011185682326729,0.7-0.9
moral_scenarios,meta_llama_llama_3_70b_instruct,0.7497206703910615,0.18784947446040073,1.0011185682326653,0.7-0.9
moral_scenarios,meta_llama_llama_3_70b_instruct,0.7284916201117319,0.19801282291627795,1.0011185682326715,0.7-0.9
moral_scenarios,meta_llama_llama_3_70b_instruct,0.729608938547486,0.19750040618399292,1.0011185682326509,0.7-0.9
moral_scenarios,meta_llama_llama_3_70b_instruct,0.7262569832402235,0.19903015759938975,1.0011185682326604,0.7-0.9
moral_scenarios,meta_llama_llama_3_70b_instruct,0.7273743016759776,0.1985227400547434,1.0011185682326735,0.7-0.9
moral_scenarios,meta_llama_llama_3_70b_instruct,0.7474860335195531,0.1889617937085219,1.0011185682326598,0.7-0.9
moral_scenarios,meta_llama_llama_3_70b_instruct,0.7452513966480447,0.1900641145813822,1.001118568232671,0.7-0.9
moral_scenarios,meta_llama_llama_3_70b_instruct,0.7284916201117319,0.1980128229162778,1.0011185682326709,0.7-0.9
moral_scenarios,meta_llama_llama_3_70b_instruct,0.7329608938547486,0.1959481584242529,1.001118568232646,0.7-0.9
moral_scenarios,meta_llama_llama_3_70b_instruct,0.7452513966480447,0.19006411458138223,1.0011185682326713,0.7-0.9
moral_scenarios,meta_llama_llama_3_70b_instruct,0.7474860335195531,0.18896179370852179,1.0011185682326593,0.7-0.9
moral_scenarios,meta_llama_llama_3_70b_instruct,0.7307262569832402,0.19698548985789993,1.0011185682326715,0.7-0.9
moral_scenarios,meta_llama_llama_3_70b_instruct,0.7430167597765364,0.1911564370789728,1.0011185682326527,0.7-0.9
moral_scenarios,meta_llama_llama_3_70b_instruct,0.7184357541899441,0.20251209178508475,1.0011185682326613,0.7-0.9
moral_scenarios,meta_llama_llama_3_70b_instruct,0.7251396648044692,0.19953507555022532,1.0011185682326733,0.7-0.9
moral_scenarios,meta_llama_llama_3_70b_instruct,0.7240223463687151,0.2000374939072371,1.0011185682326473,0.7-0.9
moral_scenarios,meta_llama_llama_3_70b_instruct,0.7508379888268156,0.1872895654456178,1.0011185682326766,0.7-0.9
moral_scenarios,meta_llama_llama_3_70b_instruct,0.7653631284916201,0.17978328521615175,1.0011185682326589,0.7-0.9
moral_scenarios,meta_llama_llama_3_70b_instruct,0.7564245810055866,0.18445252646444774,1.0011185682326527,0.7-0.9
moral_scenarios,meta_llama_llama_3_70b_instruct,0.7374301675977654,0.19384350043118206,1.0011185682326733,0.7-0.9
moral_scenarios,meta_llama_llama_3_70b_instruct,0.71731843575419,0.20299951257920765,1.0011185682326709,0.7-0.9
moral_scenarios,meta_llama_llama_3_70b_instruct,0.7564245810055866,0.18445252646444776,1.0011185682326527,0.7-0.9
moral_scenarios,meta_llama_llama_3_70b_instruct,0.7340782122905027,0.19542574331671242,1.0011185682326693,0.7-0.9
moral_scenarios,meta_llama_llama_3_70b_instruct,0.7620111731843575,0.18155299763788382,1.001118568232662,0.7-0.9
moral_scenarios,meta_llama_llama_3_70b_instruct,0.7653631284916201,0.17978328521615197,1.00111856823266,0.7-0.9
moral_scenarios,meta_llama_llama_3_70b_instruct,0.7474860335195531,0.18896179370852167,1.0011185682326587,0.7-0.9
moral_scenarios,meta_llama_llama_3_70b_instruct,0.7675977653631285,0.17859097896591825,1.0011185682326633,0.7-0.9
moral_scenarios,meta_llama_llama_3_70b_instruct,0.7508379888268156,0.18728956544561776,1.0011185682326764,0.7-0.9
moral_scenarios,meta_llama_llama_3_70b_instruct,0.7363128491620111,0.19437341432017602,1.0011185682326778,0.7-0.9
moral_scenarios,meta_llama_llama_3_70b_instruct,0.7318435754189944,0.19646807393798335,1.0011185682326533,0.7-0.9
moral_scenarios,meta_llama_llama_3_70b_instruct,0.6960893854748603,0.2117855848424644,1.0011185682326682,0.5-0.7
moral_scenarios,meta_llama_llama_3_70b_instruct,0.7262569832402235,0.19903015759938975,1.0011185682326604,0.7-0.9
moral_scenarios,meta_llama_llama_3_70b_instruct,0.7050279329608938,0.2081961681226784,1.0011185682326542,0.7-0.9
moral_scenarios,meta_llama_llama_3_70b_instruct,0.7016759776536313,0.20956094634621567,1.0011185682326476,0.7-0.9
moral_scenarios,meta_llama_llama_3_70b_instruct,0.6994413407821229,0.21045830052616482,1.0011185682326638,0.5-0.7
moral_scenarios,meta_llama_llama_3_70b_instruct,0.7106145251396648,0.2058715458737966,1.0011185682326675,0.7-0.9
moral_scenarios,meta_llama_llama_3_70b_instruct,0.7139664804469273,0.20444677739866984,1.001118568232648,0.7-0.9
moral_scenarios,meta_llama_llama_3_70b_instruct,0.735195530726257,0.19490082861535205,1.0011185682326726,0.7-0.9
moral_scenarios,meta_llama_llama_3_70b_instruct,0.7396648044692737,0.19277617387174317,1.0011185682326482,0.7-0.9
moral_scenarios,meta_llama_llama_3_70b_instruct,0.7463687150837989,0.18951420394186227,1.001118568232677,0.7-0.9
moral_scenarios,meta_llama_llama_3_70b_instruct,0.7217877094972067,0.20103483183982374,1.0011185682326509,0.7-0.9
moral_scenarios,meta_llama_llama_3_70b_instruct,0.7463687150837989,0.18951420394186233,1.0011185682326773,0.7-0.9
moral_scenarios,meta_llama_llama_3_70b_instruct,0.7329608938547486,0.19594815842425295,1.0011185682326464,0.7-0.9
moral_scenarios,meta_llama_llama_3_70b_instruct,0.7128491620111732,0.20492419981752985,1.0011185682326633,0.7-0.9
moral_scenarios,meta_llama_llama_3_70b_instruct,0.7307262569832402,0.19698548985790007,1.0011185682326722,0.7-0.9
moral_scenarios,meta_llama_llama_3_70b_instruct,0.7206703910614525,0.2015297514153931,1.0011185682326527,0.7-0.9
moral_scenarios,meta_llama_llama_3_70b_instruct,0.7307262569832402,0.19698548985789988,1.0011185682326713,0.7-0.9
moral_scenarios,meta_llama_llama_3_70b_instruct,0.7229050279329609,0.20053741267044087,1.001118568232661,0.7-0.9
moral_scenarios,meta_llama_llama_3_70b_instruct,0.7229050279329609,0.20053741267044087,1.001118568232661,0.7-0.9
moral_scenarios,meta_llama_llama_3_70b_instruct,0.6927374301675978,0.21309037281441956,1.001118568232671,0.5-0.7
moral_scenarios,meta_llama_llama_3_70b_instruct,0.7150837988826816,0.2039668553860001,1.0011185682326638,0.7-0.9
moral_scenarios,meta_llama_llama_3_70b_instruct,0.7251396648044692,0.1995350755502253,1.001118568232673,0.7-0.9
moral_scenarios,meta_llama_llama_3_70b_instruct,0.7273743016759776,0.1985227400547434,1.0011185682326735,0.7-0.9
moral_scenarios,meta_llama_llama_3_70b_instruct,0.7262569832402235,0.19903015759938975,1.0011185682326604,0.7-0.9
moral_scenarios,meta_llama_llama_3_70b_instruct,0.7162011173184357,0.20348443377951045,1.0011185682326602,0.7-0.9
moral_scenarios,meta_llama_llama_3_8b_instruct,0.41564245810055866,0.2431554872333275,1.0011185682326742,0.3-0.5
moral_scenarios,meta_llama_llama_3_8b_instruct,0.47374301675977654,0.24958944171571976,1.0011185682326562,0.3-0.5
moral_scenarios,meta_llama_llama_3_8b_instruct,0.45363128491620114,0.24812717933335512,1.0011185682326493,0.3-0.5
moral_scenarios,meta_llama_llama_3_8b_instruct,0.47262569832402235,0.24952945146413738,1.0011185682326633,0.3-0.5
moral_scenarios,meta_llama_llama_3_8b_instruct,0.48044692737430167,0.2498968917550933,1.0011185682326764,0.3-0.5
moral_scenarios,meta_llama_llama_3_8b_instruct,0.4759776536312849,0.24970192343744108,1.0011185682326609,0.3-0.5
moral_scenarios,meta_llama_llama_3_8b_instruct,0.48156424581005586,0.2499393848499647,1.0011185682326735,0.3-0.5
moral_scenarios,meta_llama_llama_3_8b_instruct,0.47262569832402235,0.24952945146413738,1.0011185682326633,0.3-0.5
moral_scenarios,meta_llama_llama_3_8b_instruct,0.46368715083798884,0.2489595440740914,1.001118568232676,0.3-0.5
moral_scenarios,meta_llama_llama_3_8b_instruct,0.4558659217877095,0.24832964643245706,1.0011185682326715,0.3-0.5
moral_scenarios,meta_llama_llama_3_8b_instruct,0.48044692737430167,0.24989689175509328,1.0011185682326762,0.3-0.5
moral_scenarios,meta_llama_llama_3_8b_instruct,0.4480446927374302,0.2475772686938378,1.0011185682326644,0.3-0.5
moral_scenarios,meta_llama_llama_3_8b_instruct,0.4659217877094972,0.24911701848449416,1.0011185682326538,0.3-0.5
moral_scenarios,meta_llama_llama_3_8b_instruct,0.45363128491620114,0.24812717933335507,1.001118568232649,0.3-0.5
moral_scenarios,meta_llama_llama_3_8b_instruct,0.4491620111731844,0.24769225000937503,1.0011185682326686,0.3-0.5
moral_scenarios,meta_llama_llama_3_8b_instruct,0.4681564245810056,0.24926449451963906,1.0011185682326562,0.3-0.5
moral_scenarios,meta_llama_llama_3_8b_instruct,0.4659217877094972,0.24911701848449408,1.0011185682326533,0.3-0.5
moral_scenarios,meta_llama_llama_3_8b_instruct,0.4681564245810056,0.2492644945196391,1.0011185682326564,0.3-0.5
moral_scenarios,meta_llama_llama_3_8b_instruct,0.46256983240223465,0.2488770574781602,1.001118568232664,0.3-0.5
moral_scenarios,meta_llama_llama_3_8b_instruct,0.46368715083798884,0.2489595440740915,1.0011185682326764,0.3-0.5
moral_scenarios,meta_llama_llama_3_8b_instruct,0.47374301675977654,0.24958944171571978,1.0011185682326564,0.3-0.5
moral_scenarios,meta_llama_llama_3_8b_instruct,0.44581005586592176,0.24733980728131486,1.0011185682326542,0.3-0.5
moral_scenarios,meta_llama_llama_3_8b_instruct,0.4547486033519553,0.24822966267981517,1.0011185682326647,0.3-0.5
moral_scenarios,meta_llama_llama_3_8b_instruct,0.42905027932960893,0.24524014847587042,1.0011185682326529,0.3-0.5
moral_scenarios,meta_llama_llama_3_8b_instruct,0.45363128491620114,0.24812717933335504,1.0011185682326489,0.3-0.5
moral_scenarios,meta_llama_llama_3_8b_instruct,0.4435754189944134,0.2470923474935278,1.001118568232644,0.3-0.5
moral_scenarios,meta_llama_llama_3_8b_instruct,0.4201117318435754,0.24389036781522944,1.0011185682326598,0.3-0.5
moral_scenarios,meta_llama_llama_3_8b_instruct,0.39553072625698327,0.23935360503918082,1.0011185682326609,0.3-0.5
moral_scenarios,meta_llama_llama_3_8b_instruct,0.43910614525139663,0.24656743279217305,1.0011185682326695,0.3-0.5
moral_scenarios,meta_llama_llama_3_8b_instruct,0.4547486033519553,0.24822966267981483,1.0011185682326633,0.3-0.5
moral_scenarios,meta_llama_llama_3_8b_instruct,0.423463687150838,0.24441528251658928,1.0011185682326549,0.3-0.5
moral_scenarios,meta_llama_llama_3_8b_instruct,0.41787709497206704,0.2435279267119112,1.00111856823267,0.3-0.5
moral_scenarios,meta_llama_llama_3_8b_instruct,0.46256983240223465,0.24887705747816022,1.001118568232664,0.3-0.5
moral_scenarios,meta_llama_llama_3_8b_instruct,0.46368715083798884,0.24895954407409152,1.0011185682326764,0.3-0.5
moral_scenarios,meta_llama_llama_3_8b_instruct,0.4435754189944134,0.24709234749352776,1.001118568232644,0.3-0.5
moral_scenarios,meta_llama_llama_3_8b_instruct,0.4547486033519553,0.24822966267981492,1.0011185682326638,0.3-0.5
moral_scenarios,meta_llama_llama_3_8b_instruct,0.4860335195530726,0.2500843612912876,1.0011185682326518,0.3-0.5
moral_scenarios,meta_llama_llama_3_8b_instruct,0.464804469273743,0.2490395310762004,1.001118568232663,0.3-0.5
moral_scenarios,meta_llama_llama_3_8b_instruct,0.46368715083798884,0.24895954407409152,1.0011185682326764,0.3-0.5
moral_scenarios,meta_llama_llama_3_8b_instruct,0.4748603351955307,0.24964693237348637,1.0011185682326504,0.3-0.5
moral_scenarios,meta_llama_llama_3_8b_instruct,0.4849162011173184,0.25005186657168005,1.001118568232654,0.3-0.5
moral_scenarios,meta_llama_llama_3_8b_instruct,0.4692737430167598,0.24933448314648476,1.0011185682326462,0.3-0.5
moral_scenarios,meta_llama_llama_3_8b_instruct,0.4581005586592179,0.24852211515628783,1.001118568232665,0.3-0.5
moral_scenarios,meta_llama_llama_3_8b_instruct,0.4692737430167598,0.24933448314648488,1.0011185682326467,0.3-0.5
moral_scenarios,meta_llama_llama_3_8b_instruct,0.46256983240223465,0.24887705747816022,1.001118568232664,0.3-0.5
moral_scenarios,meta_llama_llama_3_8b_instruct,0.4759776536312849,0.24970192343744108,1.0011185682326609,0.3-0.5
moral_scenarios,meta_llama_llama_3_8b_instruct,0.44692737430167595,0.24745978778448394,1.0011185682326578,0.3-0.5
moral_scenarios,meta_llama_llama_3_8b_instruct,0.464804469273743,0.2490395310762005,1.0011185682326635,0.3-0.5
moral_scenarios,meta_llama_llama_3_8b_instruct,0.4480446927374302,0.24757726869383775,1.0011185682326642,0.3-0.5
moral_scenarios,meta_llama_llama_3_8b_instruct,0.4212290502793296,0.24406783897616618,1.0011185682326615,0.3-0.5
moral_scenarios,meta_llama_llama_3_8b_instruct,0.44692737430167595,0.24745978778448394,1.0011185682326578,0.3-0.5
moral_scenarios,meta_llama_llama_3_8b_instruct,0.4402234636871508,0.24670241085823294,1.0011185682326518,0.3-0.5
moral_scenarios,meta_llama_llama_3_8b_instruct,0.4491620111731844,0.24769225000937511,1.0011185682326689,0.3-0.5
moral_scenarios,meta_llama_llama_3_8b_instruct,0.46368715083798884,0.24895954407409152,1.0011185682326764,0.3-0.5
moral_scenarios,meta_llama_llama_3_8b_instruct,0.47262569832402235,0.24952945146413738,1.0011185682326633,0.3-0.5
moral_scenarios,meta_llama_llama_3_8b_instruct,0.46033519553072627,0.2487045855048547,1.001118568232659,0.3-0.5
moral_scenarios,meta_llama_llama_3_8b_instruct,0.47374301675977654,0.24958944171571987,1.0011185682326567,0.3-0.5
moral_scenarios,meta_llama_llama_3_8b_instruct,0.46256983240223465,0.24887705747816022,1.001118568232664,0.3-0.5
moral_scenarios,meta_llama_llama_3_8b_instruct,0.45363128491620114,0.24812717933335507,1.001118568232649,0.3-0.5
moral_scenarios,meta_llama_llama_3_8b_instruct,0.46033519553072627,0.24870458550485475,1.0011185682326593,0.3-0.5
moral_scenarios,meta_llama_llama_3_8b_instruct,0.47374301675977654,0.24958944171571987,1.0011185682326567,0.3-0.5
moral_scenarios,meta_llama_llama_3_8b_instruct,0.4871508379888268,0.2501143564170781,1.0011185682326456,0.3-0.5
moral_scenarios,meta_llama_llama_3_8b_instruct,0.4770949720670391,0.24975441490758157,1.0011185682326784,0.3-0.5
moral_scenarios,meta_llama_llama_3_8b_instruct,0.4681564245810056,0.24926449451963908,1.0011185682326562,0.3-0.5
moral_scenarios,meta_llama_llama_3_8b_instruct,0.4569832402234637,0.24842713059127758,1.0011185682326567,0.3-0.5
moral_scenarios,meta_llama_llama_3_8b_instruct,0.4592178770949721,0.24861460012748235,1.0011185682326746,0.3-0.5
moral_scenarios,meta_llama_llama_3_8b_instruct,0.47374301675977654,0.2495894417157198,1.0011185682326564,0.3-0.5
moral_scenarios,meta_llama_llama_3_8b_instruct,0.46033519553072627,0.24870458550485458,1.0011185682326584,0.3-0.5
moral_scenarios,meta_llama_llama_3_8b_instruct,0.46033519553072627,0.24870458550485464,1.0011185682326587,0.3-0.5
moral_scenarios,meta_llama_llama_3_8b_instruct,0.47262569832402235,0.24952945146413735,1.0011185682326633,0.3-0.5
moral_scenarios,meta_llama_llama_3_8b_instruct,0.4435754189944134,0.2470923474935278,1.001118568232644,0.3-0.5
moral_scenarios,meta_llama_llama_3_8b_instruct,0.4871508379888268,0.250114356417078,1.0011185682326453,0.3-0.5
moral_scenarios,meta_llama_llama_3_8b_instruct,0.464804469273743,0.2490395310762005,1.0011185682326635,0.3-0.5
moral_scenarios,meta_llama_llama_3_8b_instruct,0.45363128491620114,0.24812717933335512,1.0011185682326493,0.3-0.5
moral_scenarios,meta_llama_llama_3_8b_instruct,0.4480446927374302,0.24757726869383775,1.0011185682326642,0.3-0.5
moral_scenarios,meta_llama_llama_3_8b_instruct,0.45251396648044695,0.24802219639308729,1.0011185682326669,0.3-0.5
moral_scenarios,meta_llama_llama_3_8b_instruct,0.43687150837988825,0.24628997787859389,1.0011185682326587,0.3-0.5
moral_scenarios,meta_llama_llama_3_8b_instruct,0.43798882681564244,0.2464299551322871,1.0011185682326464,0.3-0.5
moral_scenarios,meta_llama_llama_3_8b_instruct,0.4659217877094972,0.24911701848449422,1.001118568232654,0.3-0.5
moral_scenarios,meta_llama_llama_3_8b_instruct,0.45363128491620114,0.248127179333355,1.0011185682326489,0.3-0.5
moral_scenarios,meta_llama_llama_3_8b_instruct,0.4312849162011173,0.2455525977028774,1.001118568232679,0.3-0.5
moral_scenarios,meta_llama_llama_3_8b_instruct,0.4312849162011173,0.24555259770287755,1.0011185682326795,0.3-0.5
moral_scenarios,meta_llama_llama_3_8b_instruct,0.4480446927374302,0.24757726869383773,1.001118568232664,0.3-0.5
moral_scenarios,meta_llama_llama_3_8b_instruct,0.46033519553072627,0.24870458550485475,1.0011185682326593,0.3-0.5
moral_scenarios,meta_llama_llama_3_8b_instruct,0.4491620111731844,0.24769225000937511,1.0011185682326689,0.3-0.5
moral_scenarios,meta_llama_llama_3_8b_instruct,0.46033519553072627,0.24870458550485477,1.0011185682326593,0.3-0.5
moral_scenarios,meta_llama_llama_3_8b_instruct,0.45139664804469276,0.24791471385899858,1.0011185682326647,0.3-0.5
moral_scenarios,meta_llama_llama_3_8b_instruct,0.43798882681564244,0.24642995513228716,1.0011185682326467,0.3-0.5
moral_scenarios,meta_llama_llama_3_8b_instruct,0.4480446927374302,0.24757726869383775,1.0011185682326642,0.3-0.5
moral_scenarios,meta_llama_llama_3_8b_instruct,0.4435754189944134,0.24709234749352785,1.0011185682326442,0.3-0.5
moral_scenarios,meta_llama_llama_3_8b_instruct,0.4435754189944134,0.2470923474935278,1.001118568232644,0.3-0.5
moral_scenarios,meta_llama_llama_3_8b_instruct,0.42681564245810055,0.24491770087360562,1.0011185682326522,0.3-0.5
moral_scenarios,meta_llama_llama_3_8b_instruct,0.4435754189944134,0.2470923474935278,1.001118568232644,0.3-0.5
moral_scenarios,meta_llama_llama_3_8b_instruct,0.4558659217877095,0.24832964643245706,1.0011185682326715,0.3-0.5
moral_scenarios,meta_llama_llama_3_8b_instruct,0.46033519553072627,0.24870458550485464,1.0011185682326587,0.3-0.5
moral_scenarios,meta_llama_llama_3_8b_instruct,0.41787709497206704,0.24352792671191117,1.0011185682326698,0.3-0.5
moral_scenarios,meta_llama_llama_3_8b_instruct,0.4346368715083799,0.24600252458975497,1.0011185682326655,0.3-0.5
moral_scenarios,meta_llama_llama_3_8b_instruct,0.43798882681564244,0.2464299551322871,1.0011185682326464,0.3-0.5
moral_scenarios,meta_llama_llama_3_8b_instruct,0.44692737430167595,0.24745978778448388,1.0011185682326575,0.3-0.5
moral_scenarios,meta_llama_llama_3_8b_instruct,0.4324022346368715,0.2457050729256543,1.0011185682326813,0.3-0.5
moral_scenarios,mistralai_mistral_7b_instruct_v0_2,0.28044692737430166,0.20202217139714487,1.0011185682326469,0.1-0.3
moral_scenarios,mistralai_mistral_7b_instruct_v0_2,0.27262569832402234,0.1985227400547433,1.0011185682326733,0.1-0.3
moral_scenarios,mistralai_mistral_7b_instruct_v0_2,0.2581005586592179,0.19169884893704967,1.0011185682326724,0.1-0.3
moral_scenarios,mistralai_mistral_7b_instruct_v0_2,0.30726256983240224,0.21309037281441942,1.0011185682326704,0.3-0.5
moral_scenarios,mistralai_mistral_7b_instruct_v0_2,0.28268156424581004,0.202999512579207,1.0011185682326678,0.1-0.3
moral_scenarios,mistralai_mistral_7b_instruct_v0_2,0.264804469273743,0.19490082861535202,1.0011185682326724,0.1-0.3
moral_scenarios,mistralai_mistral_7b_instruct_v0_2,0.26256983240223464,0.1938435004311813,1.0011185682326693,0.1-0.3
moral_scenarios,mistralai_mistral_7b_instruct_v0_2,0.2837988826815642,0.2034844337795111,1.0011185682326635,0.1-0.3
moral_scenarios,mistralai_mistral_7b_instruct_v0_2,0.2670391061452514,0.19594815842425292,1.0011185682326462,0.1-0.3
moral_scenarios,mistralai_mistral_7b_instruct_v0_2,0.2569832402234637,0.19115643707897312,1.0011185682326542,0.1-0.3
moral_scenarios,mistralai_mistral_7b_instruct_v0_2,0.26256983240223464,0.19384350043118168,1.0011185682326713,0.1-0.3
moral_scenarios,mistralai_mistral_7b_instruct_v0_2,0.2759776536312849,0.20003749390723732,1.0011185682326484,0.1-0.3
moral_scenarios,mistralai_mistral_7b_instruct_v0_2,0.26256983240223464,0.19384350043118173,1.0011185682326715,0.1-0.3
moral_scenarios,mistralai_mistral_7b_instruct_v0_2,0.264804469273743,0.19490082861535202,1.0011185682326724,0.1-0.3
moral_scenarios,mistralai_mistral_7b_instruct_v0_2,0.2916201117318436,0.20680889355479912,1.0011185682326706,0.1-0.3
moral_scenarios,mistralai_mistral_7b_instruct_v0_2,0.26145251396648045,0.19331108694837051,1.0011185682326602,0.1-0.3
moral_scenarios,mistralai_mistral_7b_instruct_v0_2,0.26145251396648045,0.19331108694837054,1.0011185682326604,0.1-0.3
moral_scenarios,mistralai_mistral_7b_instruct_v0_2,0.2558659217877095,0.1906115256270854,1.001118568232661,0.1-0.3
moral_scenarios,mistralai_mistral_7b_instruct_v0_2,0.25027932960893856,0.18784947446040054,1.001118568232664,0.1-0.3
moral_scenarios,mistralai_mistral_7b_instruct_v0_2,0.2759776536312849,0.2000374939072372,1.0011185682326478,0.1-0.3
moral_scenarios,mistralai_mistral_7b_instruct_v0_2,0.2782122905027933,0.20103483183982404,1.0011185682326524,0.1-0.3
moral_scenarios,mistralai_mistral_7b_instruct_v0_2,0.2659217877094972,0.1954257433167122,1.0011185682326682,0.1-0.3
moral_scenarios,mistralai_mistral_7b_instruct_v0_2,0.2636871508379888,0.1943734143201758,1.0011185682326766,0.1-0.3
moral_scenarios,mistralai_mistral_7b_instruct_v0_2,0.2782122905027933,0.20103483183982407,1.0011185682326524,0.1-0.3
moral_scenarios,mistralai_mistral_7b_instruct_v0_2,0.2636871508379888,0.1943734143201756,1.0011185682326758,0.1-0.3
moral_scenarios,mistralai_mistral_7b_instruct_v0_2,0.27150837988826815,0.19801282291627773,1.0011185682326704,0.1-0.3
moral_scenarios,mistralai_mistral_7b_instruct_v0_2,0.2636871508379888,0.1943734143201755,1.001118568232675,0.1-0.3
moral_scenarios,mistralai_mistral_7b_instruct_v0_2,0.25921787709497207,0.19223876120130484,1.0011185682326624,0.1-0.3
moral_scenarios,mistralai_mistral_7b_instruct_v0_2,0.2748603351955307,0.19953507555022532,1.0011185682326735,0.1-0.3
moral_scenarios,mistralai_mistral_7b_instruct_v0_2,0.25921787709497207,0.1922387612013048,1.0011185682326622,0.1-0.3
moral_scenarios,mistralai_mistral_7b_instruct_v0_2,0.2636871508379888,0.19437341432017557,1.0011185682326755,0.1-0.3
moral_scenarios,mistralai_mistral_7b_instruct_v0_2,0.23910614525139665,0.18213790259083146,1.0011185682326758,0.1-0.3
moral_scenarios,mistralai_mistral_7b_instruct_v0_2,0.26256983240223464,0.1938435004311816,1.0011185682326709,0.1-0.3
moral_scenarios,mistralai_mistral_7b_instruct_v0_2,0.2770949720670391,0.20053741267044095,1.0011185682326618,0.1-0.3
moral_scenarios,mistralai_mistral_7b_instruct_v0_2,0.27039106145251396,0.19750040618399325,1.0011185682326529,0.1-0.3
moral_scenarios,mistralai_mistral_7b_instruct_v0_2,0.23575418994413408,0.18037568895054631,1.0011185682326667,0.1-0.3
moral_scenarios,mistralai_mistral_7b_instruct_v0_2,0.2849162011173184,0.20396685538599987,1.0011185682326627,0.1-0.3
moral_scenarios,mistralai_mistral_7b_instruct_v0_2,0.28156424581005585,0.2025120917850851,1.001118568232663,0.1-0.3
moral_scenarios,mistralai_mistral_7b_instruct_v0_2,0.28938547486033517,0.2058715458737964,1.0011185682326667,0.1-0.3
moral_scenarios,mistralai_mistral_7b_instruct_v0_2,0.26927374301675977,0.1969854898578995,1.0011185682326693,0.1-0.3
moral_scenarios,mistralai_mistral_7b_instruct_v0_2,0.2547486033519553,0.1900641145813822,1.0011185682326709,0.1-0.3
moral_scenarios,mistralai_mistral_7b_instruct_v0_2,0.29832402234636873,0.20956094634621608,1.0011185682326496,0.1-0.3
moral_scenarios,mistralai_mistral_7b_instruct_v0_2,0.26145251396648045,0.19331108694837057,1.0011185682326607,0.1-0.3
moral_scenarios,mistralai_mistral_7b_instruct_v0_2,0.27262569832402234,0.1985227400547434,1.0011185682326738,0.1-0.3
moral_scenarios,mistralai_mistral_7b_instruct_v0_2,0.30614525139664805,0.21265794308425087,1.001118568232672,0.3-0.5
moral_scenarios,mistralai_mistral_7b_instruct_v0_2,0.28044692737430166,0.20202217139714462,1.0011185682326458,0.1-0.3
moral_scenarios,mistralai_mistral_7b_instruct_v0_2,0.2569832402234637,0.19115643707897303,1.0011185682326538,0.1-0.3
moral_scenarios,mistralai_mistral_7b_instruct_v0_2,0.2748603351955307,0.1995350755502253,1.0011185682326733,0.1-0.3
moral_scenarios,mistralai_mistral_7b_instruct_v0_2,0.2659217877094972,0.19542574331671217,1.001118568232668,0.1-0.3
moral_scenarios,mistralai_mistral_7b_instruct_v0_2,0.2670391061452514,0.19594815842425314,1.0011185682326473,0.1-0.3
moral_scenarios,mistralai_mistral_7b_instruct_v0_2,0.29832402234636873,0.20956094634621628,1.0011185682326504,0.1-0.3
moral_scenarios,mistralai_mistral_7b_instruct_v0_2,0.28044692737430166,0.20202217139714485,1.0011185682326469,0.1-0.3
moral_scenarios,mistralai_mistral_7b_instruct_v0_2,0.2659217877094972,0.19542574331671228,1.0011185682326686,0.1-0.3
moral_scenarios,mistralai_mistral_7b_instruct_v0_2,0.28044692737430166,0.20202217139714473,1.0011185682326462,0.1-0.3
moral_scenarios,mistralai_mistral_7b_instruct_v0_2,0.293854748603352,0.20773624286053763,1.0011185682326742,0.1-0.3
moral_scenarios,mistralai_mistral_7b_instruct_v0_2,0.2759776536312849,0.2000374939072373,1.0011185682326482,0.1-0.3
moral_scenarios,mistralai_mistral_7b_instruct_v0_2,0.26927374301675977,0.1969854898578997,1.0011185682326704,0.1-0.3
moral_scenarios,mistralai_mistral_7b_instruct_v0_2,0.264804469273743,0.19490082861535202,1.0011185682326724,0.1-0.3
moral_scenarios,mistralai_mistral_7b_instruct_v0_2,0.2670391061452514,0.195948158424253,1.0011185682326467,0.1-0.3
moral_scenarios,mistralai_mistral_7b_instruct_v0_2,0.26033519553072626,0.1927761738717432,1.0011185682326484,0.1-0.3
moral_scenarios,mistralai_mistral_7b_instruct_v0_2,0.2860335195530726,0.20444677739867007,1.0011185682326493,0.1-0.3
moral_scenarios,mistralai_mistral_7b_instruct_v0_2,0.288268156424581,0.2053991226425681,1.0011185682326502,0.1-0.3
moral_scenarios,mistralai_mistral_7b_instruct_v0_2,0.28938547486033517,0.20587154587379636,1.0011185682326664,0.1-0.3
moral_scenarios,mistralai_mistral_7b_instruct_v0_2,0.2860335195530726,0.20444677739867,1.0011185682326489,0.1-0.3
moral_scenarios,mistralai_mistral_7b_instruct_v0_2,0.2569832402234637,0.1911564370789732,1.0011185682326547,0.1-0.3
moral_scenarios,mistralai_mistral_7b_instruct_v0_2,0.28156424581005585,0.20251209178508514,1.001118568232663,0.1-0.3
moral_scenarios,mistralai_mistral_7b_instruct_v0_2,0.2759776536312849,0.2000374939072373,1.0011185682326482,0.1-0.3
moral_scenarios,mistralai_mistral_7b_instruct_v0_2,0.27039106145251396,0.19750040618399314,1.0011185682326524,0.1-0.3
moral_scenarios,mistralai_mistral_7b_instruct_v0_2,0.29832402234636873,0.2095609463462161,1.0011185682326498,0.1-0.3
moral_scenarios,mistralai_mistral_7b_instruct_v0_2,0.2916201117318436,0.20680889355479926,1.0011185682326713,0.1-0.3
moral_scenarios,mistralai_mistral_7b_instruct_v0_2,0.2659217877094972,0.19542574331671217,1.001118568232668,0.1-0.3
moral_scenarios,mistralai_mistral_7b_instruct_v0_2,0.28044692737430166,0.2020221713971445,1.0011185682326451,0.1-0.3
moral_scenarios,mistralai_mistral_7b_instruct_v0_2,0.264804469273743,0.19490082861535205,1.0011185682326726,0.1-0.3
moral_scenarios,mistralai_mistral_7b_instruct_v0_2,0.23575418994413408,0.1803756889505463,1.0011185682326664,0.1-0.3
moral_scenarios,mistralai_mistral_7b_instruct_v0_2,0.26033519553072626,0.19277617387174317,1.0011185682326482,0.1-0.3
moral_scenarios,mistralai_mistral_7b_instruct_v0_2,0.2569832402234637,0.19115643707897326,1.0011185682326549,0.1-0.3
moral_scenarios,mistralai_mistral_7b_instruct_v0_2,0.3027932960893855,0.2113456563308435,1.0011185682326493,0.3-0.5
moral_scenarios,mistralai_mistral_7b_instruct_v0_2,0.2927374301675978,0.2072738180045732,1.0011185682326569,0.1-0.3
moral_scenarios,mistralai_mistral_7b_instruct_v0_2,0.28938547486033517,0.2058715458737962,1.0011185682326655,0.1-0.3
moral_scenarios,mistralai_mistral_7b_instruct_v0_2,0.2547486033519553,0.1900641145813821,1.0011185682326704,0.1-0.3
moral_scenarios,mistralai_mistral_7b_instruct_v0_2,0.30837988826815643,0.21352030295077173,1.001118568232668,0.3-0.5
moral_scenarios,mistralai_mistral_7b_instruct_v0_2,0.2849162011173184,0.20396685538599954,1.001118568232661,0.1-0.3
moral_scenarios,mistralai_mistral_7b_instruct_v0_2,0.2547486033519553,0.1900641145813822,1.0011185682326709,0.1-0.3
moral_scenarios,mistralai_mistral_7b_instruct_v0_2,0.27039106145251396,0.19750040618399325,1.0011185682326529,0.1-0.3
moral_scenarios,mistralai_mistral_7b_instruct_v0_2,0.27262569832402234,0.19852274005474324,1.0011185682326729,0.1-0.3
moral_scenarios,mistralai_mistral_7b_instruct_v0_2,0.2748603351955307,0.1995350755502252,1.0011185682326729,0.1-0.3
moral_scenarios,mistralai_mistral_7b_instruct_v0_2,0.27150837988826815,0.19801282291627773,1.0011185682326704,0.1-0.3
moral_scenarios,mistralai_mistral_7b_instruct_v0_2,0.25921787709497207,0.19223876120130484,1.0011185682326624,0.1-0.3
moral_scenarios,mistralai_mistral_7b_instruct_v0_2,0.2860335195530726,0.2044467773986703,1.0011185682326502,0.1-0.3
moral_scenarios,mistralai_mistral_7b_instruct_v0_2,0.28044692737430166,0.20202217139714496,1.0011185682326473,0.1-0.3
moral_scenarios,mistralai_mistral_7b_instruct_v0_2,0.26256983240223464,0.19384350043118118,1.0011185682326686,0.1-0.3
moral_scenarios,mistralai_mistral_7b_instruct_v0_2,0.2748603351955307,0.19953507555022523,1.001118568232673,0.1-0.3
moral_scenarios,mistralai_mistral_7b_instruct_v0_2,0.2871508379888268,0.20492419981752946,1.0011185682326613,0.1-0.3
moral_scenarios,mistralai_mistral_7b_instruct_v0_2,0.2905027932960894,0.20634146951120183,1.0011185682326496,0.1-0.3
moral_scenarios,mistralai_mistral_7b_instruct_v0_2,0.2737430167597765,0.19903015759938975,1.0011185682326604,0.1-0.3
moral_scenarios,mistralai_mistral_7b_instruct_v0_2,0.311731843575419,0.21479509579693265,1.0011185682326607,0.3-0.5
moral_scenarios,mistralai_mistral_7b_instruct_v0_2,0.288268156424581,0.20539912264256818,1.0011185682326507,0.1-0.3
moral_scenarios,mistralai_mistral_7b_instruct_v0_2,0.29720670391061454,0.20910851986551765,1.001118568232642,0.1-0.3
moral_scenarios,mistralai_mistral_7b_instruct_v0_2,0.2581005586592179,0.19169884893704955,1.0011185682326718,0.1-0.3
moral_scenarios,mistralai_mistral_7b_instruct_v0_2,0.30502793296089387,0.21222301376026492,1.0011185682326667,0.3-0.5
moral_scenarios,tiiuae_falcon_40b,0.2837988826815642,0.2034844337795109,1.0011185682326627,0.1-0.3
moral_scenarios,tiiuae_falcon_40b,0.29720670391061454,0.20910851986551776,1.0011185682326427,0.1-0.3
moral_scenarios,tiiuae_falcon_40b,0.288268156424581,0.20539912264256802,1.0011185682326498,0.1-0.3
moral_scenarios,tiiuae_falcon_40b,0.26927374301675977,0.1969854898578997,1.0011185682326704,0.1-0.3
moral_scenarios,tiiuae_falcon_40b,0.2659217877094972,0.19542574331671206,1.0011185682326675,0.1-0.3
moral_scenarios,tiiuae_falcon_40b,0.27932960893854747,0.20152975141539328,1.0011185682326538,0.1-0.3
moral_scenarios,tiiuae_falcon_40b,0.26256983240223464,0.19384350043118181,1.001118568232672,0.1-0.3
moral_scenarios,tiiuae_falcon_40b,0.2536312849162011,0.18951420394186236,1.0011185682326775,0.1-0.3
moral_scenarios,tiiuae_falcon_40b,0.264804469273743,0.19490082861535202,1.0011185682326724,0.1-0.3
moral_scenarios,tiiuae_falcon_40b,0.24804469273743016,0.18672715683701424,1.0011185682326635,0.1-0.3
moral_scenarios,tiiuae_falcon_40b,0.28268156424581004,0.20299951257920734,1.0011185682326693,0.1-0.3
moral_scenarios,tiiuae_falcon_40b,0.25027932960893856,0.1878494744604007,1.0011185682326649,0.1-0.3
moral_scenarios,tiiuae_falcon_40b,0.24804469273743016,0.1867271568370141,1.0011185682326629,0.1-0.3
moral_scenarios,tiiuae_falcon_40b,0.26927374301675977,0.19698548985789985,1.001118568232671,0.1-0.3
moral_scenarios,tiiuae_falcon_40b,0.28156424581005585,0.2025120917850851,1.001118568232663,0.1-0.3
moral_scenarios,tiiuae_falcon_40b,0.27150837988826815,0.19801282291627775,1.0011185682326706,0.1-0.3
moral_scenarios,tiiuae_falcon_40b,0.28044692737430166,0.20202217139714465,1.0011185682326458,0.1-0.3
moral_scenarios,tiiuae_falcon_40b,0.24692737430167597,0.18616224863459646,1.00111856823266,0.1-0.3
moral_scenarios,tiiuae_falcon_40b,0.26145251396648045,0.19331108694837057,1.0011185682326607,0.1-0.3
moral_scenarios,tiiuae_falcon_40b,0.2636871508379888,0.19437341432017596,1.0011185682326775,0.1-0.3
moral_scenarios,tiiuae_falcon_40b,0.2636871508379888,0.1943734143201757,1.0011185682326762,0.1-0.3
moral_scenarios,tiiuae_falcon_40b,0.2737430167597765,0.19903015759938975,1.0011185682326604,0.1-0.3
moral_scenarios,tiiuae_falcon_40b,0.28268156424581004,0.20299951257920712,1.0011185682326684,0.1-0.3
moral_scenarios,tiiuae_falcon_40b,0.29608938547486036,0.20865359379101056,1.0011185682326698,0.1-0.3
moral_scenarios,tiiuae_falcon_40b,0.293854748603352,0.20773624286053763,1.0011185682326742,0.1-0.3
moral_scenarios,tiiuae_falcon_40b,0.29608938547486036,0.20865359379101053,1.0011185682326695,0.1-0.3
moral_scenarios,tiiuae_falcon_40b,0.2849162011173184,0.20396685538599976,1.0011185682326622,0.1-0.3
moral_scenarios,tiiuae_falcon_40b,0.2994413407821229,0.2100108732330969,1.001118568232649,0.1-0.3
moral_scenarios,tiiuae_falcon_40b,0.2927374301675978,0.2072738180045731,1.0011185682326564,0.1-0.3
moral_scenarios,tiiuae_falcon_40b,0.28156424581005585,0.20251209178508522,1.0011185682326635,0.1-0.3
moral_scenarios,tiiuae_falcon_40b,0.28938547486033517,0.20587154587379614,1.0011185682326653,0.1-0.3
moral_scenarios,tiiuae_falcon_40b,0.28268156424581004,0.20299951257920704,1.001118568232668,0.1-0.3
moral_scenarios,tiiuae_falcon_40b,0.288268156424581,0.20539912264256838,1.0011185682326516,0.1-0.3
moral_scenarios,tiiuae_falcon_40b,0.2759776536312849,0.20003749390723727,1.0011185682326482,0.1-0.3
moral_scenarios,tiiuae_falcon_40b,0.2871508379888268,0.20492419981752932,1.0011185682326607,0.1-0.3
moral_scenarios,tiiuae_falcon_40b,0.2860335195530726,0.2044467773986702,1.00111856823265,0.1-0.3
moral_scenarios,tiiuae_falcon_40b,0.2905027932960894,0.20634146951120197,1.0011185682326502,0.1-0.3
moral_scenarios,tiiuae_falcon_40b,0.27150837988826815,0.1980128229162776,1.0011185682326698,0.1-0.3
moral_scenarios,tiiuae_falcon_40b,0.28268156424581004,0.20299951257920681,1.0011185682326669,0.1-0.3
moral_scenarios,tiiuae_falcon_40b,0.28044692737430166,0.20202217139714496,1.0011185682326473,0.1-0.3
moral_scenarios,tiiuae_falcon_40b,0.24916201117318434,0.18728956544561765,1.001118568232676,0.1-0.3
moral_scenarios,tiiuae_falcon_40b,0.28268156424581004,0.2029995125792071,1.0011185682326682,0.1-0.3
moral_scenarios,tiiuae_falcon_40b,0.293854748603352,0.20773624286053746,1.0011185682326733,0.1-0.3
moral_scenarios,tiiuae_falcon_40b,0.288268156424581,0.2053991226425686,1.0011185682326527,0.1-0.3
moral_scenarios,tiiuae_falcon_40b,0.2670391061452514,0.19594815842425306,1.0011185682326469,0.1-0.3
moral_scenarios,tiiuae_falcon_40b,0.27150837988826815,0.19801282291627775,1.0011185682326706,0.1-0.3
moral_scenarios,tiiuae_falcon_40b,0.2681564245810056,0.19646807393798352,1.0011185682326542,0.1-0.3
moral_scenarios,tiiuae_falcon_40b,0.28938547486033517,0.20587154587379614,1.0011185682326653,0.1-0.3
moral_scenarios,tiiuae_falcon_40b,0.2681564245810056,0.19646807393798352,1.0011185682326542,0.1-0.3
moral_scenarios,tiiuae_falcon_40b,0.24804469273743016,0.18672715683701407,1.0011185682326627,0.1-0.3
moral_scenarios,tiiuae_falcon_40b,0.288268156424581,0.2053991226425681,1.0011185682326502,0.1-0.3
moral_scenarios,tiiuae_falcon_40b,0.288268156424581,0.2053991226425681,1.0011185682326502,0.1-0.3
moral_scenarios,tiiuae_falcon_40b,0.3016759776536313,0.21090322822541527,1.001118568232671,0.3-0.5
moral_scenarios,tiiuae_falcon_40b,0.2681564245810056,0.19646807393798343,1.0011185682326538,0.1-0.3
moral_scenarios,tiiuae_falcon_40b,0.2681564245810056,0.19646807393798335,1.0011185682326533,0.1-0.3
moral_scenarios,tiiuae_falcon_40b,0.28044692737430166,0.20202217139714468,1.001118568232646,0.1-0.3
moral_scenarios,tiiuae_falcon_40b,0.2837988826815642,0.20348443377951106,1.0011185682326635,0.1-0.3
moral_scenarios,tiiuae_falcon_40b,0.28156424581005585,0.2025120917850852,1.0011185682326635,0.1-0.3
moral_scenarios,tiiuae_falcon_40b,0.28268156424581004,0.20299951257920706,1.001118568232668,0.1-0.3
moral_scenarios,tiiuae_falcon_40b,0.2782122905027933,0.20103483183982404,1.0011185682326524,0.1-0.3
moral_scenarios,tiiuae_falcon_40b,0.2994413407821229,0.21001087323309692,1.0011185682326493,0.1-0.3
moral_scenarios,tiiuae_falcon_40b,0.2916201117318436,0.20680889355479923,1.001118568232671,0.1-0.3
moral_scenarios,tiiuae_falcon_40b,0.2916201117318436,0.20680889355479923,1.001118568232671,0.1-0.3
moral_scenarios,tiiuae_falcon_40b,0.27262569832402234,0.19852274005474338,1.0011185682326735,0.1-0.3
moral_scenarios,tiiuae_falcon_40b,0.2681564245810056,0.19646807393798343,1.0011185682326538,0.1-0.3
moral_scenarios,tiiuae_falcon_40b,0.29497206703910617,0.2081961681226793,1.0011185682326584,0.1-0.3
moral_scenarios,tiiuae_falcon_40b,0.29720670391061454,0.2091085198655176,1.0011185682326418,0.1-0.3
moral_scenarios,tiiuae_falcon_40b,0.27932960893854747,0.20152975141539325,1.0011185682326535,0.1-0.3
moral_scenarios,tiiuae_falcon_40b,0.2927374301675978,0.2072738180045731,1.0011185682326564,0.1-0.3
moral_scenarios,tiiuae_falcon_40b,0.2860335195530726,0.20444677739867018,1.0011185682326498,0.1-0.3
moral_scenarios,tiiuae_falcon_40b,0.28938547486033517,0.20587154587379627,1.001118568232666,0.1-0.3
moral_scenarios,tiiuae_falcon_40b,0.30502793296089387,0.21222301376026498,1.0011185682326669,0.3-0.5
moral_scenarios,tiiuae_falcon_40b,0.24916201117318434,0.18728956544561765,1.001118568232676,0.1-0.3
moral_scenarios,tiiuae_falcon_40b,0.2435754189944134,0.18445252646444776,1.0011185682326527,0.1-0.3
moral_scenarios,tiiuae_falcon_40b,0.2636871508379888,0.19437341432017557,1.0011185682326755,0.1-0.3
moral_scenarios,tiiuae_falcon_40b,0.2770949720670391,0.2005374126704409,1.0011185682326613,0.1-0.3
moral_scenarios,tiiuae_falcon_40b,0.2636871508379888,0.19437341432017569,1.0011185682326762,0.1-0.3
moral_scenarios,tiiuae_falcon_40b,0.26145251396648045,0.19331108694837043,1.0011185682326598,0.1-0.3
moral_scenarios,tiiuae_falcon_40b,0.26256983240223464,0.1938435004311815,1.0011185682326704,0.1-0.3
moral_scenarios,tiiuae_falcon_40b,0.2782122905027933,0.20103483183982418,1.001118568232653,0.1-0.3
moral_scenarios,tiiuae_falcon_40b,0.25921787709497207,0.19223876120130517,1.0011185682326642,0.1-0.3
moral_scenarios,tiiuae_falcon_40b,0.27262569832402234,0.19852274005474338,1.0011185682326735,0.1-0.3
moral_scenarios,tiiuae_falcon_40b,0.2569832402234637,0.19115643707897306,1.001118568232654,0.1-0.3
moral_scenarios,tiiuae_falcon_40b,0.2636871508379888,0.19437341432017594,1.0011185682326773,0.1-0.3
moral_scenarios,tiiuae_falcon_40b,0.24581005586592178,0.18559484083836328,1.0011185682326595,0.1-0.3
moral_scenarios,tiiuae_falcon_40b,0.25027932960893856,0.18784947446040065,1.0011185682326644,0.1-0.3
moral_scenarios,tiiuae_falcon_40b,0.24916201117318434,0.18728956544561773,1.0011185682326764,0.1-0.3
moral_scenarios,tiiuae_falcon_40b,0.25139664804469275,0.18840688388136811,1.001118568232656,0.1-0.3
moral_scenarios,tiiuae_falcon_40b,0.26145251396648045,0.19331108694837043,1.0011185682326598,0.1-0.3
moral_scenarios,tiiuae_falcon_40b,0.25139664804469275,0.1884068838813679,1.0011185682326549,0.1-0.3
moral_scenarios,tiiuae_falcon_40b,0.3016759776536313,0.2109032282254153,1.0011185682326713,0.3-0.5
moral_scenarios,tiiuae_falcon_40b,0.3094972067039106,0.21394773349330606,1.0011185682326562,0.3-0.5
moral_scenarios,tiiuae_falcon_40b,0.2927374301675978,0.20727381800457328,1.0011185682326573,0.1-0.3
moral_scenarios,tiiuae_falcon_40b,0.293854748603352,0.2077362428605375,1.0011185682326735,0.1-0.3
moral_scenarios,tiiuae_falcon_40b,0.26927374301675977,0.19698548985789946,1.001118568232669,0.1-0.3
moral_scenarios,tiiuae_falcon_40b,0.288268156424581,0.20539912264256838,1.0011185682326516,0.1-0.3
moral_scenarios,tiiuae_falcon_40b,0.3016759776536313,0.21090322822541527,1.001118568232671,0.3-0.5
moral_scenarios,tiiuae_falcon_40b,0.2916201117318436,0.20680889355479898,1.00111856823267,0.1-0.3
moral_scenarios,tiiuae_falcon_40b,0.2916201117318436,0.20680889355479892,1.0011185682326698,0.1-0.3
moral_scenarios,tiiuae_falcon_40b,0.2916201117318436,0.20680889355479892,1.0011185682326698,0.1-0.3
philosophy,codellama_codellama_34b_instruct,0.5884244372990354,0.24296234830411775,1.0032258064516126,0.5-0.7
philosophy,codellama_codellama_34b_instruct,0.5787781350482315,0.24458043771392873,1.0032258064516073,0.5-0.7
philosophy,codellama_codellama_34b_instruct,0.5562700964630225,0.24762991390934688,1.0032258064516184,0.5-0.7
philosophy,codellama_codellama_34b_instruct,0.5916398713826366,0.2423814956954679,1.0032258064516155,0.5-0.7
philosophy,codellama_codellama_34b_instruct,0.5755627009646302,0.24507831137848823,1.003225806451615,0.5-0.7
philosophy,codellama_codellama_34b_instruct,0.5691318327974276,0.24601182449953263,1.0032258064516104,0.5-0.7
philosophy,codellama_codellama_34b_instruct,0.5852090032154341,0.24352245617674595,1.0032258064516162,0.5-0.7
philosophy,codellama_codellama_34b_instruct,0.594855305466238,0.24177989835079358,1.0032258064516133,0.5-0.7
philosophy,codellama_codellama_34b_instruct,0.5852090032154341,0.24352245617674595,1.0032258064516162,0.5-0.7
philosophy,codellama_codellama_34b_instruct,0.5819935691318328,0.2440618193133484,1.0032258064516093,0.5-0.7
philosophy,codellama_codellama_34b_instruct,0.572347266881029,0.24555544030702167,1.003225806451611,0.5-0.7
philosophy,codellama_codellama_34b_instruct,0.5755627009646302,0.2450783113784883,1.0032258064516153,0.5-0.7
philosophy,codellama_codellama_34b_instruct,0.5691318327974276,0.24601182449953263,1.0032258064516104,0.5-0.7
philosophy,codellama_codellama_34b_instruct,0.5819935691318328,0.2440618193133484,1.0032258064516093,0.5-0.7
philosophy,codellama_codellama_34b_instruct,0.5916398713826366,0.2423814956954679,1.0032258064516155,0.5-0.7
philosophy,codellama_codellama_34b_instruct,0.5787781350482315,0.24458043771392865,1.0032258064516069,0.5-0.7
philosophy,codellama_codellama_34b_instruct,0.5787781350482315,0.24458043771392873,1.0032258064516073,0.5-0.7
philosophy,codellama_codellama_34b_instruct,0.5755627009646302,0.2450783113784883,1.0032258064516153,0.5-0.7
philosophy,codellama_codellama_34b_instruct,0.5755627009646302,0.2450783113784883,1.0032258064516153,0.5-0.7
philosophy,codellama_codellama_34b_instruct,0.5627009646302251,0.24686235867648587,1.003225806451613,0.5-0.7
philosophy,codellama_codellama_34b_instruct,0.5691318327974276,0.24601182449953263,1.0032258064516104,0.5-0.7
philosophy,codellama_codellama_34b_instruct,0.5755627009646302,0.24507831137848823,1.003225806451615,0.5-0.7
philosophy,codellama_codellama_34b_instruct,0.5852090032154341,0.24352245617674595,1.0032258064516162,0.5-0.7
philosophy,codellama_codellama_34b_instruct,0.5691318327974276,0.24601182449953263,1.0032258064516104,0.5-0.7
philosophy,codellama_codellama_34b_instruct,0.5819935691318328,0.24406181931334844,1.0032258064516095,0.5-0.7
philosophy,codellama_codellama_34b_instruct,0.5819935691318328,0.24406181931334844,1.0032258064516095,0.5-0.7
philosophy,codellama_codellama_34b_instruct,0.5466237942122186,0.24862566123846108,1.0032258064516142,0.5-0.7
philosophy,codellama_codellama_34b_instruct,0.5852090032154341,0.24352245617674592,1.0032258064516162,0.5-0.7
philosophy,codellama_codellama_34b_instruct,0.5755627009646302,0.24507831137848823,1.003225806451615,0.5-0.7
philosophy,codellama_codellama_34b_instruct,0.5562700964630225,0.24762991390934688,1.0032258064516184,0.5-0.7
philosophy,codellama_codellama_34b_instruct,0.5627009646302251,0.24686235867648607,1.0032258064516137,0.5-0.7
philosophy,codellama_codellama_34b_instruct,0.5659163987138264,0.2464474639560217,1.003225806451615,0.5-0.7
philosophy,codellama_codellama_34b_instruct,0.5916398713826366,0.2423814956954678,1.003225806451615,0.5-0.7
philosophy,codellama_codellama_34b_instruct,0.594855305466238,0.2417798983507937,1.0032258064516137,0.5-0.7
philosophy,codellama_codellama_34b_instruct,0.5755627009646302,0.24507831137848823,1.003225806451615,0.5-0.7
philosophy,codellama_codellama_34b_instruct,0.594855305466238,0.24177989835079372,1.003225806451614,0.5-0.7
philosophy,codellama_codellama_34b_instruct,0.5916398713826366,0.2423814956954678,1.003225806451615,0.5-0.7
philosophy,codellama_codellama_34b_instruct,0.594855305466238,0.24177989835079358,1.0032258064516133,0.5-0.7
philosophy,codellama_codellama_34b_instruct,0.572347266881029,0.2455554403070218,1.0032258064516117,0.5-0.7
philosophy,codellama_codellama_34b_instruct,0.572347266881029,0.2455554403070218,1.0032258064516117,0.5-0.7
philosophy,codellama_codellama_34b_instruct,0.5819935691318328,0.24406181931334844,1.0032258064516095,0.5-0.7
philosophy,codellama_codellama_34b_instruct,0.5916398713826366,0.24238149569546785,1.0032258064516153,0.5-0.7
philosophy,codellama_codellama_34b_instruct,0.5916398713826366,0.24238149569546785,1.0032258064516153,0.5-0.7
philosophy,codellama_codellama_34b_instruct,0.5691318327974276,0.24601182449953266,1.0032258064516104,0.5-0.7
philosophy,codellama_codellama_34b_instruct,0.572347266881029,0.24555544030702167,1.003225806451611,0.5-0.7
philosophy,codellama_codellama_34b_instruct,0.5787781350482315,0.2445804377139287,1.003225806451607,0.5-0.7
philosophy,codellama_codellama_34b_instruct,0.5659163987138264,0.24644746395602177,1.0032258064516153,0.5-0.7
philosophy,codellama_codellama_34b_instruct,0.5819935691318328,0.2440618193133484,1.0032258064516093,0.5-0.7
philosophy,codellama_codellama_34b_instruct,0.5755627009646302,0.24507831137848823,1.003225806451615,0.5-0.7
philosophy,codellama_codellama_34b_instruct,0.6141479099678456,0.2377346748262638,1.0032258064516169,0.5-0.7
philosophy,codellama_codellama_34b_instruct,0.5787781350482315,0.24458043771392873,1.0032258064516073,0.5-0.7
philosophy,codellama_codellama_34b_instruct,0.5787781350482315,0.24458043771392873,1.0032258064516073,0.5-0.7
philosophy,codellama_codellama_34b_instruct,0.5659163987138264,0.24644746395602163,1.0032258064516149,0.5-0.7
philosophy,codellama_codellama_34b_instruct,0.5916398713826366,0.2423814956954679,1.0032258064516155,0.5-0.7
philosophy,codellama_codellama_34b_instruct,0.6077170418006431,0.23916606161186546,1.0032258064516106,0.5-0.7
philosophy,codellama_codellama_34b_instruct,0.6077170418006431,0.23916606161186546,1.0032258064516106,0.5-0.7
philosophy,codellama_codellama_34b_instruct,0.5787781350482315,0.24458043771392873,1.0032258064516073,0.5-0.7
philosophy,codellama_codellama_34b_instruct,0.5819935691318328,0.2440618193133484,1.0032258064516093,0.5-0.7
philosophy,codellama_codellama_34b_instruct,0.5819935691318328,0.2440618193133484,1.0032258064516093,0.5-0.7
philosophy,codellama_codellama_34b_instruct,0.5594855305466238,0.24725650866092685,1.003225806451611,0.5-0.7
philosophy,codellama_codellama_34b_instruct,0.5916398713826366,0.24238149569546794,1.0032258064516157,0.5-0.7
philosophy,codellama_codellama_34b_instruct,0.5819935691318328,0.24406181931334844,1.0032258064516095,0.5-0.7
philosophy,codellama_codellama_34b_instruct,0.5852090032154341,0.24352245617674595,1.0032258064516162,0.5-0.7
philosophy,codellama_codellama_34b_instruct,0.5819935691318328,0.2440618193133484,1.0032258064516093,0.5-0.7
philosophy,codellama_codellama_34b_instruct,0.5980707395498392,0.24115755627009597,1.0032258064516109,0.5-0.7
philosophy,codellama_codellama_34b_instruct,0.5884244372990354,0.24296234830411778,1.0032258064516129,0.5-0.7
philosophy,codellama_codellama_34b_instruct,0.5819935691318328,0.2440618193133484,1.0032258064516093,0.5-0.7
philosophy,codellama_codellama_34b_instruct,0.5787781350482315,0.24458043771392873,1.0032258064516073,0.5-0.7
philosophy,codellama_codellama_34b_instruct,0.5787781350482315,0.24458043771392873,1.0032258064516073,0.5-0.7
philosophy,codellama_codellama_34b_instruct,0.5916398713826366,0.24238149569546785,1.0032258064516153,0.5-0.7
philosophy,codellama_codellama_34b_instruct,0.5980707395498392,0.24115755627009597,1.0032258064516109,0.5-0.7
philosophy,codellama_codellama_34b_instruct,0.5884244372990354,0.24296234830411775,1.0032258064516126,0.5-0.7
philosophy,codellama_codellama_34b_instruct,0.5659163987138264,0.2464474639560218,1.0032258064516155,0.5-0.7
philosophy,codellama_codellama_34b_instruct,0.5594855305466238,0.24725650866092685,1.003225806451611,0.5-0.7
philosophy,codellama_codellama_34b_instruct,0.5594855305466238,0.24725650866092685,1.003225806451611,0.5-0.7
philosophy,codellama_codellama_34b_instruct,0.5530546623794212,0.2479825744217407,1.0032258064516137,0.5-0.7
philosophy,codellama_codellama_34b_instruct,0.5787781350482315,0.2445804377139287,1.003225806451607,0.5-0.7
philosophy,codellama_codellama_34b_instruct,0.5787781350482315,0.2445804377139287,1.003225806451607,0.5-0.7
philosophy,codellama_codellama_34b_instruct,0.5627009646302251,0.246862358676486,1.0032258064516135,0.5-0.7
philosophy,codellama_codellama_34b_instruct,0.5916398713826366,0.2423814956954679,1.0032258064516155,0.5-0.7
philosophy,codellama_codellama_34b_instruct,0.572347266881029,0.24555544030702178,1.0032258064516117,0.5-0.7
philosophy,codellama_codellama_34b_instruct,0.572347266881029,0.24555544030702164,1.003225806451611,0.5-0.7
philosophy,codellama_codellama_34b_instruct,0.5884244372990354,0.24296234830411786,1.003225806451613,0.5-0.7
philosophy,codellama_codellama_34b_instruct,0.5787781350482315,0.2445804377139287,1.003225806451607,0.5-0.7
philosophy,codellama_codellama_34b_instruct,0.5787781350482315,0.2445804377139287,1.003225806451607,0.5-0.7
philosophy,codellama_codellama_34b_instruct,0.5691318327974276,0.24601182449953263,1.0032258064516104,0.5-0.7
philosophy,codellama_codellama_34b_instruct,0.572347266881029,0.24555544030702178,1.0032258064516117,0.5-0.7
philosophy,codellama_codellama_34b_instruct,0.5852090032154341,0.243522456176746,1.0032258064516164,0.5-0.7
philosophy,codellama_codellama_34b_instruct,0.5755627009646302,0.24507831137848823,1.003225806451615,0.5-0.7
philosophy,codellama_codellama_34b_instruct,0.6045016077170418,0.23985063790063185,1.0032258064516093,0.5-0.7
philosophy,codellama_codellama_34b_instruct,0.5884244372990354,0.24296234830411784,1.003225806451613,0.5-0.7
philosophy,codellama_codellama_34b_instruct,0.5852090032154341,0.243522456176746,1.0032258064516164,0.5-0.7
philosophy,codellama_codellama_34b_instruct,0.594855305466238,0.2417798983507937,1.0032258064516137,0.5-0.7
philosophy,codellama_codellama_34b_instruct,0.594855305466238,0.2417798983507937,1.0032258064516137,0.5-0.7
philosophy,codellama_codellama_34b_instruct,0.5787781350482315,0.24458043771392873,1.0032258064516073,0.5-0.7
philosophy,codellama_codellama_34b_instruct,0.5884244372990354,0.24296234830411778,1.0032258064516129,0.5-0.7
philosophy,codellama_codellama_34b_instruct,0.5787781350482315,0.24458043771392873,1.0032258064516073,0.5-0.7
philosophy,codellama_codellama_34b_instruct,0.5659163987138264,0.2464474639560218,1.0032258064516155,0.5-0.7
philosophy,codellama_codellama_34b_instruct,0.5980707395498392,0.24115755627009597,1.0032258064516109,0.5-0.7
philosophy,codellama_codellama_34b_instruct,0.5980707395498392,0.24115755627009597,1.0032258064516109,0.5-0.7
philosophy,google_flan_t5_xl,0.4919614147909968,0.2507416243128301,1.0032258064516106,0.3-0.5
philosophy,google_flan_t5_xl,0.4983922829581994,0.25080385852090076,1.0032258064516146,0.3-0.5
philosophy,google_flan_t5_xl,0.5080385852090032,0.25074162431283037,1.003225806451612,0.5-0.7
philosophy,google_flan_t5_xl,0.5176848874598071,0.25049268748055126,1.0032258064516109,0.5-0.7
philosophy,google_flan_t5_xl,0.5016077170418006,0.2508038585209007,1.0032258064516144,0.5-0.7
philosophy,google_flan_t5_xl,0.4983922829581994,0.25080385852090076,1.0032258064516146,0.3-0.5
philosophy,google_flan_t5_xl,0.49517684887459806,0.2507831137848769,1.003225806451612,0.3-0.5
philosophy,google_flan_t5_xl,0.5048231511254019,0.25078311378487694,1.0032258064516124,0.5-0.7
philosophy,google_flan_t5_xl,0.5016077170418006,0.2508038585209007,1.0032258064516144,0.5-0.7
philosophy,google_flan_t5_xl,0.4790996784565916,0.25036821906441237,1.0032258064516126,0.3-0.5
philosophy,google_flan_t5_xl,0.4887459807073955,0.2506793901047613,1.0032258064516144,0.3-0.5
philosophy,google_flan_t5_xl,0.5048231511254019,0.25078311378487694,1.0032258064516124,0.5-0.7
philosophy,google_flan_t5_xl,0.5144694533762058,0.2505964111606677,1.0032258064516117,0.5-0.7
philosophy,google_flan_t5_xl,0.4855305466237942,0.25059641116066755,1.0032258064516113,0.3-0.5
philosophy,google_flan_t5_xl,0.5048231511254019,0.25078311378487694,1.0032258064516124,0.5-0.7
philosophy,google_flan_t5_xl,0.5112540192926045,0.25067939010476126,1.0032258064516142,0.5-0.7
philosophy,google_flan_t5_xl,0.4919614147909968,0.25074162431283015,1.0032258064516109,0.3-0.5
philosophy,google_flan_t5_xl,0.5080385852090032,0.25074162431283037,1.003225806451612,0.5-0.7
philosophy,google_flan_t5_xl,0.4919614147909968,0.25074162431283015,1.0032258064516109,0.3-0.5
philosophy,google_flan_t5_xl,0.5080385852090032,0.25074162431283037,1.003225806451612,0.5-0.7
philosophy,google_flan_t5_xl,0.5241157556270096,0.25022300591224983,1.0032258064516133,0.5-0.7
philosophy,google_flan_t5_xl,0.5112540192926045,0.25067939010476115,1.0032258064516137,0.5-0.7
philosophy,google_flan_t5_xl,0.5048231511254019,0.25078311378487694,1.0032258064516124,0.5-0.7
philosophy,google_flan_t5_xl,0.49517684887459806,0.2507831137848769,1.003225806451612,0.3-0.5
philosophy,google_flan_t5_xl,0.5016077170418006,0.2508038585209007,1.0032258064516144,0.5-0.7
philosophy,google_flan_t5_xl,0.5016077170418006,0.2508038585209007,1.0032258064516144,0.5-0.7
philosophy,google_flan_t5_xl,0.5176848874598071,0.25049268748055126,1.0032258064516109,0.5-0.7
philosophy,google_flan_t5_xl,0.5080385852090032,0.2507416243128303,1.0032258064516117,0.5-0.7
philosophy,google_flan_t5_xl,0.5305466237942122,0.24987034539985473,1.0032258064516126,0.5-0.7
philosophy,google_flan_t5_xl,0.5144694533762058,0.2505964111606677,1.0032258064516117,0.5-0.7
philosophy,google_flan_t5_xl,0.5144694533762058,0.2505964111606677,1.0032258064516117,0.5-0.7
philosophy,google_flan_t5_xl,0.5144694533762058,0.2505964111606677,1.0032258064516117,0.5-0.7
philosophy,google_flan_t5_xl,0.5080385852090032,0.25074162431283037,1.003225806451612,0.5-0.7
philosophy,google_flan_t5_xl,0.5016077170418006,0.2508038585209007,1.0032258064516144,0.5-0.7
philosophy,google_flan_t5_xl,0.4919614147909968,0.2507416243128301,1.0032258064516106,0.3-0.5
philosophy,google_flan_t5_xl,0.5048231511254019,0.25078311378487694,1.0032258064516124,0.5-0.7
philosophy,google_flan_t5_xl,0.5048231511254019,0.25078311378487694,1.0032258064516124,0.5-0.7
philosophy,google_flan_t5_xl,0.4919614147909968,0.25074162431283015,1.0032258064516109,0.3-0.5
philosophy,google_flan_t5_xl,0.4919614147909968,0.25074162431283015,1.0032258064516109,0.3-0.5
philosophy,google_flan_t5_xl,0.4919614147909968,0.25074162431283015,1.0032258064516109,0.3-0.5
philosophy,google_flan_t5_xl,0.5016077170418006,0.2508038585209007,1.0032258064516144,0.5-0.7
philosophy,google_flan_t5_xl,0.5144694533762058,0.2505964111606677,1.0032258064516117,0.5-0.7
philosophy,google_flan_t5_xl,0.5112540192926045,0.2506793901047613,1.0032258064516144,0.5-0.7
philosophy,google_flan_t5_xl,0.5144694533762058,0.2505964111606677,1.0032258064516117,0.5-0.7
philosophy,google_flan_t5_xl,0.5080385852090032,0.25074162431283037,1.003225806451612,0.5-0.7
philosophy,google_flan_t5_xl,0.5080385852090032,0.25074162431283037,1.003225806451612,0.5-0.7
philosophy,google_flan_t5_xl,0.5176848874598071,0.25049268748055126,1.0032258064516109,0.5-0.7
philosophy,google_flan_t5_xl,0.5080385852090032,0.25074162431283037,1.003225806451612,0.5-0.7
philosophy,google_flan_t5_xl,0.5048231511254019,0.25078311378487694,1.0032258064516124,0.5-0.7
philosophy,google_flan_t5_xl,0.49517684887459806,0.2507831137848769,1.003225806451612,0.3-0.5
philosophy,google_flan_t5_xl,0.4919614147909968,0.25074162431283015,1.0032258064516109,0.3-0.5
philosophy,google_flan_t5_xl,0.4887459807073955,0.2506793901047613,1.0032258064516144,0.3-0.5
philosophy,google_flan_t5_xl,0.5176848874598071,0.25049268748055126,1.0032258064516109,0.5-0.7
philosophy,google_flan_t5_xl,0.4983922829581994,0.25080385852090076,1.0032258064516146,0.3-0.5
philosophy,google_flan_t5_xl,0.4919614147909968,0.25074162431283015,1.0032258064516109,0.3-0.5
philosophy,google_flan_t5_xl,0.4919614147909968,0.25074162431283015,1.0032258064516109,0.3-0.5
philosophy,google_flan_t5_xl,0.5176848874598071,0.25049268748055126,1.0032258064516109,0.5-0.7
philosophy,google_flan_t5_xl,0.49517684887459806,0.2507831137848769,1.003225806451612,0.3-0.5
philosophy,google_flan_t5_xl,0.4919614147909968,0.25074162431283015,1.0032258064516109,0.3-0.5
philosophy,google_flan_t5_xl,0.5080385852090032,0.2507416243128303,1.0032258064516117,0.5-0.7
philosophy,google_flan_t5_xl,0.5016077170418006,0.2508038585209007,1.0032258064516144,0.5-0.7
philosophy,google_flan_t5_xl,0.5016077170418006,0.2508038585209007,1.0032258064516144,0.5-0.7
philosophy,google_flan_t5_xl,0.4983922829581994,0.25080385852090076,1.0032258064516146,0.3-0.5
philosophy,google_flan_t5_xl,0.5048231511254019,0.25078311378487694,1.0032258064516124,0.5-0.7
philosophy,google_flan_t5_xl,0.49517684887459806,0.2507831137848769,1.003225806451612,0.3-0.5
philosophy,google_flan_t5_xl,0.5016077170418006,0.2508038585209007,1.0032258064516144,0.5-0.7
philosophy,google_flan_t5_xl,0.5016077170418006,0.25080385852090076,1.0032258064516146,0.5-0.7
philosophy,google_flan_t5_xl,0.4790996784565916,0.25036821906441237,1.0032258064516126,0.3-0.5
philosophy,google_flan_t5_xl,0.4790996784565916,0.25036821906441237,1.0032258064516126,0.3-0.5
philosophy,google_flan_t5_xl,0.4758842443729904,0.2502230059122498,1.003225806451613,0.3-0.5
philosophy,google_flan_t5_xl,0.4983922829581994,0.25080385852090076,1.0032258064516146,0.3-0.5
philosophy,google_flan_t5_xl,0.5144694533762058,0.2505964111606677,1.0032258064516117,0.5-0.7
philosophy,google_flan_t5_xl,0.4983922829581994,0.25080385852090076,1.0032258064516146,0.3-0.5
philosophy,google_flan_t5_xl,0.49517684887459806,0.25078311378487694,1.0032258064516122,0.3-0.5
philosophy,google_flan_t5_xl,0.4919614147909968,0.25074162431283015,1.0032258064516109,0.3-0.5
philosophy,google_flan_t5_xl,0.5144694533762058,0.2505964111606677,1.0032258064516117,0.5-0.7
philosophy,google_flan_t5_xl,0.4983922829581994,0.25080385852090076,1.0032258064516146,0.3-0.5
philosophy,google_flan_t5_xl,0.4983922829581994,0.25080385852090076,1.0032258064516146,0.3-0.5
philosophy,google_flan_t5_xl,0.5112540192926045,0.2506793901047612,1.003225806451614,0.5-0.7
philosophy,google_flan_t5_xl,0.5048231511254019,0.2507831137848769,1.0032258064516122,0.5-0.7
philosophy,google_flan_t5_xl,0.5080385852090032,0.2507416243128303,1.0032258064516117,0.5-0.7
philosophy,google_flan_t5_xl,0.5016077170418006,0.25080385852090076,1.0032258064516146,0.5-0.7
philosophy,google_flan_t5_xl,0.5144694533762058,0.2505964111606677,1.0032258064516117,0.5-0.7
philosophy,google_flan_t5_xl,0.5144694533762058,0.25059641116066766,1.0032258064516115,0.5-0.7
philosophy,google_flan_t5_xl,0.5112540192926045,0.2506793901047612,1.003225806451614,0.5-0.7
philosophy,google_flan_t5_xl,0.5080385852090032,0.25074162431283037,1.003225806451612,0.5-0.7
philosophy,google_flan_t5_xl,0.5048231511254019,0.25078311378487694,1.0032258064516124,0.5-0.7
philosophy,google_flan_t5_xl,0.5144694533762058,0.2505964111606677,1.0032258064516117,0.5-0.7
philosophy,google_flan_t5_xl,0.5112540192926045,0.2506793901047612,1.003225806451614,0.5-0.7
philosophy,google_flan_t5_xl,0.5144694533762058,0.2505964111606677,1.0032258064516117,0.5-0.7
philosophy,google_flan_t5_xl,0.5209003215434084,0.25036821906441237,1.0032258064516126,0.5-0.7
philosophy,google_flan_t5_xl,0.5144694533762058,0.2505964111606677,1.0032258064516117,0.5-0.7
philosophy,google_flan_t5_xl,0.5080385852090032,0.2507416243128303,1.0032258064516117,0.5-0.7
philosophy,google_flan_t5_xl,0.5466237942122186,0.2486256612384612,1.0032258064516146,0.5-0.7
philosophy,google_flan_t5_xl,0.5434083601286174,0.24891608754278588,1.0032258064516124,0.5-0.7
philosophy,google_flan_t5_xl,0.5176848874598071,0.25049268748055126,1.0032258064516109,0.5-0.7
philosophy,google_flan_t5_xl,0.5144694533762058,0.2505964111606677,1.0032258064516117,0.5-0.7
philosophy,google_flan_t5_xl,0.5209003215434084,0.2503682190644123,1.0032258064516124,0.5-0.7
philosophy,google_flan_t5_xl,0.5048231511254019,0.25078311378487694,1.0032258064516124,0.5-0.7
philosophy,google_flan_t5_xl,0.5080385852090032,0.2507416243128303,1.0032258064516117,0.5-0.7
philosophy,google_gemma_7b_it,0.5916398713826366,0.24238149569546794,1.0032258064516157,0.5-0.7
philosophy,google_gemma_7b_it,0.5852090032154341,0.24352245617674595,1.0032258064516162,0.5-0.7
philosophy,google_gemma_7b_it,0.5852090032154341,0.24352245617674592,1.0032258064516162,0.5-0.7
philosophy,google_gemma_7b_it,0.5980707395498392,0.2411575562700959,1.0032258064516106,0.5-0.7
philosophy,google_gemma_7b_it,0.572347266881029,0.24555544030702178,1.0032258064516117,0.5-0.7
philosophy,google_gemma_7b_it,0.572347266881029,0.24555544030702178,1.0032258064516117,0.5-0.7
philosophy,google_gemma_7b_it,0.5691318327974276,0.24601182449953263,1.0032258064516104,0.5-0.7
philosophy,google_gemma_7b_it,0.5530546623794212,0.2479825744217405,1.0032258064516129,0.5-0.7
philosophy,google_gemma_7b_it,0.5691318327974276,0.24601182449953266,1.0032258064516104,0.5-0.7
philosophy,google_gemma_7b_it,0.5819935691318328,0.2440618193133484,1.0032258064516093,0.5-0.7
philosophy,google_gemma_7b_it,0.5434083601286174,0.24891608754278594,1.0032258064516126,0.5-0.7
philosophy,google_gemma_7b_it,0.5562700964630225,0.24762991390934697,1.0032258064516189,0.5-0.7
philosophy,google_gemma_7b_it,0.5659163987138264,0.24644746395602166,1.0032258064516149,0.5-0.7
philosophy,google_gemma_7b_it,0.5337620578778135,0.24966289803962236,1.0032258064516126,0.5-0.7
philosophy,google_gemma_7b_it,0.5627009646302251,0.246862358676486,1.0032258064516135,0.5-0.7
philosophy,google_gemma_7b_it,0.5144694533762058,0.2505964111606676,1.0032258064516113,0.5-0.7
philosophy,google_gemma_7b_it,0.5369774919614148,0.24943470594336623,1.0032258064516104,0.5-0.7
philosophy,google_gemma_7b_it,0.5627009646302251,0.24686235867648598,1.0032258064516135,0.5-0.7
philosophy,google_gemma_7b_it,0.5466237942122186,0.24862566123846133,1.0032258064516153,0.5-0.7
philosophy,google_gemma_7b_it,0.5594855305466238,0.24725650866092685,1.003225806451611,0.5-0.7
philosophy,google_gemma_7b_it,0.5530546623794212,0.24798257442174043,1.0032258064516126,0.5-0.7
philosophy,google_gemma_7b_it,0.5305466237942122,0.24987034539985448,1.0032258064516117,0.5-0.7
philosophy,google_gemma_7b_it,0.5434083601286174,0.24891608754278594,1.0032258064516126,0.5-0.7
philosophy,google_gemma_7b_it,0.5369774919614148,0.24943470594336628,1.0032258064516106,0.5-0.7
philosophy,google_gemma_7b_it,0.5466237942122186,0.2486256612384613,1.003225806451615,0.5-0.7
philosophy,google_gemma_7b_it,0.5434083601286174,0.24891608754278594,1.0032258064516126,0.5-0.7
philosophy,google_gemma_7b_it,0.5337620578778135,0.2496628980396223,1.0032258064516124,0.5-0.7
philosophy,google_gemma_7b_it,0.5434083601286174,0.24891608754278594,1.0032258064516126,0.5-0.7
philosophy,google_gemma_7b_it,0.5112540192926045,0.25067939010476126,1.0032258064516142,0.5-0.7
philosophy,google_gemma_7b_it,0.5401929260450161,0.24918576911108875,1.0032258064516157,0.5-0.7
philosophy,google_gemma_7b_it,0.5466237942122186,0.24862566123846125,1.0032258064516149,0.5-0.7
philosophy,google_gemma_7b_it,0.5530546623794212,0.24798257442174057,1.0032258064516133,0.5-0.7
philosophy,google_gemma_7b_it,0.5434083601286174,0.24891608754278594,1.0032258064516126,0.5-0.7
philosophy,google_gemma_7b_it,0.5627009646302251,0.246862358676486,1.0032258064516135,0.5-0.7
philosophy,google_gemma_7b_it,0.5594855305466238,0.24725650866092685,1.003225806451611,0.5-0.7
philosophy,google_gemma_7b_it,0.5819935691318328,0.2440618193133484,1.0032258064516093,0.5-0.7
philosophy,google_gemma_7b_it,0.5819935691318328,0.2440618193133484,1.0032258064516093,0.5-0.7
philosophy,google_gemma_7b_it,0.5562700964630225,0.2476299139093469,1.0032258064516186,0.5-0.7
philosophy,google_gemma_7b_it,0.5594855305466238,0.24725650866092685,1.003225806451611,0.5-0.7
philosophy,google_gemma_7b_it,0.5594855305466238,0.24725650866092685,1.003225806451611,0.5-0.7
philosophy,google_gemma_7b_it,0.5594855305466238,0.24725650866092685,1.003225806451611,0.5-0.7
philosophy,google_gemma_7b_it,0.5562700964630225,0.2476299139093469,1.0032258064516186,0.5-0.7
philosophy,google_gemma_7b_it,0.5691318327974276,0.24601182449953263,1.0032258064516104,0.5-0.7
philosophy,google_gemma_7b_it,0.5659163987138264,0.2464474639560217,1.003225806451615,0.5-0.7
philosophy,google_gemma_7b_it,0.5755627009646302,0.2450783113784883,1.0032258064516153,0.5-0.7
philosophy,google_gemma_7b_it,0.5852090032154341,0.24352245617674595,1.0032258064516162,0.5-0.7
philosophy,google_gemma_7b_it,0.5659163987138264,0.24644746395602163,1.0032258064516149,0.5-0.7
philosophy,google_gemma_7b_it,0.5627009646302251,0.246862358676486,1.0032258064516135,0.5-0.7
philosophy,google_gemma_7b_it,0.5498392282958199,0.2483144901981117,1.0032258064516106,0.5-0.7
philosophy,google_gemma_7b_it,0.5852090032154341,0.24352245617674595,1.0032258064516162,0.5-0.7
philosophy,google_gemma_7b_it,0.5530546623794212,0.24798257442174054,1.003225806451613,0.5-0.7
philosophy,google_gemma_7b_it,0.5530546623794212,0.24798257442174054,1.003225806451613,0.5-0.7
philosophy,google_gemma_7b_it,0.5466237942122186,0.2486256612384612,1.0032258064516146,0.5-0.7
philosophy,google_gemma_7b_it,0.5659163987138264,0.2464474639560217,1.003225806451615,0.5-0.7
philosophy,google_gemma_7b_it,0.572347266881029,0.24555544030702173,1.0032258064516113,0.5-0.7
philosophy,google_gemma_7b_it,0.5659163987138264,0.2464474639560217,1.003225806451615,0.5-0.7
philosophy,google_gemma_7b_it,0.5627009646302251,0.24686235867648598,1.0032258064516135,0.5-0.7
philosophy,google_gemma_7b_it,0.5594855305466238,0.24725650866092685,1.003225806451611,0.5-0.7
philosophy,google_gemma_7b_it,0.5594855305466238,0.24725650866092685,1.003225806451611,0.5-0.7
philosophy,google_gemma_7b_it,0.5562700964630225,0.2476299139093469,1.0032258064516186,0.5-0.7
philosophy,google_gemma_7b_it,0.5755627009646302,0.2450783113784883,1.0032258064516153,0.5-0.7
philosophy,google_gemma_7b_it,0.5401929260450161,0.24918576911108875,1.0032258064516157,0.5-0.7
philosophy,google_gemma_7b_it,0.5401929260450161,0.24918576911108875,1.0032258064516157,0.5-0.7
philosophy,google_gemma_7b_it,0.5916398713826366,0.24238149569546794,1.0032258064516157,0.5-0.7
philosophy,google_gemma_7b_it,0.5819935691318328,0.2440618193133484,1.0032258064516093,0.5-0.7
philosophy,google_gemma_7b_it,0.5627009646302251,0.24686235867648598,1.0032258064516135,0.5-0.7
philosophy,google_gemma_7b_it,0.5627009646302251,0.246862358676486,1.0032258064516135,0.5-0.7
philosophy,google_gemma_7b_it,0.5980707395498392,0.2411575562700959,1.0032258064516106,0.5-0.7
philosophy,google_gemma_7b_it,0.5530546623794212,0.24798257442174063,1.0032258064516135,0.5-0.7
philosophy,google_gemma_7b_it,0.5627009646302251,0.24686235867648612,1.003225806451614,0.5-0.7
philosophy,google_gemma_7b_it,0.5594855305466238,0.24725650866092685,1.003225806451611,0.5-0.7
philosophy,google_gemma_7b_it,0.5434083601286174,0.24891608754278594,1.0032258064516126,0.5-0.7
philosophy,google_gemma_7b_it,0.572347266881029,0.24555544030702178,1.0032258064516117,0.5-0.7
philosophy,google_gemma_7b_it,0.5627009646302251,0.24686235867648598,1.0032258064516135,0.5-0.7
philosophy,google_gemma_7b_it,0.5594855305466238,0.2472565086609269,1.0032258064516113,0.5-0.7
philosophy,google_gemma_7b_it,0.5048231511254019,0.25078311378487694,1.0032258064516124,0.5-0.7
philosophy,google_gemma_7b_it,0.5562700964630225,0.2476299139093469,1.0032258064516186,0.5-0.7
philosophy,google_gemma_7b_it,0.5562700964630225,0.2476299139093469,1.0032258064516186,0.5-0.7
philosophy,google_gemma_7b_it,0.43086816720257237,0.24601182449953266,1.0032258064516104,0.3-0.5
philosophy,google_gemma_7b_it,0.572347266881029,0.24555544030702173,1.0032258064516113,0.5-0.7
philosophy,google_gemma_7b_it,0.5562700964630225,0.24762991390934688,1.0032258064516184,0.5-0.7
philosophy,google_gemma_7b_it,0.5691318327974276,0.24601182449953263,1.0032258064516104,0.5-0.7
philosophy,google_gemma_7b_it,0.5755627009646302,0.2450783113784883,1.0032258064516153,0.5-0.7
philosophy,google_gemma_7b_it,0.5594855305466238,0.24725650866092685,1.003225806451611,0.5-0.7
philosophy,google_gemma_7b_it,0.5594855305466238,0.2472565086609269,1.0032258064516113,0.5-0.7
philosophy,google_gemma_7b_it,0.5691318327974276,0.24601182449953266,1.0032258064516104,0.5-0.7
philosophy,google_gemma_7b_it,0.5562700964630225,0.24762991390934688,1.0032258064516184,0.5-0.7
philosophy,google_gemma_7b_it,0.5787781350482315,0.24458043771392873,1.0032258064516073,0.5-0.7
philosophy,google_gemma_7b_it,0.5787781350482315,0.2445804377139288,1.0032258064516075,0.5-0.7
philosophy,google_gemma_7b_it,0.5369774919614148,0.24943470594336617,1.0032258064516102,0.5-0.7
philosophy,google_gemma_7b_it,0.5627009646302251,0.24686235867648612,1.003225806451614,0.5-0.7
philosophy,google_gemma_7b_it,0.5530546623794212,0.2479825744217407,1.0032258064516137,0.5-0.7
philosophy,google_gemma_7b_it,0.5659163987138264,0.24644746395602166,1.0032258064516149,0.5-0.7
philosophy,google_gemma_7b_it,0.5819935691318328,0.2440618193133484,1.0032258064516093,0.5-0.7
philosophy,google_gemma_7b_it,0.5112540192926045,0.25067939010476126,1.0032258064516142,0.5-0.7
philosophy,google_gemma_7b_it,0.5691318327974276,0.24601182449953263,1.0032258064516104,0.5-0.7
philosophy,google_gemma_7b_it,0.5594855305466238,0.24725650866092685,1.003225806451611,0.5-0.7
philosophy,google_gemma_7b_it,0.5627009646302251,0.24686235867648607,1.0032258064516137,0.5-0.7
philosophy,google_gemma_7b_it,0.5562700964630225,0.24762991390934688,1.0032258064516184,0.5-0.7
philosophy,google_gemma_7b_it,0.5562700964630225,0.24762991390934688,1.0032258064516184,0.5-0.7
philosophy,meta_llama_llama_3_70b_instruct,0.797427652733119,0.16205787781350575,1.0032258064516189,0.7-0.9
philosophy,meta_llama_llama_3_70b_instruct,0.7909967845659164,0.16585416450575632,1.0032258064516109,0.7-0.9
philosophy,meta_llama_llama_3_70b_instruct,0.8038585209003215,0.15817861217715987,1.0032258064516117,0.7-0.9
philosophy,meta_llama_llama_3_70b_instruct,0.8038585209003215,0.1581786121771598,1.0032258064516113,0.7-0.9
philosophy,meta_llama_llama_3_70b_instruct,0.8070739549839229,0.15620786225495326,1.003225806451616,0.7-0.9
philosophy,meta_llama_llama_3_70b_instruct,0.8135048231511254,0.1522041282024689,1.0032258064516144,0.7-0.9
philosophy,meta_llama_llama_3_70b_instruct,0.8135048231511254,0.1522041282024689,1.0032258064516144,0.7-0.9
philosophy,meta_llama_llama_3_70b_instruct,0.8102893890675241,0.1542163675967225,1.003225806451614,0.7-0.9
philosophy,meta_llama_llama_3_70b_instruct,0.8102893890675241,0.1542163675967225,1.003225806451614,0.7-0.9
philosophy,meta_llama_llama_3_70b_instruct,0.8038585209003215,0.1581786121771599,1.0032258064516117,0.7-0.9
philosophy,meta_llama_llama_3_70b_instruct,0.8102893890675241,0.1542163675967225,1.003225806451614,0.7-0.9
philosophy,meta_llama_llama_3_70b_instruct,0.8167202572347267,0.15017114407219218,1.0032258064516164,0.7-0.9
philosophy,meta_llama_llama_3_70b_instruct,0.8135048231511254,0.15220412820246887,1.0032258064516144,0.7-0.9
philosophy,meta_llama_llama_3_70b_instruct,0.8102893890675241,0.1542163675967225,1.003225806451614,0.7-0.9
philosophy,meta_llama_llama_3_70b_instruct,0.8135048231511254,0.15220412820246887,1.0032258064516144,0.7-0.9
philosophy,meta_llama_llama_3_70b_instruct,0.8070739549839229,0.15620786225495323,1.0032258064516157,0.7-0.9
philosophy,meta_llama_llama_3_70b_instruct,0.8167202572347267,0.1501711440721922,1.0032258064516166,0.7-0.9
philosophy,meta_llama_llama_3_70b_instruct,0.8102893890675241,0.1542163675967225,1.003225806451614,0.7-0.9
philosophy,meta_llama_llama_3_70b_instruct,0.8231511254019293,0.146042941603568,1.0032258064516122,0.7-0.9
philosophy,meta_llama_llama_3_70b_instruct,0.8167202572347267,0.1501711440721922,1.0032258064516166,0.7-0.9
philosophy,meta_llama_llama_3_70b_instruct,0.8102893890675241,0.1542163675967225,1.003225806451614,0.7-0.9
philosophy,meta_llama_llama_3_70b_instruct,0.8135048231511254,0.15220412820246887,1.0032258064516144,0.7-0.9
philosophy,meta_llama_llama_3_70b_instruct,0.8006430868167203,0.16012861736334416,1.0032258064516135,0.7-0.9
philosophy,meta_llama_llama_3_70b_instruct,0.8006430868167203,0.16012861736334416,1.0032258064516135,0.7-0.9
philosophy,meta_llama_llama_3_70b_instruct,0.8102893890675241,0.15421636759672253,1.0032258064516142,0.7-0.9
philosophy,meta_llama_llama_3_70b_instruct,0.8006430868167203,0.16012861736334416,1.0032258064516135,0.7-0.9
philosophy,meta_llama_llama_3_70b_instruct,0.8167202572347267,0.1501711440721922,1.0032258064516166,0.7-0.9
philosophy,meta_llama_llama_3_70b_instruct,0.8102893890675241,0.15421636759672247,1.0032258064516137,0.7-0.9
philosophy,meta_llama_llama_3_70b_instruct,0.819935691318328,0.1481174152058909,1.0032258064516086,0.7-0.9
philosophy,meta_llama_llama_3_70b_instruct,0.8102893890675241,0.1542163675967225,1.003225806451614,0.7-0.9
philosophy,meta_llama_llama_3_70b_instruct,0.8167202572347267,0.1501711440721922,1.0032258064516166,0.7-0.9
philosophy,meta_llama_llama_3_70b_instruct,0.8102893890675241,0.15421636759672244,1.0032258064516137,0.7-0.9
philosophy,meta_llama_llama_3_70b_instruct,0.8135048231511254,0.15220412820246895,1.0032258064516149,0.7-0.9
philosophy,meta_llama_llama_3_70b_instruct,0.8327974276527331,0.13969505238045885,1.0032258064516157,0.7-0.9
philosophy,meta_llama_llama_3_70b_instruct,0.8135048231511254,0.15220412820246895,1.0032258064516149,0.7-0.9
philosophy,meta_llama_llama_3_70b_instruct,0.8135048231511254,0.1522041282024689,1.0032258064516144,0.7-0.9
philosophy,meta_llama_llama_3_70b_instruct,0.8102893890675241,0.15421636759672253,1.0032258064516142,0.7-0.9
philosophy,meta_llama_llama_3_70b_instruct,0.8295819935691319,0.14183176019085114,1.00322580645161,0.7-0.9
philosophy,meta_llama_llama_3_70b_instruct,0.8327974276527331,0.13969505238045882,1.0032258064516155,0.7-0.9
philosophy,meta_llama_llama_3_70b_instruct,0.8392282958199357,0.13535940255160214,1.0032258064516104,0.7-0.9
philosophy,meta_llama_llama_3_70b_instruct,0.8231511254019293,0.14604294160356807,1.0032258064516126,0.7-0.9
philosophy,meta_llama_llama_3_70b_instruct,0.8295819935691319,0.14183176019085114,1.00322580645161,0.7-0.9
philosophy,meta_llama_llama_3_70b_instruct,0.8295819935691319,0.1418317601908511,1.0032258064516097,0.7-0.9
philosophy,meta_llama_llama_3_70b_instruct,0.8295819935691319,0.1418317601908511,1.0032258064516097,0.7-0.9
philosophy,meta_llama_llama_3_70b_instruct,0.8102893890675241,0.15421636759672255,1.0032258064516144,0.7-0.9
philosophy,meta_llama_llama_3_70b_instruct,0.8167202572347267,0.1501711440721922,1.0032258064516166,0.7-0.9
philosophy,meta_llama_llama_3_70b_instruct,0.8360128617363344,0.1375375998340425,1.0032258064516157,0.7-0.9
philosophy,meta_llama_llama_3_70b_instruct,0.8295819935691319,0.1418317601908511,1.0032258064516097,0.7-0.9
philosophy,meta_llama_llama_3_70b_instruct,0.8135048231511254,0.15220412820246895,1.0032258064516149,0.7-0.9
philosophy,meta_llama_llama_3_70b_instruct,0.8295819935691319,0.14183176019085114,1.00322580645161,0.7-0.9
philosophy,meta_llama_llama_3_70b_instruct,0.8263665594855305,0.1439477232652208,1.0032258064516082,0.7-0.9
philosophy,meta_llama_llama_3_70b_instruct,0.8360128617363344,0.13753759983404248,1.0032258064516155,0.7-0.9
philosophy,meta_llama_llama_3_70b_instruct,0.8263665594855305,0.1439477232652208,1.0032258064516082,0.7-0.9
philosophy,meta_llama_llama_3_70b_instruct,0.8231511254019293,0.1460429416035681,1.0032258064516129,0.7-0.9
philosophy,meta_llama_llama_3_70b_instruct,0.819935691318328,0.1481174152058909,1.0032258064516086,0.7-0.9
philosophy,meta_llama_llama_3_70b_instruct,0.8263665594855305,0.1439477232652208,1.0032258064516082,0.7-0.9
philosophy,meta_llama_llama_3_70b_instruct,0.8231511254019293,0.14604294160356812,1.0032258064516129,0.7-0.9
philosophy,meta_llama_llama_3_70b_instruct,0.8231511254019293,0.14604294160356812,1.0032258064516129,0.7-0.9
philosophy,meta_llama_llama_3_70b_instruct,0.8231511254019293,0.1460429416035681,1.0032258064516129,0.7-0.9
philosophy,meta_llama_llama_3_70b_instruct,0.8360128617363344,0.1375375998340425,1.0032258064516157,0.7-0.9
philosophy,meta_llama_llama_3_70b_instruct,0.8231511254019293,0.1460429416035681,1.0032258064516129,0.7-0.9
philosophy,meta_llama_llama_3_70b_instruct,0.8167202572347267,0.1501711440721922,1.0032258064516166,0.7-0.9
philosophy,meta_llama_llama_3_70b_instruct,0.8231511254019293,0.14604294160356804,1.0032258064516124,0.7-0.9
philosophy,meta_llama_llama_3_70b_instruct,0.8295819935691319,0.14183176019085109,1.0032258064516095,0.7-0.9
philosophy,meta_llama_llama_3_70b_instruct,0.8295819935691319,0.14183176019085109,1.0032258064516095,0.7-0.9
philosophy,meta_llama_llama_3_70b_instruct,0.819935691318328,0.14811741520589086,1.0032258064516086,0.7-0.9
philosophy,meta_llama_llama_3_70b_instruct,0.8263665594855305,0.1439477232652208,1.0032258064516082,0.7-0.9
philosophy,meta_llama_llama_3_70b_instruct,0.8392282958199357,0.13535940255160214,1.0032258064516104,0.7-0.9
philosophy,meta_llama_llama_3_70b_instruct,0.8231511254019293,0.14604294160356804,1.0032258064516124,0.7-0.9
philosophy,meta_llama_llama_3_70b_instruct,0.8231511254019293,0.146042941603568,1.0032258064516122,0.7-0.9
philosophy,meta_llama_llama_3_70b_instruct,0.8167202572347267,0.1501711440721922,1.0032258064516166,0.7-0.9
philosophy,meta_llama_llama_3_70b_instruct,0.8231511254019293,0.14604294160356804,1.0032258064516124,0.7-0.9
philosophy,meta_llama_llama_3_70b_instruct,0.819935691318328,0.14811741520589092,1.0032258064516089,0.7-0.9
philosophy,meta_llama_llama_3_70b_instruct,0.8167202572347267,0.15017114407219231,1.0032258064516173,0.7-0.9
philosophy,meta_llama_llama_3_70b_instruct,0.8231511254019293,0.14604294160356807,1.0032258064516126,0.7-0.9
philosophy,meta_llama_llama_3_70b_instruct,0.8102893890675241,0.15421636759672258,1.0032258064516146,0.7-0.9
philosophy,meta_llama_llama_3_70b_instruct,0.8070739549839229,0.15620786225495323,1.0032258064516157,0.7-0.9
philosophy,meta_llama_llama_3_70b_instruct,0.8070739549839229,0.15620786225495323,1.0032258064516157,0.7-0.9
philosophy,meta_llama_llama_3_70b_instruct,0.8006430868167203,0.16012861736334416,1.0032258064516135,0.7-0.9
philosophy,meta_llama_llama_3_70b_instruct,0.8102893890675241,0.15421636759672258,1.0032258064516146,0.7-0.9
philosophy,meta_llama_llama_3_70b_instruct,0.8038585209003215,0.1581786121771597,1.0032258064516106,0.7-0.9
philosophy,meta_llama_llama_3_70b_instruct,0.8102893890675241,0.15421636759672255,1.0032258064516144,0.7-0.9
philosophy,meta_llama_llama_3_70b_instruct,0.8231511254019293,0.14604294160356804,1.0032258064516124,0.7-0.9
philosophy,meta_llama_llama_3_70b_instruct,0.8263665594855305,0.14394772326522084,1.0032258064516086,0.7-0.9
philosophy,meta_llama_llama_3_70b_instruct,0.8167202572347267,0.1501711440721922,1.0032258064516166,0.7-0.9
philosophy,meta_llama_llama_3_70b_instruct,0.819935691318328,0.1481174152058909,1.0032258064516086,0.7-0.9
philosophy,meta_llama_llama_3_70b_instruct,0.8167202572347267,0.1501711440721922,1.0032258064516166,0.7-0.9
philosophy,meta_llama_llama_3_70b_instruct,0.8263665594855305,0.14394772326522084,1.0032258064516086,0.7-0.9
philosophy,meta_llama_llama_3_70b_instruct,0.8070739549839229,0.15620786225495323,1.0032258064516157,0.7-0.9
philosophy,meta_llama_llama_3_70b_instruct,0.8135048231511254,0.15220412820246895,1.0032258064516149,0.7-0.9
philosophy,meta_llama_llama_3_70b_instruct,0.8038585209003215,0.15817861217715976,1.0032258064516109,0.7-0.9
philosophy,meta_llama_llama_3_70b_instruct,0.8135048231511254,0.15220412820246898,1.003225806451615,0.7-0.9
philosophy,meta_llama_llama_3_70b_instruct,0.8295819935691319,0.14183176019085114,1.00322580645161,0.7-0.9
philosophy,meta_llama_llama_3_70b_instruct,0.8295819935691319,0.14183176019085109,1.0032258064516095,0.7-0.9
philosophy,meta_llama_llama_3_70b_instruct,0.8263665594855305,0.1439477232652208,1.0032258064516082,0.7-0.9
philosophy,meta_llama_llama_3_70b_instruct,0.8231511254019293,0.146042941603568,1.0032258064516122,0.7-0.9
philosophy,meta_llama_llama_3_70b_instruct,0.8263665594855305,0.1439477232652208,1.0032258064516082,0.7-0.9
philosophy,meta_llama_llama_3_70b_instruct,0.8295819935691319,0.14183176019085109,1.0032258064516095,0.7-0.9
philosophy,meta_llama_llama_3_70b_instruct,0.8102893890675241,0.1542163675967225,1.003225806451614,0.7-0.9
philosophy,meta_llama_llama_3_70b_instruct,0.8263665594855305,0.1439477232652208,1.0032258064516082,0.7-0.9
philosophy,meta_llama_llama_3_8b_instruct,0.7170418006430869,0.20354734985997183,1.003225806451607,0.7-0.9
philosophy,meta_llama_llama_3_8b_instruct,0.7138263665594855,0.20493724717352926,1.0032258064516106,0.7-0.9
philosophy,meta_llama_llama_3_8b_instruct,0.7106109324758842,0.20630639975106438,1.0032258064516189,0.7-0.9
philosophy,meta_llama_llama_3_8b_instruct,0.7009646302250804,0.21028938906752345,1.0032258064516097,0.7-0.9
philosophy,meta_llama_llama_3_8b_instruct,0.7138263665594855,0.20493724717352924,1.0032258064516104,0.7-0.9
philosophy,meta_llama_llama_3_8b_instruct,0.7009646302250804,0.21028938906752348,1.00322580645161,0.7-0.9
philosophy,meta_llama_llama_3_8b_instruct,0.7170418006430869,0.2035473498599718,1.0032258064516069,0.7-0.9
philosophy,meta_llama_llama_3_8b_instruct,0.7170418006430869,0.2035473498599718,1.0032258064516069,0.7-0.9
philosophy,meta_llama_llama_3_8b_instruct,0.7138263665594855,0.20493724717352926,1.0032258064516106,0.7-0.9
philosophy,meta_llama_llama_3_8b_instruct,0.7106109324758842,0.20630639975106435,1.0032258064516186,0.7-0.9
philosophy,meta_llama_llama_3_8b_instruct,0.7106109324758842,0.20630639975106435,1.0032258064516186,0.7-0.9
philosophy,meta_llama_llama_3_8b_instruct,0.7138263665594855,0.20493724717352924,1.0032258064516104,0.7-0.9
philosophy,meta_llama_llama_3_8b_instruct,0.7234726688102894,0.2007053210247896,1.003225806451611,0.7-0.9
philosophy,meta_llama_llama_3_8b_instruct,0.7138263665594855,0.20493724717352926,1.0032258064516106,0.7-0.9
philosophy,meta_llama_llama_3_8b_instruct,0.7234726688102894,0.2007053210247895,1.0032258064516106,0.7-0.9
philosophy,meta_llama_llama_3_8b_instruct,0.7202572347266881,0.2021367078103937,1.0032258064516157,0.7-0.9
philosophy,meta_llama_llama_3_8b_instruct,0.7106109324758842,0.20630639975106432,1.0032258064516184,0.7-0.9
philosophy,meta_llama_llama_3_8b_instruct,0.7331189710610932,0.19628669225184173,1.0032258064516162,0.7-0.9
philosophy,meta_llama_llama_3_8b_instruct,0.7266881028938906,0.1992531895031638,1.003225806451614,0.7-0.9
philosophy,meta_llama_llama_3_8b_instruct,0.707395498392283,0.20765480759257401,1.003225806451616,0.7-0.9
philosophy,meta_llama_llama_3_8b_instruct,0.7202572347266881,0.2021367078103937,1.0032258064516157,0.7-0.9
philosophy,meta_llama_llama_3_8b_instruct,0.7234726688102894,0.20070532102478955,1.0032258064516109,0.7-0.9
philosophy,meta_llama_llama_3_8b_instruct,0.7138263665594855,0.2049372471735292,1.0032258064516104,0.7-0.9
philosophy,meta_llama_llama_3_8b_instruct,0.7202572347266881,0.20213670781039372,1.003225806451616,0.7-0.9
philosophy,meta_llama_llama_3_8b_instruct,0.7266881028938906,0.19925318950316384,1.0032258064516142,0.7-0.9
philosophy,meta_llama_llama_3_8b_instruct,0.7106109324758842,0.20630639975106438,1.0032258064516189,0.7-0.9
philosophy,meta_llama_llama_3_8b_instruct,0.7170418006430869,0.2035473498599718,1.0032258064516069,0.7-0.9
philosophy,meta_llama_llama_3_8b_instruct,0.7202572347266881,0.2021367078103937,1.0032258064516157,0.7-0.9
philosophy,meta_llama_llama_3_8b_instruct,0.7041800643086816,0.2089824706980597,1.0032258064516095,0.7-0.9
philosophy,meta_llama_llama_3_8b_instruct,0.7041800643086816,0.2089824706980597,1.0032258064516095,0.7-0.9
philosophy,meta_llama_llama_3_8b_instruct,0.7138263665594855,0.20493724717352926,1.0032258064516106,0.7-0.9
philosophy,meta_llama_llama_3_8b_instruct,0.7106109324758842,0.20630639975106435,1.0032258064516186,0.7-0.9
philosophy,meta_llama_llama_3_8b_instruct,0.7234726688102894,0.20070532102478955,1.0032258064516109,0.7-0.9
philosophy,meta_llama_llama_3_8b_instruct,0.7170418006430869,0.2035473498599718,1.0032258064516069,0.7-0.9
philosophy,meta_llama_llama_3_8b_instruct,0.7170418006430869,0.2035473498599718,1.0032258064516069,0.7-0.9
philosophy,meta_llama_llama_3_8b_instruct,0.7234726688102894,0.20070532102478955,1.0032258064516109,0.7-0.9
philosophy,meta_llama_llama_3_8b_instruct,0.7202572347266881,0.2021367078103937,1.0032258064516157,0.7-0.9
philosophy,meta_llama_llama_3_8b_instruct,0.7202572347266881,0.2021367078103937,1.0032258064516157,0.7-0.9
philosophy,meta_llama_llama_3_8b_instruct,0.7202572347266881,0.20213670781039367,1.0032258064516157,0.7-0.9
philosophy,meta_llama_llama_3_8b_instruct,0.707395498392283,0.20765480759257401,1.003225806451616,0.7-0.9
philosophy,meta_llama_llama_3_8b_instruct,0.7202572347266881,0.20213670781039367,1.0032258064516157,0.7-0.9
philosophy,meta_llama_llama_3_8b_instruct,0.7138263665594855,0.20493724717352926,1.0032258064516106,0.7-0.9
philosophy,meta_llama_llama_3_8b_instruct,0.707395498392283,0.20765480759257401,1.003225806451616,0.7-0.9
philosophy,meta_llama_llama_3_8b_instruct,0.7202572347266881,0.2021367078103937,1.0032258064516157,0.7-0.9
philosophy,meta_llama_llama_3_8b_instruct,0.7202572347266881,0.2021367078103937,1.0032258064516157,0.7-0.9
philosophy,meta_llama_llama_3_8b_instruct,0.7138263665594855,0.20493724717352926,1.0032258064516106,0.7-0.9
philosophy,meta_llama_llama_3_8b_instruct,0.7202572347266881,0.20213670781039372,1.003225806451616,0.7-0.9
philosophy,meta_llama_llama_3_8b_instruct,0.7170418006430869,0.2035473498599718,1.0032258064516069,0.7-0.9
philosophy,meta_llama_llama_3_8b_instruct,0.7170418006430869,0.2035473498599718,1.0032258064516069,0.7-0.9
philosophy,meta_llama_llama_3_8b_instruct,0.6977491961414791,0.2115755627009645,1.0032258064516122,0.5-0.7
philosophy,meta_llama_llama_3_8b_instruct,0.7202572347266881,0.2021367078103937,1.0032258064516157,0.7-0.9
philosophy,meta_llama_llama_3_8b_instruct,0.7138263665594855,0.20493724717352924,1.0032258064516104,0.7-0.9
philosophy,meta_llama_llama_3_8b_instruct,0.7170418006430869,0.2035473498599718,1.0032258064516069,0.7-0.9
philosophy,meta_llama_llama_3_8b_instruct,0.7266881028938906,0.19925318950316387,1.0032258064516144,0.7-0.9
philosophy,meta_llama_llama_3_8b_instruct,0.7170418006430869,0.20354734985997178,1.0032258064516069,0.7-0.9
philosophy,meta_llama_llama_3_8b_instruct,0.7138263665594855,0.20493724717352924,1.0032258064516104,0.7-0.9
philosophy,meta_llama_llama_3_8b_instruct,0.7234726688102894,0.2007053210247895,1.0032258064516106,0.7-0.9
philosophy,meta_llama_llama_3_8b_instruct,0.7170418006430869,0.2035473498599718,1.0032258064516069,0.7-0.9
philosophy,meta_llama_llama_3_8b_instruct,0.7106109324758842,0.20630639975106438,1.0032258064516189,0.7-0.9
philosophy,meta_llama_llama_3_8b_instruct,0.7138263665594855,0.2049372471735292,1.0032258064516104,0.7-0.9
philosophy,meta_llama_llama_3_8b_instruct,0.7170418006430869,0.2035473498599718,1.0032258064516069,0.7-0.9
philosophy,meta_llama_llama_3_8b_instruct,0.7234726688102894,0.2007053210247896,1.003225806451611,0.7-0.9
philosophy,meta_llama_llama_3_8b_instruct,0.7202572347266881,0.2021367078103937,1.0032258064516157,0.7-0.9
philosophy,meta_llama_llama_3_8b_instruct,0.7266881028938906,0.19925318950316387,1.0032258064516144,0.7-0.9
philosophy,meta_llama_llama_3_8b_instruct,0.707395498392283,0.20765480759257401,1.003225806451616,0.7-0.9
philosophy,meta_llama_llama_3_8b_instruct,0.7106109324758842,0.20630639975106435,1.0032258064516186,0.7-0.9
philosophy,meta_llama_llama_3_8b_instruct,0.7202572347266881,0.2021367078103937,1.0032258064516157,0.7-0.9
philosophy,meta_llama_llama_3_8b_instruct,0.7202572347266881,0.2021367078103937,1.0032258064516157,0.7-0.9
philosophy,meta_llama_llama_3_8b_instruct,0.7041800643086816,0.20898247069805964,1.0032258064516093,0.7-0.9
philosophy,meta_llama_llama_3_8b_instruct,0.7170418006430869,0.2035473498599718,1.0032258064516069,0.7-0.9
philosophy,meta_llama_llama_3_8b_instruct,0.7138263665594855,0.20493724717352924,1.0032258064516104,0.7-0.9
philosophy,meta_llama_llama_3_8b_instruct,0.7170418006430869,0.2035473498599718,1.0032258064516069,0.7-0.9
philosophy,meta_llama_llama_3_8b_instruct,0.7331189710610932,0.19628669225184167,1.003225806451616,0.7-0.9
philosophy,meta_llama_llama_3_8b_instruct,0.7170418006430869,0.2035473498599718,1.0032258064516069,0.7-0.9
philosophy,meta_llama_llama_3_8b_instruct,0.7202572347266881,0.2021367078103937,1.0032258064516157,0.7-0.9
philosophy,meta_llama_llama_3_8b_instruct,0.7138263665594855,0.20493724717352926,1.0032258064516106,0.7-0.9
philosophy,meta_llama_llama_3_8b_instruct,0.7266881028938906,0.19925318950316376,1.0032258064516137,0.7-0.9
philosophy,meta_llama_llama_3_8b_instruct,0.7234726688102894,0.2007053210247896,1.003225806451611,0.7-0.9
philosophy,meta_llama_llama_3_8b_instruct,0.707395498392283,0.20765480759257401,1.003225806451616,0.7-0.9
philosophy,meta_llama_llama_3_8b_instruct,0.707395498392283,0.20765480759257401,1.003225806451616,0.7-0.9
philosophy,meta_llama_llama_3_8b_instruct,0.7234726688102894,0.20070532102478958,1.003225806451611,0.7-0.9
philosophy,meta_llama_llama_3_8b_instruct,0.7331189710610932,0.19628669225184164,1.0032258064516157,0.7-0.9
philosophy,meta_llama_llama_3_8b_instruct,0.7009646302250804,0.21028938906752345,1.0032258064516097,0.7-0.9
philosophy,meta_llama_llama_3_8b_instruct,0.7234726688102894,0.2007053210247896,1.003225806451611,0.7-0.9
philosophy,meta_llama_llama_3_8b_instruct,0.7138263665594855,0.20493724717352926,1.0032258064516106,0.7-0.9
philosophy,meta_llama_llama_3_8b_instruct,0.7009646302250804,0.21028938906752345,1.0032258064516097,0.7-0.9
philosophy,meta_llama_llama_3_8b_instruct,0.7170418006430869,0.20354734985997183,1.003225806451607,0.7-0.9
philosophy,meta_llama_llama_3_8b_instruct,0.707395498392283,0.20765480759257401,1.003225806451616,0.7-0.9
philosophy,meta_llama_llama_3_8b_instruct,0.7170418006430869,0.2035473498599718,1.0032258064516069,0.7-0.9
philosophy,meta_llama_llama_3_8b_instruct,0.707395498392283,0.20765480759257407,1.0032258064516164,0.7-0.9
philosophy,meta_llama_llama_3_8b_instruct,0.7106109324758842,0.20630639975106435,1.0032258064516186,0.7-0.9
philosophy,meta_llama_llama_3_8b_instruct,0.7138263665594855,0.20493724717352924,1.0032258064516104,0.7-0.9
philosophy,meta_llama_llama_3_8b_instruct,0.7331189710610932,0.1962866922518417,1.003225806451616,0.7-0.9
philosophy,meta_llama_llama_3_8b_instruct,0.729903536977492,0.197780313245515,1.0032258064516184,0.7-0.9
philosophy,meta_llama_llama_3_8b_instruct,0.7202572347266881,0.2021367078103937,1.0032258064516157,0.7-0.9
philosophy,meta_llama_llama_3_8b_instruct,0.7041800643086816,0.20898247069805964,1.0032258064516093,0.7-0.9
philosophy,meta_llama_llama_3_8b_instruct,0.7395498392282959,0.1932372160564249,1.003225806451609,0.7-0.9
philosophy,meta_llama_llama_3_8b_instruct,0.7170418006430869,0.20354734985997178,1.0032258064516069,0.7-0.9
philosophy,meta_llama_llama_3_8b_instruct,0.729903536977492,0.19778031324551498,1.0032258064516182,0.7-0.9
philosophy,meta_llama_llama_3_8b_instruct,0.7138263665594855,0.20493724717352926,1.0032258064516106,0.7-0.9
philosophy,mistralai_mistral_7b_instruct_v0_2,0.6334405144694534,0.2329426408048956,1.0032258064516122,0.5-0.7
philosophy,mistralai_mistral_7b_instruct_v0_2,0.6463022508038585,0.2293330567368536,1.0032258064516155,0.5-0.7
philosophy,mistralai_mistral_7b_instruct_v0_2,0.6559485530546624,0.22640804895757663,1.003225806451611,0.5-0.7
philosophy,mistralai_mistral_7b_instruct_v0_2,0.6495176848874598,0.228378798879785,1.003225806451616,0.5-0.7
philosophy,mistralai_mistral_7b_instruct_v0_2,0.6430868167202572,0.23026656985789903,1.003225806451615,0.5-0.7
philosophy,mistralai_mistral_7b_instruct_v0_2,0.6559485530546624,0.2264080489575767,1.0032258064516115,0.5-0.7
philosophy,mistralai_mistral_7b_instruct_v0_2,0.6463022508038585,0.2293330567368536,1.0032258064516155,0.5-0.7
philosophy,mistralai_mistral_7b_instruct_v0_2,0.6430868167202572,0.23026656985789903,1.003225806451615,0.5-0.7
philosophy,mistralai_mistral_7b_instruct_v0_2,0.6655948553054662,0.2232963385540913,1.0032258064516104,0.5-0.7
philosophy,mistralai_mistral_7b_instruct_v0_2,0.6816720257234726,0.21769525982781932,1.0032258064516157,0.5-0.7
philosophy,mistralai_mistral_7b_instruct_v0_2,0.662379421221865,0.22435432009127662,1.003225806451612,0.5-0.7
philosophy,mistralai_mistral_7b_instruct_v0_2,0.6527331189710611,0.2274037962866924,1.0032258064516137,0.5-0.7
philosophy,mistralai_mistral_7b_instruct_v0_2,0.6720257234726688,0.22111814127165283,1.003225806451615,0.5-0.7
philosophy,mistralai_mistral_7b_instruct_v0_2,0.6655948553054662,0.22329633855409128,1.0032258064516102,0.5-0.7
philosophy,mistralai_mistral_7b_instruct_v0_2,0.662379421221865,0.22435432009127654,1.0032258064516117,0.5-0.7
philosophy,mistralai_mistral_7b_instruct_v0_2,0.6591639871382636,0.22539155689243937,1.0032258064516164,0.5-0.7
philosophy,mistralai_mistral_7b_instruct_v0_2,0.6720257234726688,0.22111814127165283,1.003225806451615,0.5-0.7
philosophy,mistralai_mistral_7b_instruct_v0_2,0.6688102893890675,0.22221761228088274,1.0032258064516084,0.5-0.7
philosophy,mistralai_mistral_7b_instruct_v0_2,0.6752411575562701,0.2199979255263973,1.0032258064516113,0.5-0.7
philosophy,mistralai_mistral_7b_instruct_v0_2,0.639871382636656,0.2311793382429211,1.003225806451614,0.5-0.7
philosophy,mistralai_mistral_7b_instruct_v0_2,0.662379421221865,0.22435432009127654,1.0032258064516117,0.5-0.7
philosophy,mistralai_mistral_7b_instruct_v0_2,0.6495176848874598,0.228378798879785,1.003225806451616,0.5-0.7
philosophy,mistralai_mistral_7b_instruct_v0_2,0.6270096463022508,0.23462296442277797,1.003225806451614,0.5-0.7
philosophy,mistralai_mistral_7b_instruct_v0_2,0.617363344051447,0.23698786432942634,1.0032258064516126,0.5-0.7
philosophy,mistralai_mistral_7b_instruct_v0_2,0.6237942122186495,0.235432009127683,1.0032258064516093,0.5-0.7
philosophy,mistralai_mistral_7b_instruct_v0_2,0.639871382636656,0.23117933824292114,1.0032258064516142,0.5-0.7
philosophy,mistralai_mistral_7b_instruct_v0_2,0.5884244372990354,0.24296234830411775,1.0032258064516126,0.5-0.7
philosophy,mistralai_mistral_7b_instruct_v0_2,0.6302250803858521,0.23379317498184762,1.0032258064516097,0.5-0.7
philosophy,mistralai_mistral_7b_instruct_v0_2,0.6077170418006431,0.23916606161186546,1.0032258064516106,0.5-0.7
philosophy,mistralai_mistral_7b_instruct_v0_2,0.5916398713826366,0.24238149569546794,1.0032258064516157,0.5-0.7
philosophy,mistralai_mistral_7b_instruct_v0_2,0.5819935691318328,0.2440618193133484,1.0032258064516093,0.5-0.7
philosophy,mistralai_mistral_7b_instruct_v0_2,0.6302250803858521,0.23379317498184757,1.0032258064516095,0.5-0.7
philosophy,mistralai_mistral_7b_instruct_v0_2,0.662379421221865,0.22435432009127654,1.0032258064516117,0.5-0.7
philosophy,mistralai_mistral_7b_instruct_v0_2,0.639871382636656,0.23117933824292114,1.0032258064516142,0.5-0.7
philosophy,mistralai_mistral_7b_instruct_v0_2,0.639871382636656,0.2311793382429211,1.003225806451614,0.5-0.7
philosophy,mistralai_mistral_7b_instruct_v0_2,0.6334405144694534,0.23294264080489566,1.0032258064516124,0.5-0.7
philosophy,mistralai_mistral_7b_instruct_v0_2,0.6527331189710611,0.2274037962866924,1.0032258064516137,0.5-0.7
philosophy,mistralai_mistral_7b_instruct_v0_2,0.6527331189710611,0.2274037962866924,1.0032258064516137,0.5-0.7
philosophy,mistralai_mistral_7b_instruct_v0_2,0.6720257234726688,0.2211181412716528,1.003225806451615,0.5-0.7
philosophy,mistralai_mistral_7b_instruct_v0_2,0.6430868167202572,0.23026656985789903,1.003225806451615,0.5-0.7
philosophy,mistralai_mistral_7b_instruct_v0_2,0.662379421221865,0.22435432009127657,1.0032258064516117,0.5-0.7
philosophy,mistralai_mistral_7b_instruct_v0_2,0.6720257234726688,0.22111814127165275,1.0032258064516149,0.5-0.7
philosophy,mistralai_mistral_7b_instruct_v0_2,0.6655948553054662,0.2232963385540913,1.0032258064516104,0.5-0.7
philosophy,mistralai_mistral_7b_instruct_v0_2,0.6720257234726688,0.22111814127165283,1.003225806451615,0.5-0.7
philosophy,mistralai_mistral_7b_instruct_v0_2,0.6527331189710611,0.2274037962866924,1.0032258064516137,0.5-0.7
philosophy,mistralai_mistral_7b_instruct_v0_2,0.6655948553054662,0.22329633855409142,1.0032258064516109,0.5-0.7
philosophy,mistralai_mistral_7b_instruct_v0_2,0.6463022508038585,0.22933305673685356,1.0032258064516153,0.5-0.7
philosophy,mistralai_mistral_7b_instruct_v0_2,0.6302250803858521,0.23379317498184768,1.00322580645161,0.5-0.7
philosophy,mistralai_mistral_7b_instruct_v0_2,0.6302250803858521,0.23379317498184768,1.00322580645161,0.5-0.7
philosophy,mistralai_mistral_7b_instruct_v0_2,0.6334405144694534,0.23294264080489557,1.0032258064516122,0.5-0.7
philosophy,mistralai_mistral_7b_instruct_v0_2,0.6430868167202572,0.23026656985789898,1.0032258064516149,0.5-0.7
philosophy,mistralai_mistral_7b_instruct_v0_2,0.6237942122186495,0.235432009127683,1.0032258064516093,0.5-0.7
philosophy,mistralai_mistral_7b_instruct_v0_2,0.6302250803858521,0.23379317498184762,1.0032258064516097,0.5-0.7
philosophy,mistralai_mistral_7b_instruct_v0_2,0.6270096463022508,0.23462296442277802,1.0032258064516142,0.5-0.7
philosophy,mistralai_mistral_7b_instruct_v0_2,0.6655948553054662,0.22329633855409137,1.0032258064516106,0.5-0.7
philosophy,mistralai_mistral_7b_instruct_v0_2,0.662379421221865,0.22435432009127668,1.0032258064516122,0.5-0.7
philosophy,mistralai_mistral_7b_instruct_v0_2,0.6688102893890675,0.22221761228088285,1.0032258064516089,0.5-0.7
philosophy,mistralai_mistral_7b_instruct_v0_2,0.6720257234726688,0.2211181412716527,1.0032258064516144,0.5-0.7
philosophy,mistralai_mistral_7b_instruct_v0_2,0.639871382636656,0.2311793382429211,1.003225806451614,0.5-0.7
philosophy,mistralai_mistral_7b_instruct_v0_2,0.639871382636656,0.2311793382429211,1.003225806451614,0.5-0.7
philosophy,mistralai_mistral_7b_instruct_v0_2,0.6366559485530546,0.23207136189191982,1.0032258064516124,0.5-0.7
philosophy,mistralai_mistral_7b_instruct_v0_2,0.639871382636656,0.23117933824292114,1.0032258064516142,0.5-0.7
philosophy,mistralai_mistral_7b_instruct_v0_2,0.6463022508038585,0.2293330567368536,1.0032258064516155,0.5-0.7
philosophy,mistralai_mistral_7b_instruct_v0_2,0.6527331189710611,0.22740379628669238,1.0032258064516135,0.5-0.7
philosophy,mistralai_mistral_7b_instruct_v0_2,0.6430868167202572,0.23026656985789903,1.003225806451615,0.5-0.7
philosophy,mistralai_mistral_7b_instruct_v0_2,0.6463022508038585,0.2293330567368536,1.0032258064516155,0.5-0.7
philosophy,mistralai_mistral_7b_instruct_v0_2,0.6591639871382636,0.22539155689243934,1.0032258064516164,0.5-0.7
philosophy,mistralai_mistral_7b_instruct_v0_2,0.6559485530546624,0.22640804895757657,1.0032258064516109,0.5-0.7
philosophy,mistralai_mistral_7b_instruct_v0_2,0.6366559485530546,0.23207136189191982,1.0032258064516124,0.5-0.7
philosophy,mistralai_mistral_7b_instruct_v0_2,0.6688102893890675,0.22221761228088285,1.0032258064516089,0.5-0.7
philosophy,mistralai_mistral_7b_instruct_v0_2,0.6463022508038585,0.22933305673685356,1.0032258064516153,0.5-0.7
philosophy,mistralai_mistral_7b_instruct_v0_2,0.6688102893890675,0.22221761228088274,1.0032258064516084,0.5-0.7
philosophy,mistralai_mistral_7b_instruct_v0_2,0.662379421221865,0.22435432009127657,1.0032258064516117,0.5-0.7
philosophy,mistralai_mistral_7b_instruct_v0_2,0.617363344051447,0.2369878643294262,1.003225806451612,0.5-0.7
philosophy,mistralai_mistral_7b_instruct_v0_2,0.6591639871382636,0.22539155689243937,1.0032258064516164,0.5-0.7
philosophy,mistralai_mistral_7b_instruct_v0_2,0.6141479099678456,0.23773467482626365,1.0032258064516164,0.5-0.7
philosophy,mistralai_mistral_7b_instruct_v0_2,0.6141479099678456,0.23773467482626368,1.0032258064516164,0.5-0.7
philosophy,mistralai_mistral_7b_instruct_v0_2,0.6237942122186495,0.235432009127683,1.0032258064516093,0.5-0.7
philosophy,mistralai_mistral_7b_instruct_v0_2,0.6141479099678456,0.23773467482626368,1.0032258064516164,0.5-0.7
philosophy,mistralai_mistral_7b_instruct_v0_2,0.6109324758842444,0.23846074058707661,1.0032258064516153,0.5-0.7
philosophy,mistralai_mistral_7b_instruct_v0_2,0.6205787781350482,0.23622030909656677,1.003225806451613,0.5-0.7
philosophy,mistralai_mistral_7b_instruct_v0_2,0.6109324758842444,0.23846074058707661,1.0032258064516153,0.5-0.7
philosophy,mistralai_mistral_7b_instruct_v0_2,0.6655948553054662,0.2232963385540913,1.0032258064516104,0.5-0.7
philosophy,mistralai_mistral_7b_instruct_v0_2,0.6688102893890675,0.2222176122808828,1.0032258064516086,0.5-0.7
philosophy,mistralai_mistral_7b_instruct_v0_2,0.6655948553054662,0.2232963385540913,1.0032258064516104,0.5-0.7
philosophy,mistralai_mistral_7b_instruct_v0_2,0.6688102893890675,0.2222176122808828,1.0032258064516086,0.5-0.7
philosophy,mistralai_mistral_7b_instruct_v0_2,0.6655948553054662,0.2232963385540913,1.0032258064516104,0.5-0.7
philosophy,mistralai_mistral_7b_instruct_v0_2,0.6591639871382636,0.22539155689243934,1.0032258064516164,0.5-0.7
philosophy,mistralai_mistral_7b_instruct_v0_2,0.6205787781350482,0.23622030909656677,1.003225806451613,0.5-0.7
philosophy,mistralai_mistral_7b_instruct_v0_2,0.6430868167202572,0.2302665698578991,1.0032258064516153,0.5-0.7
philosophy,mistralai_mistral_7b_instruct_v0_2,0.6109324758842444,0.23846074058707667,1.0032258064516155,0.5-0.7
philosophy,mistralai_mistral_7b_instruct_v0_2,0.6495176848874598,0.228378798879785,1.003225806451616,0.5-0.7
philosophy,mistralai_mistral_7b_instruct_v0_2,0.6463022508038585,0.2293330567368536,1.0032258064516155,0.5-0.7
philosophy,mistralai_mistral_7b_instruct_v0_2,0.6430868167202572,0.23026656985789903,1.003225806451615,0.5-0.7
philosophy,mistralai_mistral_7b_instruct_v0_2,0.6655948553054662,0.22329633855409142,1.0032258064516109,0.5-0.7
philosophy,mistralai_mistral_7b_instruct_v0_2,0.6237942122186495,0.23543200912768295,1.003225806451609,0.5-0.7
philosophy,mistralai_mistral_7b_instruct_v0_2,0.6463022508038585,0.2293330567368536,1.0032258064516155,0.5-0.7
philosophy,mistralai_mistral_7b_instruct_v0_2,0.6559485530546624,0.22640804895757663,1.003225806451611,0.5-0.7
philosophy,mistralai_mistral_7b_instruct_v0_2,0.6463022508038585,0.22933305673685356,1.0032258064516153,0.5-0.7
philosophy,mistralai_mistral_7b_instruct_v0_2,0.6366559485530546,0.2320713618919197,1.003225806451612,0.5-0.7
philosophy,tiiuae_falcon_40b,0.6141479099678456,0.23773467482626373,1.0032258064516166,0.5-0.7
philosophy,tiiuae_falcon_40b,0.6205787781350482,0.23622030909656666,1.0032258064516126,0.5-0.7
philosophy,tiiuae_falcon_40b,0.6077170418006431,0.23916606161186552,1.0032258064516109,0.5-0.7
philosophy,tiiuae_falcon_40b,0.617363344051447,0.23698786432942623,1.0032258064516122,0.5-0.7
philosophy,tiiuae_falcon_40b,0.639871382636656,0.2311793382429212,1.0032258064516144,0.5-0.7
philosophy,tiiuae_falcon_40b,0.6141479099678456,0.23773467482626373,1.0032258064516166,0.5-0.7
philosophy,tiiuae_falcon_40b,0.6205787781350482,0.23622030909656666,1.0032258064516126,0.5-0.7
philosophy,tiiuae_falcon_40b,0.6141479099678456,0.23773467482626368,1.0032258064516164,0.5-0.7
philosophy,tiiuae_falcon_40b,0.6463022508038585,0.22933305673685356,1.0032258064516153,0.5-0.7
philosophy,tiiuae_falcon_40b,0.6109324758842444,0.23846074058707661,1.0032258064516153,0.5-0.7
philosophy,tiiuae_falcon_40b,0.617363344051447,0.2369878643294262,1.003225806451612,0.5-0.7
philosophy,tiiuae_falcon_40b,0.6527331189710611,0.22740379628669238,1.0032258064516135,0.5-0.7
philosophy,tiiuae_falcon_40b,0.6237942122186495,0.235432009127683,1.0032258064516093,0.5-0.7
philosophy,tiiuae_falcon_40b,0.6141479099678456,0.23773467482626373,1.0032258064516166,0.5-0.7
philosophy,tiiuae_falcon_40b,0.6205787781350482,0.23622030909656672,1.0032258064516129,0.5-0.7
philosophy,tiiuae_falcon_40b,0.6270096463022508,0.23462296442277808,1.0032258064516144,0.5-0.7
philosophy,tiiuae_falcon_40b,0.6302250803858521,0.23379317498184754,1.0032258064516095,0.5-0.7
philosophy,tiiuae_falcon_40b,0.6527331189710611,0.22740379628669238,1.0032258064516135,0.5-0.7
philosophy,tiiuae_falcon_40b,0.6205787781350482,0.23622030909656666,1.0032258064516126,0.5-0.7
philosophy,tiiuae_falcon_40b,0.6270096463022508,0.23462296442277802,1.0032258064516142,0.5-0.7
philosophy,tiiuae_falcon_40b,0.639871382636656,0.2311793382429212,1.0032258064516144,0.5-0.7
philosophy,tiiuae_falcon_40b,0.6109324758842444,0.23846074058707667,1.0032258064516155,0.5-0.7
philosophy,tiiuae_falcon_40b,0.6141479099678456,0.2377346748262638,1.0032258064516169,0.5-0.7
philosophy,tiiuae_falcon_40b,0.6045016077170418,0.23985063790063185,1.0032258064516093,0.5-0.7
philosophy,tiiuae_falcon_40b,0.6012861736334405,0.24051446945337662,1.0032258064516146,0.5-0.7
philosophy,tiiuae_falcon_40b,0.6012861736334405,0.24051446945337662,1.0032258064516146,0.5-0.7
philosophy,tiiuae_falcon_40b,0.6077170418006431,0.2391660616118654,1.0032258064516104,0.5-0.7
philosophy,tiiuae_falcon_40b,0.6430868167202572,0.23026656985789898,1.0032258064516149,0.5-0.7
philosophy,tiiuae_falcon_40b,0.5852090032154341,0.24352245617674592,1.0032258064516162,0.5-0.7
philosophy,tiiuae_falcon_40b,0.6077170418006431,0.23916606161186552,1.0032258064516109,0.5-0.7
philosophy,tiiuae_falcon_40b,0.6141479099678456,0.23773467482626373,1.0032258064516166,0.5-0.7
philosophy,tiiuae_falcon_40b,0.6237942122186495,0.23543200912768306,1.0032258064516095,0.5-0.7
philosophy,tiiuae_falcon_40b,0.6302250803858521,0.23379317498184754,1.0032258064516095,0.5-0.7
philosophy,tiiuae_falcon_40b,0.6237942122186495,0.235432009127683,1.0032258064516093,0.5-0.7
philosophy,tiiuae_falcon_40b,0.6270096463022508,0.23462296442277825,1.003225806451615,0.5-0.7
philosophy,tiiuae_falcon_40b,0.6366559485530546,0.2320713618919197,1.003225806451612,0.5-0.7
philosophy,tiiuae_falcon_40b,0.639871382636656,0.23117933824292114,1.0032258064516142,0.5-0.7
philosophy,tiiuae_falcon_40b,0.6109324758842444,0.23846074058707661,1.0032258064516153,0.5-0.7
philosophy,tiiuae_falcon_40b,0.5787781350482315,0.24458043771392873,1.0032258064516073,0.5-0.7
philosophy,tiiuae_falcon_40b,0.5787781350482315,0.24458043771392873,1.0032258064516073,0.5-0.7
philosophy,tiiuae_falcon_40b,0.5916398713826366,0.24238149569546794,1.0032258064516157,0.5-0.7
philosophy,tiiuae_falcon_40b,0.6109324758842444,0.23846074058707661,1.0032258064516153,0.5-0.7
philosophy,tiiuae_falcon_40b,0.5980707395498392,0.24115755627009597,1.0032258064516109,0.5-0.7
philosophy,tiiuae_falcon_40b,0.6012861736334405,0.24051446945337657,1.0032258064516144,0.5-0.7
philosophy,tiiuae_falcon_40b,0.6141479099678456,0.23773467482626368,1.0032258064516164,0.5-0.7
philosophy,tiiuae_falcon_40b,0.6077170418006431,0.23916606161186546,1.0032258064516106,0.5-0.7
philosophy,tiiuae_falcon_40b,0.617363344051447,0.23698786432942634,1.0032258064516126,0.5-0.7
philosophy,tiiuae_falcon_40b,0.6237942122186495,0.235432009127683,1.0032258064516093,0.5-0.7
philosophy,tiiuae_falcon_40b,0.5852090032154341,0.243522456176746,1.0032258064516164,0.5-0.7
philosophy,tiiuae_falcon_40b,0.5980707395498392,0.241157556270096,1.0032258064516109,0.5-0.7
philosophy,tiiuae_falcon_40b,0.594855305466238,0.24177989835079364,1.0032258064516135,0.5-0.7
philosophy,tiiuae_falcon_40b,0.594855305466238,0.24177989835079364,1.0032258064516135,0.5-0.7
philosophy,tiiuae_falcon_40b,0.6012861736334405,0.24051446945337657,1.0032258064516144,0.5-0.7
philosophy,tiiuae_falcon_40b,0.6302250803858521,0.23379317498184762,1.0032258064516097,0.5-0.7
philosophy,tiiuae_falcon_40b,0.6012861736334405,0.24051446945337657,1.0032258064516144,0.5-0.7
philosophy,tiiuae_falcon_40b,0.6302250803858521,0.23379317498184762,1.0032258064516097,0.5-0.7
philosophy,tiiuae_falcon_40b,0.6302250803858521,0.23379317498184757,1.0032258064516095,0.5-0.7
philosophy,tiiuae_falcon_40b,0.6141479099678456,0.23773467482626373,1.0032258064516166,0.5-0.7
philosophy,tiiuae_falcon_40b,0.6141479099678456,0.23773467482626373,1.0032258064516166,0.5-0.7
philosophy,tiiuae_falcon_40b,0.5884244372990354,0.24296234830411784,1.003225806451613,0.5-0.7
philosophy,tiiuae_falcon_40b,0.6109324758842444,0.23846074058707661,1.0032258064516153,0.5-0.7
philosophy,tiiuae_falcon_40b,0.5980707395498392,0.2411575562700959,1.0032258064516106,0.5-0.7
philosophy,tiiuae_falcon_40b,0.5980707395498392,0.2411575562700959,1.0032258064516106,0.5-0.7
philosophy,tiiuae_falcon_40b,0.6237942122186495,0.235432009127683,1.0032258064516093,0.5-0.7
philosophy,tiiuae_falcon_40b,0.6109324758842444,0.23846074058707661,1.0032258064516153,0.5-0.7
philosophy,tiiuae_falcon_40b,0.6109324758842444,0.23846074058707667,1.0032258064516155,0.5-0.7
philosophy,tiiuae_falcon_40b,0.5916398713826366,0.2423814956954679,1.0032258064516155,0.5-0.7
philosophy,tiiuae_falcon_40b,0.6237942122186495,0.235432009127683,1.0032258064516093,0.5-0.7
philosophy,tiiuae_falcon_40b,0.594855305466238,0.24177989835079358,1.0032258064516133,0.5-0.7
philosophy,tiiuae_falcon_40b,0.5980707395498392,0.24115755627009597,1.0032258064516109,0.5-0.7
philosophy,tiiuae_falcon_40b,0.6141479099678456,0.23773467482626373,1.0032258064516166,0.5-0.7
philosophy,tiiuae_falcon_40b,0.6109324758842444,0.23846074058707661,1.0032258064516153,0.5-0.7
philosophy,tiiuae_falcon_40b,0.5852090032154341,0.243522456176746,1.0032258064516164,0.5-0.7
philosophy,tiiuae_falcon_40b,0.6109324758842444,0.23846074058707667,1.0032258064516155,0.5-0.7
philosophy,tiiuae_falcon_40b,0.6109324758842444,0.23846074058707661,1.0032258064516153,0.5-0.7
philosophy,tiiuae_falcon_40b,0.594855305466238,0.24177989835079358,1.0032258064516133,0.5-0.7
philosophy,tiiuae_falcon_40b,0.6109324758842444,0.23846074058707667,1.0032258064516155,0.5-0.7
philosophy,tiiuae_falcon_40b,0.6077170418006431,0.2391660616118654,1.0032258064516104,0.5-0.7
philosophy,tiiuae_falcon_40b,0.5819935691318328,0.2440618193133484,1.0032258064516093,0.5-0.7
philosophy,tiiuae_falcon_40b,0.6012861736334405,0.24051446945337662,1.0032258064516146,0.5-0.7
philosophy,tiiuae_falcon_40b,0.6045016077170418,0.23985063790063185,1.0032258064516093,0.5-0.7
philosophy,tiiuae_falcon_40b,0.6141479099678456,0.23773467482626373,1.0032258064516166,0.5-0.7
philosophy,tiiuae_falcon_40b,0.617363344051447,0.23698786432942628,1.0032258064516124,0.5-0.7
philosophy,tiiuae_falcon_40b,0.594855305466238,0.24177989835079364,1.0032258064516135,0.5-0.7
philosophy,tiiuae_falcon_40b,0.6302250803858521,0.23379317498184762,1.0032258064516097,0.5-0.7
philosophy,tiiuae_falcon_40b,0.6045016077170418,0.23985063790063185,1.0032258064516093,0.5-0.7
philosophy,tiiuae_falcon_40b,0.6012861736334405,0.24051446945337662,1.0032258064516146,0.5-0.7
philosophy,tiiuae_falcon_40b,0.6109324758842444,0.23846074058707667,1.0032258064516155,0.5-0.7
philosophy,tiiuae_falcon_40b,0.6012861736334405,0.24051446945337662,1.0032258064516146,0.5-0.7
philosophy,tiiuae_falcon_40b,0.6141479099678456,0.2377346748262638,1.0032258064516169,0.5-0.7
philosophy,tiiuae_falcon_40b,0.5852090032154341,0.24352245617674592,1.0032258064516162,0.5-0.7
philosophy,tiiuae_falcon_40b,0.6077170418006431,0.23916606161186552,1.0032258064516109,0.5-0.7
philosophy,tiiuae_falcon_40b,0.6077170418006431,0.2391660616118654,1.0032258064516104,0.5-0.7
philosophy,tiiuae_falcon_40b,0.5980707395498392,0.2411575562700959,1.0032258064516106,0.5-0.7
philosophy,tiiuae_falcon_40b,0.617363344051447,0.23698786432942637,1.0032258064516126,0.5-0.7
philosophy,tiiuae_falcon_40b,0.5916398713826366,0.242381495695468,1.003225806451616,0.5-0.7
philosophy,tiiuae_falcon_40b,0.6077170418006431,0.23916606161186552,1.0032258064516109,0.5-0.7
philosophy,tiiuae_falcon_40b,0.5980707395498392,0.2411575562700959,1.0032258064516106,0.5-0.7
philosophy,tiiuae_falcon_40b,0.6077170418006431,0.2391660616118654,1.0032258064516104,0.5-0.7
philosophy,tiiuae_falcon_40b,0.6077170418006431,0.2391660616118654,1.0032258064516104,0.5-0.7
professional_law,codellama_codellama_34b_instruct,0.36114732724902215,0.23087043751079445,1.0006523157208265,0.3-0.5
professional_law,codellama_codellama_34b_instruct,0.36766623207301175,0.2326394292960338,1.0006523157208043,0.3-0.5
professional_law,codellama_codellama_34b_instruct,0.34876140808344197,0.22727504675496338,1.0006523157208098,0.3-0.5
professional_law,codellama_codellama_34b_instruct,0.35658409387222945,0.2295815398903417,1.0006523157208185,0.3-0.5
professional_law,codellama_codellama_34b_instruct,0.36766623207301175,0.2326394292960337,1.000652315720804,0.3-0.5
professional_law,codellama_codellama_34b_instruct,0.363754889178618,0.23158823994673045,1.0006523157208276,0.3-0.5
professional_law,codellama_codellama_34b_instruct,0.35658409387222945,0.22958153989034175,1.0006523157208187,0.3-0.5
professional_law,codellama_codellama_34b_instruct,0.3617992177314211,0.23105116383500965,1.000652315720833,0.3-0.5
professional_law,codellama_codellama_34b_instruct,0.3663624511082138,0.232292434753542,1.0006523157207976,0.3-0.5
professional_law,codellama_codellama_34b_instruct,0.3650586701434159,0.2319420383037764,1.000652315720815,0.3-0.5
professional_law,codellama_codellama_34b_instruct,0.35919165580182527,0.23032315567723147,1.0006523157208134,0.3-0.5
professional_law,codellama_codellama_34b_instruct,0.36766623207301175,0.23263942929603387,1.0006523157208047,0.3-0.5
professional_law,codellama_codellama_34b_instruct,0.3474576271186441,0.22687872455692323,1.0006523157208105,0.3-0.5
professional_law,codellama_codellama_34b_instruct,0.34876140808344197,0.22727504675496343,1.00065231572081,0.3-0.5
professional_law,codellama_codellama_34b_instruct,0.3513689700130378,0.22805748542920606,1.0006523157208096,0.3-0.5
professional_law,codellama_codellama_34b_instruct,0.3624511082138201,0.23123103968239941,1.0006523157208151,0.3-0.5
professional_law,codellama_codellama_34b_instruct,0.3539765319426336,0.22882631647433566,1.0006523157208278,0.3-0.5
professional_law,codellama_codellama_34b_instruct,0.37027379400260757,0.2333232126591838,1.0006523157208365,0.3-0.5
professional_law,codellama_codellama_34b_instruct,0.3650586701434159,0.2319420383037764,1.000652315720815,0.3-0.5
professional_law,codellama_codellama_34b_instruct,0.35071707953063885,0.2278631514758771,1.0006523157208185,0.3-0.5
professional_law,codellama_codellama_34b_instruct,0.36897001303780963,0.23298302193124057,1.0006523157207867,0.3-0.5
professional_law,codellama_codellama_34b_instruct,0.3520208604954368,0.22825096890571586,1.0006523157208038,0.3-0.5
professional_law,codellama_codellama_34b_instruct,0.3520208604954368,0.22825096890571597,1.0006523157208045,0.3-0.5
professional_law,codellama_codellama_34b_instruct,0.34876140808344197,0.22727504675496343,1.00065231572081,0.3-0.5
professional_law,codellama_codellama_34b_instruct,0.3520208604954368,0.22825096890571583,1.0006523157208038,0.3-0.5
professional_law,codellama_codellama_34b_instruct,0.3520208604954368,0.22825096890571583,1.0006523157208038,0.3-0.5
professional_law,codellama_codellama_34b_instruct,0.34224250325945244,0.22525941669196897,1.0006523157208116,0.3-0.5
professional_law,codellama_codellama_34b_instruct,0.3305084745762712,0.2214169624199848,1.0006523157208271,0.3-0.5
professional_law,codellama_codellama_34b_instruct,0.3396349413298566,0.22442935131581074,1.000652315720789,0.3-0.5
professional_law,codellama_codellama_34b_instruct,0.3363754889178618,0.2233726338671809,1.0006523157208236,0.3-0.5
professional_law,codellama_codellama_34b_instruct,0.3363754889178618,0.223372633867181,1.000652315720824,0.3-0.5
professional_law,codellama_codellama_34b_instruct,0.3546284224250326,0.22901639804356275,1.0006523157208074,0.3-0.5
professional_law,codellama_codellama_34b_instruct,0.34810951760104303,0.22707731089435076,1.0006523157207994,0.3-0.5
professional_law,codellama_codellama_34b_instruct,0.34876140808344197,0.22727504675496343,1.00065231572081,0.3-0.5
professional_law,codellama_codellama_34b_instruct,0.35071707953063885,0.22786315147587716,1.0006523157208187,0.3-0.5
professional_law,codellama_codellama_34b_instruct,0.3683181225554107,0.23281165085205024,1.000652315720809,0.3-0.5
professional_law,codellama_codellama_34b_instruct,0.363754889178618,0.23158823994673036,1.0006523157208271,0.3-0.5
professional_law,codellama_codellama_34b_instruct,0.363754889178618,0.23158823994673045,1.0006523157208276,0.3-0.5
professional_law,codellama_codellama_34b_instruct,0.37222946544980445,0.23382712017493096,1.0006523157208296,0.3-0.5
professional_law,codellama_codellama_34b_instruct,0.37222946544980445,0.23382712017493096,1.0006523157208296,0.3-0.5
professional_law,codellama_codellama_34b_instruct,0.3683181225554107,0.23281165085205036,1.0006523157208096,0.3-0.5
professional_law,codellama_codellama_34b_instruct,0.35267275097783574,0.22844360190540822,1.0006523157208087,0.3-0.5
professional_law,codellama_codellama_34b_instruct,0.3396349413298566,0.22442935131581065,1.0006523157207885,0.3-0.5
professional_law,codellama_codellama_34b_instruct,0.34224250325945244,0.22525941669196922,1.0006523157208127,0.3-0.5
professional_law,codellama_codellama_34b_instruct,0.3578878748370274,0.2299540487374247,1.0006523157208091,0.3-0.5
professional_law,codellama_codellama_34b_instruct,0.3559322033898305,0.22939400975156482,1.0006523157207985,0.3-0.5
professional_law,codellama_codellama_34b_instruct,0.3344198174706649,0.22272839767614974,1.0006523157207756,0.3-0.5
professional_law,codellama_codellama_34b_instruct,0.34028683181225555,0.22463814337508495,1.0006523157208165,0.3-0.5
professional_law,codellama_codellama_34b_instruct,0.35919165580182527,0.23032315567723147,1.0006523157208134,0.3-0.5
professional_law,codellama_codellama_34b_instruct,0.3650586701434159,0.2319420383037764,1.000652315720815,0.3-0.5
professional_law,codellama_codellama_34b_instruct,0.34419817470664926,0.22587303571747513,1.0006523157208096,0.3-0.5
professional_law,codellama_codellama_34b_instruct,0.34615384615384615,0.22647900045160393,1.0006523157208123,0.3-0.5
professional_law,codellama_codellama_34b_instruct,0.3305084745762712,0.22141696241998482,1.0006523157208271,0.3-0.5
professional_law,codellama_codellama_34b_instruct,0.35528031290743156,0.22920562913596904,1.0006523157207825,0.3-0.5
professional_law,codellama_codellama_34b_instruct,0.35984354628422427,0.23050643343191002,1.0006523157208367,0.3-0.5
professional_law,codellama_codellama_34b_instruct,0.3546284224250326,0.22901639804356277,1.0006523157208074,0.3-0.5
professional_law,codellama_codellama_34b_instruct,0.3285528031290743,0.2207497633548245,1.0006523157208072,0.3-0.5
professional_law,codellama_codellama_34b_instruct,0.3389830508474576,0.22421970877973216,1.0006523157208302,0.3-0.5
professional_law,codellama_codellama_34b_instruct,0.3376792698826597,0.22379787227709116,1.0006523157208045,0.3-0.5
professional_law,codellama_codellama_34b_instruct,0.34028683181225555,0.22463814337508492,1.0006523157208165,0.3-0.5
professional_law,codellama_codellama_34b_instruct,0.3617992177314211,0.23105116383500948,1.0006523157208322,0.3-0.5
professional_law,codellama_codellama_34b_instruct,0.3500651890482399,0.22766796704572015,1.0006523157207912,0.3-0.5
professional_law,codellama_codellama_34b_instruct,0.3500651890482399,0.22766796704572015,1.0006523157207912,0.3-0.5
professional_law,codellama_codellama_34b_instruct,0.3663624511082138,0.23229243475354186,1.0006523157207972,0.3-0.5
professional_law,codellama_codellama_34b_instruct,0.36114732724902215,0.2308704375107945,1.0006523157208267,0.3-0.5
professional_law,codellama_codellama_34b_instruct,0.36310299869621904,0.2314100650529709,1.0006523157208045,0.3-0.5
professional_law,codellama_codellama_34b_instruct,0.35723598435462844,0.22976821955229534,1.0006523157208234,0.3-0.5
professional_law,codellama_codellama_34b_instruct,0.3644067796610169,0.23176556436366466,1.000652315720827,0.3-0.5
professional_law,codellama_codellama_34b_instruct,0.3409387222946545,0.2248460849575347,1.0006523157208234,0.3-0.5
professional_law,codellama_codellama_34b_instruct,0.3409387222946545,0.2248460849575347,1.0006523157208234,0.3-0.5
professional_law,codellama_codellama_34b_instruct,0.3617992177314211,0.23105116383500957,1.0006523157208325,0.3-0.5
professional_law,codellama_codellama_34b_instruct,0.36766623207301175,0.232639429296034,1.0006523157208054,0.3-0.5
professional_law,codellama_codellama_34b_instruct,0.3578878748370274,0.2299540487374246,1.0006523157208085,0.3-0.5
professional_law,codellama_codellama_34b_instruct,0.3363754889178618,0.2233726338671811,1.0006523157208245,0.3-0.5
professional_law,codellama_codellama_34b_instruct,0.3363754889178618,0.223372633867181,1.000652315720824,0.3-0.5
professional_law,codellama_codellama_34b_instruct,0.3305084745762712,0.22141696241998512,1.0006523157208285,0.3-0.5
professional_law,codellama_codellama_34b_instruct,0.32985658409387225,0.2211954132084175,1.000652315720819,0.3-0.5
professional_law,codellama_codellama_34b_instruct,0.32985658409387225,0.2211954132084175,1.000652315720819,0.3-0.5
professional_law,codellama_codellama_34b_instruct,0.3559322033898305,0.22939400975156476,1.000652315720798,0.3-0.5
professional_law,codellama_codellama_34b_instruct,0.3513689700130378,0.22805748542920595,1.0006523157208091,0.3-0.5
professional_law,codellama_codellama_34b_instruct,0.33572359843546284,0.22315873894699217,1.0006523157208158,0.3-0.5
professional_law,codellama_codellama_34b_instruct,0.34876140808344197,0.22727504675496346,1.0006523157208103,0.3-0.5
professional_law,codellama_codellama_34b_instruct,0.36310299869621904,0.23141006505297096,1.0006523157208047,0.3-0.5
professional_law,codellama_codellama_34b_instruct,0.35658409387222945,0.22958153989034177,1.0006523157208187,0.3-0.5
professional_law,codellama_codellama_34b_instruct,0.3546284224250326,0.2290163980435626,1.0006523157208067,0.3-0.5
professional_law,codellama_codellama_34b_instruct,0.3617992177314211,0.23105116383500954,1.0006523157208325,0.3-0.5
professional_law,codellama_codellama_34b_instruct,0.3376792698826597,0.22379787227709078,1.0006523157208027,0.3-0.5
professional_law,codellama_codellama_34b_instruct,0.363754889178618,0.2315882399467304,1.0006523157208274,0.3-0.5
professional_law,codellama_codellama_34b_instruct,0.34810951760104303,0.22707731089435074,1.0006523157207992,0.3-0.5
professional_law,codellama_codellama_34b_instruct,0.3670143415906128,0.23246635726320422,1.0006523157208287,0.3-0.5
professional_law,codellama_codellama_34b_instruct,0.3318122555410691,0.22185750941265664,1.000652315720829,0.3-0.5
professional_law,codellama_codellama_34b_instruct,0.3468057366362451,0.2266792877426695,1.0006523157207938,0.3-0.5
professional_law,codellama_codellama_34b_instruct,0.36114732724902215,0.23087043751079464,1.0006523157208274,0.3-0.5
professional_law,codellama_codellama_34b_instruct,0.35658409387222945,0.2295815398903417,1.0006523157208185,0.3-0.5
professional_law,codellama_codellama_34b_instruct,0.3474576271186441,0.22687872455692323,1.0006523157208105,0.3-0.5
professional_law,codellama_codellama_34b_instruct,0.3305084745762712,0.22141696241998493,1.0006523157208276,0.3-0.5
professional_law,codellama_codellama_34b_instruct,0.34615384615384615,0.22647900045160393,1.0006523157208123,0.3-0.5
professional_law,codellama_codellama_34b_instruct,0.3396349413298566,0.22442935131581065,1.0006523157207885,0.3-0.5
professional_law,codellama_codellama_34b_instruct,0.36114732724902215,0.23087043751079472,1.0006523157208276,0.3-0.5
professional_law,codellama_codellama_34b_instruct,0.36310299869621904,0.23141006505297113,1.0006523157208054,0.3-0.5
professional_law,google_flan_t5_xl,0.37157757496740546,0.2336600014798242,1.0006523157207856,0.3-0.5
professional_law,google_flan_t5_xl,0.3767926988265971,0.23497313768964742,1.0006523157208163,0.3-0.5
professional_law,google_flan_t5_xl,0.3741851368970013,0.23432337339929374,1.0006523157207978,0.3-0.5
professional_law,google_flan_t5_xl,0.39374185136897,0.23886491961718118,1.0006523157207996,0.3-0.5
professional_law,google_flan_t5_xl,0.3520208604954368,0.22825096890571564,1.000652315720803,0.3-0.5
professional_law,google_flan_t5_xl,0.3852672750977836,0.23699089394468897,1.000652315720804,0.3-0.5
professional_law,google_flan_t5_xl,0.3754889178617992,0.23464995649811504,1.0006523157208276,0.3-0.5
professional_law,google_flan_t5_xl,0.3878748370273794,0.23758282581128976,1.0006523157208034,0.3-0.5
professional_law,google_flan_t5_xl,0.3494132985658409,0.22747193213875808,1.0006523157208287,0.3-0.5
professional_law,google_flan_t5_xl,0.38265971316818775,0.23638535444896622,1.0006523157207852,0.3-0.5
professional_law,google_flan_t5_xl,0.36962190352020863,0.2331535425336241,1.0006523157208203,0.3-0.5
professional_law,google_flan_t5_xl,0.35267275097783574,0.2284436019054083,1.000652315720809,0.3-0.5
professional_law,google_flan_t5_xl,0.39374185136897,0.23886491961718115,1.0006523157207996,0.3-0.5
professional_law,google_flan_t5_xl,0.37222946544980445,0.2338271201749309,1.0006523157208294,0.3-0.5
professional_law,google_flan_t5_xl,0.38657105606258146,0.2372885608316271,1.0006523157207956,0.3-0.5
professional_law,google_flan_t5_xl,0.3878748370273794,0.23758282581128976,1.0006523157208034,0.3-0.5
professional_law,google_flan_t5_xl,0.36962190352020863,0.23315354253362416,1.0006523157208205,0.3-0.5
professional_law,google_flan_t5_xl,0.35071707953063885,0.22786315147587713,1.0006523157208185,0.3-0.5
professional_law,google_flan_t5_xl,0.39765319426336376,0.23968137736421574,1.0006523157207943,0.3-0.5
professional_law,google_flan_t5_xl,0.3741851368970013,0.2343233733992938,1.000652315720798,0.3-0.5
professional_law,google_flan_t5_xl,0.3898305084745763,0.2380178447046284,1.0006523157207867,0.3-0.5
professional_law,google_flan_t5_xl,0.3767926988265971,0.23497313768964742,1.0006523157208163,0.3-0.5
professional_law,google_flan_t5_xl,0.3878748370273794,0.23758282581128967,1.000652315720803,0.3-0.5
professional_law,google_flan_t5_xl,0.36962190352020863,0.23315354253362422,1.0006523157208207,0.3-0.5
professional_law,google_flan_t5_xl,0.38396349413298564,0.2366898251504758,1.000652315720831,0.3-0.5
professional_law,google_flan_t5_xl,0.3833116036505867,0.23653801503812813,1.0006523157207963,0.3-0.5
professional_law,google_flan_t5_xl,0.3898305084745763,0.2380178447046284,1.0006523157207867,0.3-0.5
professional_law,google_flan_t5_xl,0.39308996088657105,0.23872586665714093,1.0006523157208072,0.3-0.5
professional_law,google_flan_t5_xl,0.38396349413298564,0.23668982515047582,1.000652315720831,0.3-0.5
professional_law,google_flan_t5_xl,0.39504563233376794,0.2391404741068098,1.0006523157208165,0.3-0.5
professional_law,google_flan_t5_xl,0.39048239895697523,0.23816115004877123,1.0006523157207936,0.3-0.5
professional_law,google_flan_t5_xl,0.38005215123859193,0.23576620732413903,1.0006523157208205,0.3-0.5
professional_law,google_flan_t5_xl,0.37614080834419816,0.2348119723322829,1.0006523157207867,0.3-0.5
professional_law,google_flan_t5_xl,0.3898305084745763,0.23801784470462836,1.0006523157207867,0.3-0.5
professional_law,google_flan_t5_xl,0.36962190352020863,0.23315354253362422,1.0006523157208207,0.3-0.5
professional_law,google_flan_t5_xl,0.3546284224250326,0.2290163980435623,1.0006523157208054,0.3-0.5
professional_law,google_flan_t5_xl,0.3520208604954368,0.22825096890571564,1.000652315720803,0.3-0.5
professional_law,google_flan_t5_xl,0.3956975228161669,0.2392769756363944,1.000652315720825,0.3-0.5
professional_law,google_flan_t5_xl,0.3956975228161669,0.2392769756363944,1.000652315720825,0.3-0.5
professional_law,google_flan_t5_xl,0.394393741851369,0.23900312210039917,1.000652315720782,0.3-0.5
professional_law,google_flan_t5_xl,0.39374185136897,0.2388649196171812,1.0006523157207998,0.3-0.5
professional_law,google_flan_t5_xl,0.39308996088657105,0.23872586665714088,1.000652315720807,0.3-0.5
professional_law,google_flan_t5_xl,0.39113428943937417,0.23830360491609093,1.0006523157207865,0.3-0.5
professional_law,google_flan_t5_xl,0.39504563233376794,0.23914047410680989,1.0006523157208167,0.3-0.5
professional_law,google_flan_t5_xl,0.37353324641460234,0.23415880613466258,1.0006523157208227,0.3-0.5
professional_law,google_flan_t5_xl,0.3728813559322034,0.23399338839319678,1.0006523157207838,0.3-0.5
professional_law,google_flan_t5_xl,0.3859191655801825,0.23714015262656865,1.000652315720803,0.3-0.5
professional_law,google_flan_t5_xl,0.37222946544980445,0.2338271201749309,1.0006523157208294,0.3-0.5
professional_law,google_flan_t5_xl,0.38396349413298564,0.23668982515047582,1.000652315720831,0.3-0.5
professional_law,google_flan_t5_xl,0.3833116036505867,0.23653801503812813,1.0006523157207963,0.3-0.5
professional_law,google_flan_t5_xl,0.3741851368970013,0.23432337339929374,1.0006523157207978,0.3-0.5
professional_law,google_flan_t5_xl,0.3748370273794003,0.23448709018710998,1.0006523157207943,0.3-0.5
professional_law,google_flan_t5_xl,0.38461538461538464,0.23684078478599327,1.0006523157208216,0.3-0.5
professional_law,google_flan_t5_xl,0.3754889178617992,0.23464995649811507,1.0006523157208278,0.3-0.5
professional_law,google_flan_t5_xl,0.38657105606258146,0.2372885608316271,1.0006523157207956,0.3-0.5
professional_law,google_flan_t5_xl,0.3859191655801825,0.2371401526265687,1.0006523157208032,0.3-0.5
professional_law,google_flan_t5_xl,0.39048239895697523,0.2381611500487712,1.0006523157207936,0.3-0.5
professional_law,google_flan_t5_xl,0.38657105606258146,0.23728856083162717,1.0006523157207958,0.3-0.5
professional_law,google_flan_t5_xl,0.3852672750977836,0.23699089394468897,1.000652315720804,0.3-0.5
professional_law,google_flan_t5_xl,0.3956975228161669,0.23927697563639436,1.0006523157208247,0.3-0.5
professional_law,google_flan_t5_xl,0.37157757496740546,0.23366000147982416,1.0006523157207854,0.3-0.5
professional_law,google_flan_t5_xl,0.36897001303780963,0.2329830219312405,1.0006523157207865,0.3-0.5
professional_law,google_flan_t5_xl,0.37027379400260757,0.2333232126591837,1.000652315720836,0.3-0.5
professional_law,google_flan_t5_xl,0.35071707953063885,0.22786315147587716,1.0006523157208187,0.3-0.5
professional_law,google_flan_t5_xl,0.38005215123859193,0.2357662073241391,1.000652315720821,0.3-0.5
professional_law,google_flan_t5_xl,0.3833116036505867,0.23653801503812816,1.0006523157207963,0.3-0.5
professional_law,google_flan_t5_xl,0.3898305084745763,0.23801784470462828,1.0006523157207863,0.3-0.5
professional_law,google_flan_t5_xl,0.3833116036505867,0.23653801503812816,1.0006523157207963,0.3-0.5
professional_law,google_flan_t5_xl,0.38070404172099087,0.23592226982057402,1.000652315720805,0.3-0.5
professional_law,google_flan_t5_xl,0.3813559322033898,0.2360774818401932,1.0006523157208067,0.3-0.5
professional_law,google_flan_t5_xl,0.37614080834419816,0.23481197233228288,1.0006523157207865,0.3-0.5
professional_law,google_flan_t5_xl,0.37614080834419816,0.23481197233228276,1.000652315720786,0.3-0.5
professional_law,google_flan_t5_xl,0.3898305084745763,0.23801784470462828,1.0006523157207863,0.3-0.5
professional_law,google_flan_t5_xl,0.3852672750977836,0.2369908939446888,1.0006523157208034,0.3-0.5
professional_law,google_flan_t5_xl,0.37614080834419816,0.234811972332283,1.0006523157207872,0.3-0.5
professional_law,google_flan_t5_xl,0.3963494132985658,0.23941262668915964,1.0006523157208356,0.3-0.5
professional_law,google_flan_t5_xl,0.3754889178617992,0.23464995649811504,1.0006523157208276,0.3-0.5
professional_law,google_flan_t5_xl,0.37614080834419816,0.234811972332283,1.0006523157207872,0.3-0.5
professional_law,google_flan_t5_xl,0.39765319426336376,0.2396813773642156,1.0006523157207936,0.3-0.5
professional_law,google_flan_t5_xl,0.379400260756193,0.23560929435087302,1.0006523157207885,0.3-0.5
professional_law,google_flan_t5_xl,0.39765319426336376,0.23968137736421571,1.000652315720794,0.3-0.5
professional_law,google_flan_t5_xl,0.37614080834419816,0.2348119723322829,1.0006523157207867,0.3-0.5
professional_law,google_flan_t5_xl,0.38070404172099087,0.23592226982057413,1.0006523157208056,0.3-0.5
professional_law,google_flan_t5_xl,0.35267275097783574,0.22844360190540824,1.0006523157208087,0.3-0.5
professional_law,google_flan_t5_xl,0.3767926988265971,0.23497313768964745,1.0006523157208163,0.3-0.5
professional_law,google_flan_t5_xl,0.378748370273794,0.23545153090080304,1.0006523157208238,0.3-0.5
professional_law,google_flan_t5_xl,0.3983050847457627,0.23981447698652258,1.0006523157208094,0.3-0.5
professional_law,google_flan_t5_xl,0.3813559322033898,0.23607748184019323,1.000652315720807,0.3-0.5
professional_law,google_flan_t5_xl,0.36962190352020863,0.23315354253362425,1.0006523157208207,0.3-0.5
professional_law,google_flan_t5_xl,0.39048239895697523,0.23816115004877125,1.0006523157207938,0.3-0.5
professional_law,google_flan_t5_xl,0.33376792698826596,0.22251195132550972,1.0006523157208047,0.3-0.5
professional_law,google_flan_t5_xl,0.3213820078226858,0.21823788006745912,1.0006523157208056,0.3-0.5
professional_law,google_flan_t5_xl,0.34615384615384615,0.2264790004516037,1.0006523157208111,0.3-0.5
professional_law,google_flan_t5_xl,0.29986962190352023,0.2100847840341707,1.000652315720818,0.1-0.3
professional_law,google_flan_t5_xl,0.3859191655801825,0.2371401526265688,1.0006523157208034,0.3-0.5
professional_law,google_flan_t5_xl,0.33376792698826596,0.22251195132550977,1.000652315720805,0.3-0.5
professional_law,google_flan_t5_xl,0.31681877444589307,0.21658582884494015,1.0006523157208007,0.3-0.5
professional_law,google_flan_t5_xl,0.34615384615384615,0.226479000451604,1.0006523157208125,0.3-0.5
professional_law,google_flan_t5_xl,0.34876140808344197,0.22727504675496343,1.00065231572081,0.3-0.5
professional_law,google_flan_t5_xl,0.34810951760104303,0.22707731089435068,1.000652315720799,0.3-0.5
professional_law,google_gemma_7b_it,0.3728813559322034,0.2339933883931964,1.000652315720782,0.3-0.5
professional_law,google_gemma_7b_it,0.37614080834419816,0.2348119723322829,1.0006523157207867,0.3-0.5
professional_law,google_gemma_7b_it,0.3741851368970013,0.23432337339929382,1.0006523157207983,0.3-0.5
professional_law,google_gemma_7b_it,0.37614080834419816,0.23481197233228265,1.0006523157207856,0.3-0.5
professional_law,google_gemma_7b_it,0.37027379400260757,0.23332321265918401,1.0006523157208373,0.3-0.5
professional_law,google_gemma_7b_it,0.3650586701434159,0.23194203830377635,1.0006523157208147,0.3-0.5
professional_law,google_gemma_7b_it,0.3663624511082138,0.232292434753542,1.0006523157207976,0.3-0.5
professional_law,google_gemma_7b_it,0.36310299869621904,0.23141006505297093,1.0006523157208045,0.3-0.5
professional_law,google_gemma_7b_it,0.3728813559322034,0.2339933883931964,1.000652315720782,0.3-0.5
professional_law,google_gemma_7b_it,0.378748370273794,0.2354515309008031,1.000652315720824,0.3-0.5
professional_law,google_gemma_7b_it,0.36766623207301175,0.23263942929603387,1.0006523157208047,0.3-0.5
professional_law,google_gemma_7b_it,0.3683181225554107,0.23281165085205036,1.0006523157208096,0.3-0.5
professional_law,google_gemma_7b_it,0.36571056062581486,0.23211766176706536,1.00065231572079,0.3-0.5
professional_law,google_gemma_7b_it,0.35853976531942633,0.23013902744573797,1.0006523157208111,0.3-0.5
professional_law,google_gemma_7b_it,0.3578878748370274,0.22995404873742456,1.0006523157208085,0.3-0.5
professional_law,google_gemma_7b_it,0.36897001303780963,0.23298302193124032,1.0006523157207856,0.3-0.5
professional_law,google_gemma_7b_it,0.3474576271186441,0.22687872455692323,1.0006523157208105,0.3-0.5
professional_law,google_gemma_7b_it,0.35528031290743156,0.22920562913596887,1.0006523157207816,0.3-0.5
professional_law,google_gemma_7b_it,0.3520208604954368,0.228250968905716,1.0006523157208045,0.3-0.5
professional_law,google_gemma_7b_it,0.3624511082138201,0.2312310396823996,1.000652315720816,0.3-0.5
professional_law,google_gemma_7b_it,0.363754889178618,0.2315882399467305,1.0006523157208278,0.3-0.5
professional_law,google_gemma_7b_it,0.3578878748370274,0.2299540487374247,1.0006523157208091,0.3-0.5
professional_law,google_gemma_7b_it,0.3513689700130378,0.22805748542920593,1.0006523157208091,0.3-0.5
professional_law,google_gemma_7b_it,0.3539765319426336,0.22882631647433585,1.0006523157208287,0.3-0.5
professional_law,google_gemma_7b_it,0.3559322033898305,0.22939400975156485,1.0006523157207985,0.3-0.5
professional_law,google_gemma_7b_it,0.3559322033898305,0.22939400975156485,1.0006523157207985,0.3-0.5
professional_law,google_gemma_7b_it,0.35267275097783574,0.22844360190540813,1.0006523157208083,0.3-0.5
professional_law,google_gemma_7b_it,0.363754889178618,0.23158823994673072,1.0006523157208287,0.3-0.5
professional_law,google_gemma_7b_it,0.33702737940026073,0.22358567831054155,1.0006523157207943,0.3-0.5
professional_law,google_gemma_7b_it,0.36310299869621904,0.23141006505297085,1.0006523157208043,0.3-0.5
professional_law,google_gemma_7b_it,0.36310299869621904,0.2314100650529709,1.0006523157208045,0.3-0.5
professional_law,google_gemma_7b_it,0.3533246414602347,0.22863538442828424,1.0006523157208287,0.3-0.5
professional_law,google_gemma_7b_it,0.35853976531942633,0.23013902744573794,1.0006523157208111,0.3-0.5
professional_law,google_gemma_7b_it,0.36310299869621904,0.23141006505297126,1.000652315720806,0.3-0.5
professional_law,google_gemma_7b_it,0.35853976531942633,0.23013902744573828,1.0006523157208125,0.3-0.5
professional_law,google_gemma_7b_it,0.3663624511082138,0.23229243475354203,1.0006523157207978,0.3-0.5
professional_law,google_gemma_7b_it,0.3644067796610169,0.23176556436366488,1.0006523157208278,0.3-0.5
professional_law,google_gemma_7b_it,0.3520208604954368,0.2282509689057162,1.0006523157208054,0.3-0.5
professional_law,google_gemma_7b_it,0.3604954367666232,0.23068886070976327,1.0006523157208365,0.3-0.5
professional_law,google_gemma_7b_it,0.3604954367666232,0.23068886070976327,1.0006523157208365,0.3-0.5
professional_law,google_gemma_7b_it,0.34615384615384615,0.22647900045160377,1.0006523157208114,0.3-0.5
professional_law,google_gemma_7b_it,0.3617992177314211,0.2310511638350096,1.0006523157208327,0.3-0.5
professional_law,google_gemma_7b_it,0.3624511082138201,0.23123103968239986,1.0006523157208171,0.3-0.5
professional_law,google_gemma_7b_it,0.3617992177314211,0.23105116383500968,1.0006523157208331,0.3-0.5
professional_law,google_gemma_7b_it,0.3644067796610169,0.23176556436366488,1.0006523157208278,0.3-0.5
professional_law,google_gemma_7b_it,0.36766623207301175,0.23263942929603387,1.0006523157208047,0.3-0.5
professional_law,google_gemma_7b_it,0.3617992177314211,0.23105116383500965,1.000652315720833,0.3-0.5
professional_law,google_gemma_7b_it,0.3650586701434159,0.23194203830377635,1.0006523157208147,0.3-0.5
professional_law,google_gemma_7b_it,0.3500651890482399,0.22766796704572012,1.000652315720791,0.3-0.5
professional_law,google_gemma_7b_it,0.3617992177314211,0.2310511638350096,1.0006523157208327,0.3-0.5
professional_law,google_gemma_7b_it,0.3644067796610169,0.2317655643636649,1.000652315720828,0.3-0.5
professional_law,google_gemma_7b_it,0.3644067796610169,0.2317655643636649,1.000652315720828,0.3-0.5
professional_law,google_gemma_7b_it,0.35723598435462844,0.22976821955229546,1.000652315720824,0.3-0.5
professional_law,google_gemma_7b_it,0.3663624511082138,0.232292434753542,1.0006523157207976,0.3-0.5
professional_law,google_gemma_7b_it,0.35528031290743156,0.22920562913596887,1.0006523157207816,0.3-0.5
professional_law,google_gemma_7b_it,0.3670143415906128,0.2324663572632044,1.0006523157208296,0.3-0.5
professional_law,google_gemma_7b_it,0.3644067796610169,0.23176556436366494,1.000652315720828,0.3-0.5
professional_law,google_gemma_7b_it,0.3670143415906128,0.23246635726320433,1.0006523157208291,0.3-0.5
professional_law,google_gemma_7b_it,0.3670143415906128,0.23246635726320433,1.0006523157208291,0.3-0.5
professional_law,google_gemma_7b_it,0.35071707953063885,0.22786315147587716,1.0006523157208187,0.3-0.5
professional_law,google_gemma_7b_it,0.35984354628422427,0.23050643343191024,1.0006523157208376,0.3-0.5
professional_law,google_gemma_7b_it,0.35853976531942633,0.23013902744573797,1.0006523157208111,0.3-0.5
professional_law,google_gemma_7b_it,0.35853976531942633,0.23013902744573797,1.0006523157208111,0.3-0.5
professional_law,google_gemma_7b_it,0.3709256844850065,0.23349203230791196,1.0006523157208027,0.3-0.5
professional_law,google_gemma_7b_it,0.3644067796610169,0.23176556436366477,1.0006523157208274,0.3-0.5
professional_law,google_gemma_7b_it,0.35984354628422427,0.23050643343191007,1.000652315720837,0.3-0.5
professional_law,google_gemma_7b_it,0.3559322033898305,0.22939400975156482,1.0006523157207985,0.3-0.5
professional_law,google_gemma_7b_it,0.37222946544980445,0.23382712017493099,1.0006523157208298,0.3-0.5
professional_law,google_gemma_7b_it,0.36571056062581486,0.23211766176706544,1.0006523157207905,0.3-0.5
professional_law,google_gemma_7b_it,0.3663624511082138,0.2322924347535419,1.0006523157207972,0.3-0.5
professional_law,google_gemma_7b_it,0.34810951760104303,0.2270773108943509,1.0006523157208,0.3-0.5
professional_law,google_gemma_7b_it,0.33833116036505867,0.22400921576681937,1.0006523157208076,0.3-0.5
professional_law,google_gemma_7b_it,0.35528031290743156,0.22920562913596884,1.0006523157207816,0.3-0.5
professional_law,google_gemma_7b_it,0.3513689700130378,0.22805748542920626,1.0006523157208105,0.3-0.5
professional_law,google_gemma_7b_it,0.34485006518904826,0.2260758744390052,1.0006523157208131,0.3-0.5
professional_law,google_gemma_7b_it,0.29921773142112124,0.20982326241207155,1.00065231572081,0.1-0.3
professional_law,google_gemma_7b_it,0.3604954367666232,0.23068886070976333,1.0006523157208367,0.3-0.5
professional_law,google_gemma_7b_it,0.3604954367666232,0.23068886070976333,1.0006523157208367,0.3-0.5
professional_law,google_gemma_7b_it,0.28552803129074317,0.20413484820264455,1.0006523157208074,0.1-0.3
professional_law,google_gemma_7b_it,0.3539765319426336,0.22882631647433582,1.0006523157208285,0.3-0.5
professional_law,google_gemma_7b_it,0.3728813559322034,0.23399338839319647,1.0006523157207825,0.3-0.5
professional_law,google_gemma_7b_it,0.3709256844850065,0.23349203230791188,1.0006523157208023,0.3-0.5
professional_law,google_gemma_7b_it,0.36962190352020863,0.23315354253362436,1.0006523157208211,0.3-0.5
professional_law,google_gemma_7b_it,0.3774445893089961,0.23513345257017768,1.0006523157207843,0.3-0.5
professional_law,google_gemma_7b_it,0.3709256844850065,0.23349203230791188,1.0006523157208023,0.3-0.5
professional_law,google_gemma_7b_it,0.3754889178617992,0.23464995649811501,1.0006523157208276,0.3-0.5
professional_law,google_gemma_7b_it,0.37614080834419816,0.23481197233228276,1.000652315720786,0.3-0.5
professional_law,google_gemma_7b_it,0.36571056062581486,0.2321176617670653,1.0006523157207898,0.3-0.5
professional_law,google_gemma_7b_it,0.37027379400260757,0.23332321265918404,1.0006523157208373,0.3-0.5
professional_law,google_gemma_7b_it,0.35984354628422427,0.23050643343191016,1.0006523157208371,0.3-0.5
professional_law,google_gemma_7b_it,0.3520208604954368,0.2282509689057159,1.000652315720804,0.3-0.5
professional_law,google_gemma_7b_it,0.35658409387222945,0.22958153989034175,1.0006523157208187,0.3-0.5
professional_law,google_gemma_7b_it,0.34615384615384615,0.22647900045160388,1.000652315720812,0.3-0.5
professional_law,google_gemma_7b_it,0.35919165580182527,0.23032315567723163,1.0006523157208143,0.3-0.5
professional_law,google_gemma_7b_it,0.3005215123859192,0.2103454551794439,1.0006523157207972,0.3-0.5
professional_law,google_gemma_7b_it,0.35267275097783574,0.2284436019054082,1.0006523157208085,0.3-0.5
professional_law,google_gemma_7b_it,0.35853976531942633,0.23013902744573755,1.0006523157208094,0.3-0.5
professional_law,google_gemma_7b_it,0.35528031290743156,0.2292056291359688,1.0006523157207814,0.3-0.5
professional_law,google_gemma_7b_it,0.34159061277705344,0.22505317606315783,1.0006523157208,0.3-0.5
professional_law,google_gemma_7b_it,0.34159061277705344,0.22505317606315783,1.0006523157208,0.3-0.5
professional_law,meta_llama_llama_3_70b_instruct,0.6232073011734028,0.23497313768964784,1.000652315720818,0.5-0.7
professional_law,meta_llama_llama_3_70b_instruct,0.6303780964797914,0.23315354253362403,1.0006523157208198,0.5-0.7
professional_law,meta_llama_llama_3_70b_instruct,0.6303780964797914,0.23315354253362405,1.0006523157208198,0.5-0.7
professional_law,meta_llama_llama_3_70b_instruct,0.6264667535853976,0.23415880613466253,1.0006523157208222,0.5-0.7
professional_law,meta_llama_llama_3_70b_instruct,0.6303780964797914,0.233153542533624,1.0006523157208196,0.5-0.7
professional_law,meta_llama_llama_3_70b_instruct,0.6375488917861799,0.23123103968239947,1.0006523157208154,0.5-0.7
professional_law,meta_llama_llama_3_70b_instruct,0.636897001303781,0.23141006505297093,1.0006523157208045,0.5-0.7
professional_law,meta_llama_llama_3_70b_instruct,0.6297262059973925,0.23332321265918382,1.0006523157208367,0.5-0.7
professional_law,meta_llama_llama_3_70b_instruct,0.6329856584093873,0.23246635726320417,1.0006523157208285,0.5-0.7
professional_law,meta_llama_llama_3_70b_instruct,0.6342894393741851,0.23211766176706547,1.0006523157207905,0.5-0.7
professional_law,meta_llama_llama_3_70b_instruct,0.6316818774445893,0.2328116508520503,1.0006523157208094,0.5-0.7
professional_law,meta_llama_llama_3_70b_instruct,0.6284224250325945,0.2336600014798243,1.0006523157207858,0.5-0.7
professional_law,meta_llama_llama_3_70b_instruct,0.6316818774445893,0.23281165085205036,1.0006523157208096,0.5-0.7
professional_law,meta_llama_llama_3_70b_instruct,0.6329856584093873,0.23246635726320417,1.0006523157208285,0.5-0.7
professional_law,meta_llama_llama_3_70b_instruct,0.6290743155149935,0.2334920323079121,1.0006523157208032,0.5-0.7
professional_law,meta_llama_llama_3_70b_instruct,0.6284224250325945,0.2336600014798243,1.0006523157207858,0.5-0.7
professional_law,meta_llama_llama_3_70b_instruct,0.6297262059973925,0.2333232126591838,1.0006523157208365,0.5-0.7
professional_law,meta_llama_llama_3_70b_instruct,0.6264667535853976,0.23415880613466244,1.0006523157208218,0.5-0.7
professional_law,meta_llama_llama_3_70b_instruct,0.6329856584093873,0.23246635726320433,1.0006523157208291,0.5-0.7
professional_law,meta_llama_llama_3_70b_instruct,0.6277705345501956,0.23382712017493099,1.00065231572083,0.5-0.7
professional_law,meta_llama_llama_3_70b_instruct,0.6258148631029987,0.23432337339929374,1.0006523157207978,0.5-0.7
professional_law,meta_llama_llama_3_70b_instruct,0.6192959582790091,0.2359222698205738,1.000652315720804,0.5-0.7
professional_law,meta_llama_llama_3_70b_instruct,0.6166883963494133,0.23653801503812802,1.0006523157207958,0.5-0.7
professional_law,meta_llama_llama_3_70b_instruct,0.6179921773142112,0.23623184338299125,1.0006523157208027,0.5-0.7
professional_law,meta_llama_llama_3_70b_instruct,0.6192959582790091,0.23592226982057382,1.0006523157208043,0.5-0.7
professional_law,meta_llama_llama_3_70b_instruct,0.621903520208605,0.2352929169739006,1.0006523157208054,0.5-0.7
professional_law,meta_llama_llama_3_70b_instruct,0.6238591916558018,0.23481197233228285,1.0006523157207865,0.5-0.7
professional_law,meta_llama_llama_3_70b_instruct,0.622555410691004,0.23513345257017781,1.0006523157207847,0.5-0.7
professional_law,meta_llama_llama_3_70b_instruct,0.6251629726205997,0.23448709018710995,1.000652315720794,0.5-0.7
professional_law,meta_llama_llama_3_70b_instruct,0.6245110821382008,0.23464995649811504,1.0006523157208276,0.5-0.7
professional_law,meta_llama_llama_3_70b_instruct,0.6238591916558018,0.2348119723322828,1.0006523157207863,0.5-0.7
professional_law,meta_llama_llama_3_70b_instruct,0.6245110821382008,0.23464995649811507,1.0006523157208278,0.5-0.7
professional_law,meta_llama_llama_3_70b_instruct,0.6284224250325945,0.23366000147982427,1.0006523157207858,0.5-0.7
professional_law,meta_llama_llama_3_70b_instruct,0.6297262059973925,0.23332321265918374,1.0006523157208362,0.5-0.7
professional_law,meta_llama_llama_3_70b_instruct,0.6349413298565841,0.2319420383037764,1.000652315720815,0.5-0.7
professional_law,meta_llama_llama_3_70b_instruct,0.635593220338983,0.2317655643636646,1.0006523157208267,0.5-0.7
professional_law,meta_llama_llama_3_70b_instruct,0.636245110821382,0.23158823994673036,1.0006523157208271,0.5-0.7
professional_law,meta_llama_llama_3_70b_instruct,0.6271186440677966,0.2339933883931966,1.000652315720783,0.5-0.7
professional_law,meta_llama_llama_3_70b_instruct,0.622555410691004,0.2351334525701779,1.0006523157207852,0.5-0.7
professional_law,meta_llama_llama_3_70b_instruct,0.6303780964797914,0.2331535425336241,1.0006523157208203,0.5-0.7
professional_law,meta_llama_llama_3_70b_instruct,0.6258148631029987,0.2343233733992938,1.000652315720798,0.5-0.7
professional_law,meta_llama_llama_3_70b_instruct,0.6297262059973925,0.23332321265918374,1.0006523157208362,0.5-0.7
professional_law,meta_llama_llama_3_70b_instruct,0.6297262059973925,0.2333232126591838,1.0006523157208365,0.5-0.7
professional_law,meta_llama_llama_3_70b_instruct,0.6264667535853976,0.23415880613466253,1.0006523157208222,0.5-0.7
professional_law,meta_llama_llama_3_70b_instruct,0.6329856584093873,0.23246635726320422,1.0006523157208287,0.5-0.7
professional_law,meta_llama_llama_3_70b_instruct,0.6329856584093873,0.2324663572632042,1.0006523157208287,0.5-0.7
professional_law,meta_llama_llama_3_70b_instruct,0.6284224250325945,0.23366000147982427,1.0006523157207858,0.5-0.7
professional_law,meta_llama_llama_3_70b_instruct,0.6290743155149935,0.23349203230791207,1.0006523157208032,0.5-0.7
professional_law,meta_llama_llama_3_70b_instruct,0.6297262059973925,0.2333232126591838,1.0006523157208365,0.5-0.7
professional_law,meta_llama_llama_3_70b_instruct,0.6303780964797914,0.23315354253362414,1.0006523157208203,0.5-0.7
professional_law,meta_llama_llama_3_70b_instruct,0.6264667535853976,0.23415880613466247,1.000652315720822,0.5-0.7
professional_law,meta_llama_llama_3_70b_instruct,0.635593220338983,0.23176556436366466,1.000652315720827,0.5-0.7
professional_law,meta_llama_llama_3_70b_instruct,0.6284224250325945,0.23366000147982427,1.0006523157207858,0.5-0.7
professional_law,meta_llama_llama_3_70b_instruct,0.6316818774445893,0.23281165085205038,1.0006523157208096,0.5-0.7
professional_law,meta_llama_llama_3_70b_instruct,0.6329856584093873,0.23246635726320417,1.0006523157208285,0.5-0.7
professional_law,meta_llama_llama_3_70b_instruct,0.6251629726205997,0.2344870901871101,1.0006523157207947,0.5-0.7
professional_law,meta_llama_llama_3_70b_instruct,0.6303780964797914,0.23315354253362414,1.0006523157208203,0.5-0.7
professional_law,meta_llama_llama_3_70b_instruct,0.6251629726205997,0.23448709018711006,1.0006523157207945,0.5-0.7
professional_law,meta_llama_llama_3_70b_instruct,0.6290743155149935,0.23349203230791207,1.0006523157208032,0.5-0.7
professional_law,meta_llama_llama_3_70b_instruct,0.6342894393741851,0.2321176617670655,1.0006523157207907,0.5-0.7
professional_law,meta_llama_llama_3_70b_instruct,0.6303780964797914,0.23315354253362414,1.0006523157208203,0.5-0.7
professional_law,meta_llama_llama_3_70b_instruct,0.6349413298565841,0.2319420383037764,1.000652315720815,0.5-0.7
professional_law,meta_llama_llama_3_70b_instruct,0.6297262059973925,0.23332321265918385,1.0006523157208367,0.5-0.7
professional_law,meta_llama_llama_3_70b_instruct,0.6297262059973925,0.2333232126591838,1.0006523157208365,0.5-0.7
professional_law,meta_llama_llama_3_70b_instruct,0.6271186440677966,0.23399338839319658,1.000652315720783,0.5-0.7
professional_law,meta_llama_llama_3_70b_instruct,0.6329856584093873,0.2324663572632044,1.0006523157208296,0.5-0.7
professional_law,meta_llama_llama_3_70b_instruct,0.6310299869621904,0.2329830219312405,1.0006523157207865,0.5-0.7
professional_law,meta_llama_llama_3_70b_instruct,0.6316818774445893,0.23281165085205038,1.0006523157208096,0.5-0.7
professional_law,meta_llama_llama_3_70b_instruct,0.6310299869621904,0.23298302193124046,1.0006523157207863,0.5-0.7
professional_law,meta_llama_llama_3_70b_instruct,0.6440677966101694,0.22939400975156476,1.000652315720798,0.5-0.7
professional_law,meta_llama_llama_3_70b_instruct,0.636245110821382,0.23158823994673047,1.0006523157208276,0.5-0.7
professional_law,meta_llama_llama_3_70b_instruct,0.6401564537157758,0.23050643343191005,1.000652315720837,0.5-0.7
professional_law,meta_llama_llama_3_70b_instruct,0.6271186440677966,0.23399338839319658,1.000652315720783,0.5-0.7
professional_law,meta_llama_llama_3_70b_instruct,0.6277705345501956,0.23382712017493099,1.00065231572083,0.5-0.7
professional_law,meta_llama_llama_3_70b_instruct,0.6303780964797914,0.23315354253362414,1.0006523157208203,0.5-0.7
professional_law,meta_llama_llama_3_70b_instruct,0.6264667535853976,0.23415880613466264,1.0006523157208227,0.5-0.7
professional_law,meta_llama_llama_3_70b_instruct,0.6199478487614081,0.235766207324139,1.0006523157208205,0.5-0.7
professional_law,meta_llama_llama_3_70b_instruct,0.6186440677966102,0.2360774818401933,1.0006523157208072,0.5-0.7
professional_law,meta_llama_llama_3_70b_instruct,0.6238591916558018,0.23481197233228276,1.000652315720786,0.5-0.7
professional_law,meta_llama_llama_3_70b_instruct,0.6271186440677966,0.23399338839319667,1.0006523157207834,0.5-0.7
professional_law,meta_llama_llama_3_70b_instruct,0.6303780964797914,0.23315354253362414,1.0006523157208203,0.5-0.7
professional_law,meta_llama_llama_3_70b_instruct,0.6199478487614081,0.2357662073241391,1.000652315720821,0.5-0.7
professional_law,meta_llama_llama_3_70b_instruct,0.6284224250325945,0.23366000147982427,1.0006523157207858,0.5-0.7
professional_law,meta_llama_llama_3_70b_instruct,0.6258148631029987,0.2343233733992938,1.000652315720798,0.5-0.7
professional_law,meta_llama_llama_3_70b_instruct,0.6297262059973925,0.23332321265918374,1.0006523157208362,0.5-0.7
professional_law,meta_llama_llama_3_70b_instruct,0.6264667535853976,0.23415880613466247,1.000652315720822,0.5-0.7
professional_law,meta_llama_llama_3_70b_instruct,0.6303780964797914,0.23315354253362405,1.0006523157208198,0.5-0.7
professional_law,meta_llama_llama_3_70b_instruct,0.621903520208605,0.2352929169739006,1.0006523157208054,0.5-0.7
professional_law,meta_llama_llama_3_70b_instruct,0.6238591916558018,0.23481197233228296,1.000652315720787,0.5-0.7
professional_law,meta_llama_llama_3_70b_instruct,0.6284224250325945,0.2336600014798243,1.0006523157207858,0.5-0.7
professional_law,meta_llama_llama_3_70b_instruct,0.6258148631029987,0.23432337339929374,1.0006523157207978,0.5-0.7
professional_law,meta_llama_llama_3_70b_instruct,0.6271186440677966,0.2339933883931967,1.0006523157207834,0.5-0.7
professional_law,meta_llama_llama_3_70b_instruct,0.6323337679269883,0.23263942929603412,1.0006523157208058,0.5-0.7
professional_law,meta_llama_llama_3_70b_instruct,0.6303780964797914,0.23315354253362403,1.0006523157208198,0.5-0.7
professional_law,meta_llama_llama_3_70b_instruct,0.6290743155149935,0.23349203230791207,1.0006523157208032,0.5-0.7
professional_law,meta_llama_llama_3_70b_instruct,0.622555410691004,0.2351334525701779,1.0006523157207852,0.5-0.7
professional_law,meta_llama_llama_3_70b_instruct,0.6349413298565841,0.23194203830377644,1.0006523157208151,0.5-0.7
professional_law,meta_llama_llama_3_70b_instruct,0.6323337679269883,0.23263942929603398,1.0006523157208052,0.5-0.7
professional_law,meta_llama_llama_3_70b_instruct,0.6336375488917861,0.23229243475354192,1.0006523157207974,0.5-0.7
professional_law,meta_llama_llama_3_70b_instruct,0.6316818774445893,0.2328116508520503,1.0006523157208094,0.5-0.7
professional_law,meta_llama_llama_3_8b_instruct,0.4641460234680574,0.2488767327402135,1.0006523157208198,0.3-0.5
professional_law,meta_llama_llama_3_8b_instruct,0.4706649282920469,0.24930197115012437,1.0006523157208052,0.3-0.5
professional_law,meta_llama_llama_3_8b_instruct,0.4661016949152542,0.24901323426979438,1.000652315720813,0.3-0.5
professional_law,meta_llama_llama_3_8b_instruct,0.46740547588005216,0.2490999829054164,1.0006523157208107,0.3-0.5
professional_law,meta_llama_llama_3_8b_instruct,0.47327249022164275,0.24944825316313654,1.0006523157208114,0.3-0.5
professional_law,meta_llama_llama_3_8b_instruct,0.46870925684485004,0.2491833296337617,1.0006523157208191,0.3-0.5
professional_law,meta_llama_llama_3_8b_instruct,0.47522816166883963,0.249549034666285,1.0006523157208063,0.3-0.5
professional_law,meta_llama_llama_3_8b_instruct,0.46936114732724904,0.2492237272827029,1.0006523157208163,0.3-0.5
professional_law,meta_llama_llama_3_8b_instruct,0.4771838331160365,0.2496421618780517,1.0006523157207878,0.3-0.5
professional_law,meta_llama_llama_3_8b_instruct,0.4641460234680574,0.24887673274021352,1.0006523157208198,0.3-0.5
professional_law,meta_llama_llama_3_8b_instruct,0.4765319426336376,0.24961196995095414,1.0006523157208134,0.3-0.5
professional_law,meta_llama_llama_3_8b_instruct,0.4641460234680574,0.2488767327402135,1.0006523157208198,0.3-0.5
professional_law,meta_llama_llama_3_8b_instruct,0.47196870925684486,0.24937681311026683,1.0006523157207952,0.3-0.5
professional_law,meta_llama_llama_3_8b_instruct,0.4661016949152542,0.24901323426979435,1.000652315720813,0.3-0.5
professional_law,meta_llama_llama_3_8b_instruct,0.45827900912646674,0.24842130240319,1.0006523157207996,0.3-0.5
professional_law,meta_llama_llama_3_8b_instruct,0.46870925684485004,0.24918332963376164,1.000652315720819,0.3-0.5
professional_law,meta_llama_llama_3_8b_instruct,0.47392438070404175,0.24948269747433904,1.0006523157208091,0.3-0.5
professional_law,meta_llama_llama_3_8b_instruct,0.4667535853976532,0.2490570338260173,1.0006523157208198,0.3-0.5
professional_law,meta_llama_llama_3_8b_instruct,0.4680573663624511,0.249142081507998,1.0006523157208111,0.3-0.5
professional_law,meta_llama_llama_3_8b_instruct,0.47522816166883963,0.24954903466628506,1.0006523157208065,0.3-0.5
professional_law,meta_llama_llama_3_8b_instruct,0.4641460234680574,0.24887673274021352,1.0006523157208198,0.3-0.5
professional_law,meta_llama_llama_3_8b_instruct,0.46088657105606257,0.24863222065450927,1.000652315720806,0.3-0.5
professional_law,meta_llama_llama_3_8b_instruct,0.45436766623207303,0.24807941072161957,1.0006523157208027,0.3-0.5
professional_law,meta_llama_llama_3_8b_instruct,0.4595827900912647,0.24852846248249272,1.0006523157208165,0.3-0.5
professional_law,meta_llama_llama_3_8b_instruct,0.4641460234680574,0.2488767327402135,1.0006523157208198,0.3-0.5
professional_law,meta_llama_llama_3_8b_instruct,0.45632333767926986,0.24825418370809843,1.000652315720819,0.3-0.5
professional_law,meta_llama_llama_3_8b_instruct,0.4491525423728814,0.2475759284442779,1.0006523157207912,0.3-0.5
professional_law,meta_llama_llama_3_8b_instruct,0.44589308996088656,0.2472336115243062,1.0006523157208296,0.3-0.5
professional_law,meta_llama_llama_3_8b_instruct,0.4576271186440678,0.2483664466483173,1.0006523157208247,0.3-0.5
professional_law,meta_llama_llama_3_8b_instruct,0.4485006518904824,0.24750916601392592,1.0006523157208098,0.3-0.5
professional_law,meta_llama_llama_3_8b_instruct,0.4530638852672751,0.24795864301320458,1.0006523157208056,0.3-0.5
professional_law,meta_llama_llama_3_8b_instruct,0.4406779661016949,0.24664167965769715,1.000652315720797,0.3-0.5
professional_law,meta_llama_llama_3_8b_instruct,0.455019556714472,0.24813851886059918,1.0006523157208087,0.3-0.5
professional_law,meta_llama_llama_3_8b_instruct,0.46284224250325945,0.24878147933638473,1.0006523157207878,0.3-0.5
professional_law,meta_llama_llama_3_8b_instruct,0.4517601043024772,0.24783447339751402,1.000652315720824,0.3-0.5
professional_law,meta_llama_llama_3_8b_instruct,0.44654498044328556,0.24730377586194033,1.0006523157208222,0.3-0.5
professional_law,meta_llama_llama_3_8b_instruct,0.47327249022164275,0.24944825316313649,1.0006523157208111,0.3-0.5
professional_law,meta_llama_llama_3_8b_instruct,0.4726205997392438,0.24941295837511382,1.0006523157208123,0.3-0.5
professional_law,meta_llama_llama_3_8b_instruct,0.4726205997392438,0.24941295837511387,1.0006523157208125,0.3-0.5
professional_law,meta_llama_llama_3_8b_instruct,0.4530638852672751,0.24795864301320453,1.0006523157208054,0.3-0.5
professional_law,meta_llama_llama_3_8b_instruct,0.4706649282920469,0.24930197115012437,1.0006523157208052,0.3-0.5
professional_law,meta_llama_llama_3_8b_instruct,0.4706649282920469,0.24930197115012442,1.0006523157208054,0.3-0.5
professional_law,meta_llama_llama_3_8b_instruct,0.4595827900912647,0.24852846248249263,1.0006523157208163,0.3-0.5
professional_law,meta_llama_llama_3_8b_instruct,0.4758800521512386,0.24958092754703443,1.0006523157208296,0.3-0.5
professional_law,meta_llama_llama_3_8b_instruct,0.46936114732724904,0.2492237272827029,1.0006523157208163,0.3-0.5
professional_law,meta_llama_llama_3_8b_instruct,0.46740547588005216,0.2490999829054163,1.0006523157208103,0.3-0.5
professional_law,meta_llama_llama_3_8b_instruct,0.45632333767926986,0.24825418370809835,1.0006523157208187,0.3-0.5
professional_law,meta_llama_llama_3_8b_instruct,0.45697522816166886,0.2483107404166222,1.0006523157208396,0.3-0.5
professional_law,meta_llama_llama_3_8b_instruct,0.45436766623207303,0.24807941072161957,1.0006523157208027,0.3-0.5
professional_law,meta_llama_llama_3_8b_instruct,0.4498044328552803,0.2476418403978188,1.000652315720808,0.3-0.5
professional_law,meta_llama_llama_3_8b_instruct,0.46740547588005216,0.2490999829054164,1.0006523157208107,0.3-0.5
professional_law,meta_llama_llama_3_8b_instruct,0.4530638852672751,0.24795864301320447,1.0006523157208052,0.3-0.5
professional_law,meta_llama_llama_3_8b_instruct,0.45632333767926986,0.24825418370809835,1.0006523157208187,0.3-0.5
professional_law,meta_llama_llama_3_8b_instruct,0.45632333767926986,0.24825418370809835,1.0006523157208187,0.3-0.5
professional_law,meta_llama_llama_3_8b_instruct,0.470013037809648,0.249263274454823,1.0006523157208085,0.3-0.5
professional_law,meta_llama_llama_3_8b_instruct,0.4765319426336376,0.24961196995095405,1.0006523157208131,0.3-0.5
professional_law,meta_llama_llama_3_8b_instruct,0.45697522816166886,0.2483107404166222,1.0006523157208396,0.3-0.5
professional_law,meta_llama_llama_3_8b_instruct,0.45436766623207303,0.24807941072161957,1.0006523157208027,0.3-0.5
professional_law,meta_llama_llama_3_8b_instruct,0.455019556714472,0.24813851886059915,1.0006523157208087,0.3-0.5
professional_law,meta_llama_llama_3_8b_instruct,0.4511082138200782,0.24777111287443432,1.0006523157208138,0.3-0.5
professional_law,meta_llama_llama_3_8b_instruct,0.4576271186440678,0.24836644664831728,1.0006523157208245,0.3-0.5
professional_law,meta_llama_llama_3_8b_instruct,0.470013037809648,0.24926327445482316,1.0006523157208091,0.3-0.5
professional_law,meta_llama_llama_3_8b_instruct,0.4771838331160365,0.2496421618780517,1.0006523157207878,0.3-0.5
professional_law,meta_llama_llama_3_8b_instruct,0.4745762711864407,0.24951629130871608,1.0006523157207843,0.3-0.5
professional_law,meta_llama_llama_3_8b_instruct,0.4576271186440678,0.24836644664831728,1.0006523157208245,0.3-0.5
professional_law,meta_llama_llama_3_8b_instruct,0.46153846153846156,0.24868282402529626,1.000652315720835,0.3-0.5
professional_law,meta_llama_llama_3_8b_instruct,0.4784876140808344,0.24969999430180656,1.000652315720814,0.3-0.5
professional_law,meta_llama_llama_3_8b_instruct,0.4589308996088657,0.2484753076812474,1.0006523157207923,0.3-0.5
professional_law,meta_llama_llama_3_8b_instruct,0.47131681877444587,0.24933981736860747,1.0006523157208078,0.3-0.5
professional_law,meta_llama_llama_3_8b_instruct,0.47327249022164275,0.24944825316313649,1.0006523157208111,0.3-0.5
professional_law,meta_llama_llama_3_8b_instruct,0.4595827900912647,0.24852846248249275,1.0006523157208167,0.3-0.5
professional_law,meta_llama_llama_3_8b_instruct,0.46740547588005216,0.2490999829054164,1.0006523157208107,0.3-0.5
professional_law,meta_llama_llama_3_8b_instruct,0.46870925684485004,0.2491833296337616,1.000652315720819,0.3-0.5
professional_law,meta_llama_llama_3_8b_instruct,0.4498044328552803,0.2476418403978188,1.000652315720808,0.3-0.5
professional_law,meta_llama_llama_3_8b_instruct,0.4445893089960887,0.24709073141856586,1.0006523157207927,0.3-0.5
professional_law,meta_llama_llama_3_8b_instruct,0.45697522816166886,0.2483107404166222,1.0006523157208396,0.3-0.5
professional_law,meta_llama_llama_3_8b_instruct,0.4661016949152542,0.24901323426979435,1.000652315720813,0.3-0.5
professional_law,meta_llama_llama_3_8b_instruct,0.455019556714472,0.24813851886059898,1.000652315720808,0.3-0.5
professional_law,meta_llama_llama_3_8b_instruct,0.4517601043024772,0.2478344733975141,1.0006523157208242,0.3-0.5
professional_law,meta_llama_llama_3_8b_instruct,0.4530638852672751,0.24795864301320453,1.0006523157208054,0.3-0.5
professional_law,meta_llama_llama_3_8b_instruct,0.4517601043024772,0.24783447339751408,1.0006523157208242,0.3-0.5
professional_law,meta_llama_llama_3_8b_instruct,0.45371577574967403,0.2480194521058221,1.0006523157208047,0.3-0.5
professional_law,meta_llama_llama_3_8b_instruct,0.4595827900912647,0.24852846248249275,1.0006523157208167,0.3-0.5
professional_law,meta_llama_llama_3_8b_instruct,0.46479791395045633,0.2489230837268847,1.0006523157207816,0.3-0.5
professional_law,meta_llama_llama_3_8b_instruct,0.4726205997392438,0.24941295837511376,1.000652315720812,0.3-0.5
professional_law,meta_llama_llama_3_8b_instruct,0.46153846153846156,0.24868282402529637,1.0006523157208354,0.3-0.5
professional_law,meta_llama_llama_3_8b_instruct,0.47327249022164275,0.2494482531631365,1.0006523157208114,0.3-0.5
professional_law,meta_llama_llama_3_8b_instruct,0.4654498044328553,0.24896858423675805,1.0006523157208318,0.3-0.5
professional_law,meta_llama_llama_3_8b_instruct,0.46479791395045633,0.24892308372688476,1.0006523157207818,0.3-0.5
professional_law,meta_llama_llama_3_8b_instruct,0.4667535853976532,0.2490570338260172,1.0006523157208196,0.3-0.5
professional_law,meta_llama_llama_3_8b_instruct,0.4595827900912647,0.24852846248249275,1.0006523157208167,0.3-0.5
professional_law,meta_llama_llama_3_8b_instruct,0.4589308996088657,0.24847530768124734,1.000652315720792,0.3-0.5
professional_law,meta_llama_llama_3_8b_instruct,0.45697522816166886,0.2483107404166222,1.0006523157208396,0.3-0.5
professional_law,meta_llama_llama_3_8b_instruct,0.4576271186440678,0.24836644664831728,1.0006523157208245,0.3-0.5
professional_law,meta_llama_llama_3_8b_instruct,0.46479791395045633,0.24892308372688476,1.0006523157207818,0.3-0.5
professional_law,meta_llama_llama_3_8b_instruct,0.4452411994784876,0.24716259670985027,1.0006523157208287,0.3-0.5
professional_law,meta_llama_llama_3_8b_instruct,0.45697522816166886,0.2483107404166222,1.0006523157208396,0.3-0.5
professional_law,meta_llama_llama_3_8b_instruct,0.4556714471968709,0.24819677652275543,1.0006523157208005,0.3-0.5
professional_law,meta_llama_llama_3_8b_instruct,0.45045632333767927,0.2477069018745337,1.0006523157207998,0.3-0.5
professional_law,meta_llama_llama_3_8b_instruct,0.44654498044328556,0.24730377586194038,1.0006523157208225,0.3-0.5
professional_law,mistralai_mistral_7b_instruct_v0_2,0.42698826597131684,0.24482888831623015,1.0006523157207912,0.3-0.5
professional_law,mistralai_mistral_7b_instruct_v0_2,0.4165580182529335,0.24319597282215652,1.0006523157207834,0.3-0.5
professional_law,mistralai_mistral_7b_instruct_v0_2,0.4282920469361147,0.24501769417024055,1.0006523157208251,0.3-0.5
professional_law,mistralai_mistral_7b_instruct_v0_2,0.4256844850065189,0.24463668055494925,1.000652315720793,0.3-0.5
professional_law,mistralai_mistral_7b_instruct_v0_2,0.4172099087353325,0.24330440861669095,1.000652315720809,0.3-0.5
professional_law,mistralai_mistral_7b_instruct_v0_2,0.41134289439374183,0.24229786930042735,1.0006523157208256,0.3-0.5
professional_law,mistralai_mistral_7b_instruct_v0_2,0.4165580182529335,0.24319597282215644,1.000652315720783,0.3-0.5
professional_law,mistralai_mistral_7b_instruct_v0_2,0.4165580182529335,0.24319597282215644,1.000652315720783,0.3-0.5
professional_law,mistralai_mistral_7b_instruct_v0_2,0.4106910039113429,0.24218177921451772,1.0006523157208136,0.3-0.5
professional_law,mistralai_mistral_7b_instruct_v0_2,0.4106910039113429,0.24218177921451775,1.0006523157208136,0.3-0.5
professional_law,mistralai_mistral_7b_instruct_v0_2,0.41003911342894395,0.24206483865178954,1.0006523157208065,0.3-0.5
professional_law,mistralai_mistral_7b_instruct_v0_2,0.3963494132985658,0.23941262668915975,1.000652315720836,0.3-0.5
professional_law,mistralai_mistral_7b_instruct_v0_2,0.4048239895697523,0.24109869698446498,1.0006523157208116,0.3-0.5
professional_law,mistralai_mistral_7b_instruct_v0_2,0.4172099087353325,0.243304408616691,1.0006523157208091,0.3-0.5
professional_law,mistralai_mistral_7b_instruct_v0_2,0.4217731421121252,0.24403964582742974,1.0006523157207947,0.3-0.5
professional_law,mistralai_mistral_7b_instruct_v0_2,0.4132985658409387,0.2426410366972189,1.0006523157207865,0.3-0.5
professional_law,mistralai_mistral_7b_instruct_v0_2,0.4048239895697523,0.24109869698446498,1.0006523157208116,0.3-0.5
professional_law,mistralai_mistral_7b_instruct_v0_2,0.409387222946545,0.2419470476122499,1.000652315720834,0.3-0.5
professional_law,mistralai_mistral_7b_instruct_v0_2,0.4198174706649283,0.24372964702660047,1.0006523157207883,0.3-0.5
professional_law,mistralai_mistral_7b_instruct_v0_2,0.41590612777053454,0.24308668655081456,1.000652315720808,0.3-0.5
professional_law,mistralai_mistral_7b_instruct_v0_2,0.4211212516297262,0.243937163370637,1.0006523157207814,0.3-0.5
professional_law,mistralai_mistral_7b_instruct_v0_2,0.41264667535853977,0.24252749804177728,1.0006523157208096,0.3-0.5
professional_law,mistralai_mistral_7b_instruct_v0_2,0.40547588005215124,0.24122244136175267,1.000652315720822,0.3-0.5
professional_law,mistralai_mistral_7b_instruct_v0_2,0.40808344198174706,0.24170891410269466,1.0006523157208211,0.3-0.5
professional_law,mistralai_mistral_7b_instruct_v0_2,0.41264667535853977,0.24252749804177728,1.0006523157208096,0.3-0.5
professional_law,mistralai_mistral_7b_instruct_v0_2,0.40091264667535853,0.2403383707075349,1.0006523157207994,0.3-0.5
professional_law,mistralai_mistral_7b_instruct_v0_2,0.39374185136897,0.2388649196171807,1.0006523157207976,0.3-0.5
professional_law,mistralai_mistral_7b_instruct_v0_2,0.4152542372881356,0.24297654980265007,1.000652315720822,0.3-0.5
professional_law,mistralai_mistral_7b_instruct_v0_2,0.39048239895697523,0.23816115004877111,1.0006523157207932,0.3-0.5
professional_law,mistralai_mistral_7b_instruct_v0_2,0.39895697522816165,0.239946726132011,1.0006523157208302,0.3-0.5
professional_law,mistralai_mistral_7b_instruct_v0_2,0.39113428943937417,0.23830360491609076,1.0006523157207858,0.3-0.5
professional_law,mistralai_mistral_7b_instruct_v0_2,0.4178617992177314,0.24341199393440321,1.000652315720825,0.3-0.5
professional_law,mistralai_mistral_7b_instruct_v0_2,0.4048239895697523,0.24109869698446507,1.0006523157208118,0.3-0.5
professional_law,mistralai_mistral_7b_instruct_v0_2,0.41916558018252936,0.24362461313934922,1.0006523157207787,0.3-0.5
professional_law,mistralai_mistral_7b_instruct_v0_2,0.4002607561929596,0.24020867299251364,1.0006523157208105,0.3-0.5
professional_law,mistralai_mistral_7b_instruct_v0_2,0.4048239895697523,0.24109869698446484,1.000652315720811,0.3-0.5
professional_law,mistralai_mistral_7b_instruct_v0_2,0.42242503259452413,0.24414127780739917,1.0006523157207943,0.3-0.5
professional_law,mistralai_mistral_7b_instruct_v0_2,0.4132985658409387,0.24264103669721881,1.0006523157207863,0.3-0.5
professional_law,mistralai_mistral_7b_instruct_v0_2,0.41590612777053454,0.24308668655081447,1.0006523157208078,0.3-0.5
professional_law,mistralai_mistral_7b_instruct_v0_2,0.40808344198174706,0.24170891410269457,1.000652315720821,0.3-0.5
professional_law,mistralai_mistral_7b_instruct_v0_2,0.4198174706649283,0.24372964702660052,1.0006523157207885,0.3-0.5
professional_law,mistralai_mistral_7b_instruct_v0_2,0.4152542372881356,0.2429765498026501,1.0006523157208222,0.3-0.5
professional_law,mistralai_mistral_7b_instruct_v0_2,0.4048239895697523,0.2410986969844651,1.000652315720812,0.3-0.5
professional_law,mistralai_mistral_7b_instruct_v0_2,0.4217731421121252,0.2440396458274297,1.0006523157207947,0.3-0.5
professional_law,mistralai_mistral_7b_instruct_v0_2,0.4165580182529335,0.24319597282215652,1.0006523157207834,0.3-0.5
professional_law,mistralai_mistral_7b_instruct_v0_2,0.41134289439374183,0.24229786930042718,1.000652315720825,0.3-0.5
professional_law,mistralai_mistral_7b_instruct_v0_2,0.409387222946545,0.2419470476122498,1.0006523157208336,0.3-0.5
professional_law,mistralai_mistral_7b_instruct_v0_2,0.409387222946545,0.24194704761224994,1.0006523157208342,0.3-0.5
professional_law,mistralai_mistral_7b_instruct_v0_2,0.40352020860495436,0.24084865679943965,1.0006523157208298,0.3-0.5
professional_law,mistralai_mistral_7b_instruct_v0_2,0.39895697522816165,0.23994672613201098,1.00065231572083,0.3-0.5
professional_law,mistralai_mistral_7b_instruct_v0_2,0.4041720990873533,0.24097410213035936,1.0006523157208087,0.3-0.5
professional_law,mistralai_mistral_7b_instruct_v0_2,0.4061277705345502,0.2413453352622164,1.0006523157208158,0.3-0.5
professional_law,mistralai_mistral_7b_instruct_v0_2,0.4028683181225554,0.24072236099168914,1.0006523157208054,0.3-0.5
professional_law,mistralai_mistral_7b_instruct_v0_2,0.4061277705345502,0.24134533526221644,1.0006523157208158,0.3-0.5
professional_law,mistralai_mistral_7b_instruct_v0_2,0.42046936114732725,0.24383383043702622,1.0006523157207747,0.3-0.5
professional_law,mistralai_mistral_7b_instruct_v0_2,0.4165580182529335,0.2431959728221565,1.0006523157207832,0.3-0.5
professional_law,mistralai_mistral_7b_instruct_v0_2,0.41264667535853977,0.2425274980417772,1.0006523157208094,0.3-0.5
professional_law,mistralai_mistral_7b_instruct_v0_2,0.4132985658409387,0.24264103669721893,1.0006523157207867,0.3-0.5
professional_law,mistralai_mistral_7b_instruct_v0_2,0.4074315514993481,0.24158857163268116,1.0006523157207892,0.3-0.5
professional_law,mistralai_mistral_7b_instruct_v0_2,0.40221642764015647,0.24059521470713016,1.0006523157208282,0.3-0.5
professional_law,mistralai_mistral_7b_instruct_v0_2,0.40221642764015647,0.2405952147071302,1.0006523157208282,0.3-0.5
professional_law,mistralai_mistral_7b_instruct_v0_2,0.4198174706649283,0.24372964702660047,1.0006523157207883,0.3-0.5
professional_law,mistralai_mistral_7b_instruct_v0_2,0.4198174706649283,0.24372964702660033,1.0006523157207876,0.3-0.5
professional_law,mistralai_mistral_7b_instruct_v0_2,0.4256844850065189,0.24463668055494925,1.000652315720793,0.3-0.5
professional_law,mistralai_mistral_7b_instruct_v0_2,0.4132985658409387,0.24264103669721881,1.0006523157207863,0.3-0.5
professional_law,mistralai_mistral_7b_instruct_v0_2,0.4178617992177314,0.24341199393440316,1.0006523157208247,0.3-0.5
professional_law,mistralai_mistral_7b_instruct_v0_2,0.4217731421121252,0.2440396458274297,1.0006523157207947,0.3-0.5
professional_law,mistralai_mistral_7b_instruct_v0_2,0.4002607561929596,0.2402086729925137,1.0006523157208107,0.3-0.5
professional_law,mistralai_mistral_7b_instruct_v0_2,0.4256844850065189,0.24463668055494925,1.000652315720793,0.3-0.5
professional_law,mistralai_mistral_7b_instruct_v0_2,0.4211212516297262,0.243937163370637,1.0006523157207814,0.3-0.5
professional_law,mistralai_mistral_7b_instruct_v0_2,0.3983050847457627,0.23981447698652253,1.0006523157208091,0.3-0.5
professional_law,mistralai_mistral_7b_instruct_v0_2,0.4217731421121252,0.2440396458274296,1.0006523157207943,0.3-0.5
professional_law,mistralai_mistral_7b_instruct_v0_2,0.41395045632333766,0.2427537248758464,1.0006523157207872,0.3-0.5
professional_law,mistralai_mistral_7b_instruct_v0_2,0.40352020860495436,0.24084865679943973,1.0006523157208302,0.3-0.5
professional_law,mistralai_mistral_7b_instruct_v0_2,0.4067796610169492,0.24146737868585855,1.000652315720802,0.3-0.5
professional_law,mistralai_mistral_7b_instruct_v0_2,0.39765319426336376,0.23968137736421566,1.0006523157207938,0.3-0.5
professional_law,mistralai_mistral_7b_instruct_v0_2,0.4106910039113429,0.2421817792145177,1.0006523157208134,0.3-0.5
professional_law,mistralai_mistral_7b_instruct_v0_2,0.40547588005215124,0.2412224413617526,1.0006523157208218,0.3-0.5
professional_law,mistralai_mistral_7b_instruct_v0_2,0.394393741851369,0.23900312210039923,1.0006523157207823,0.3-0.5
professional_law,mistralai_mistral_7b_instruct_v0_2,0.39504563233376794,0.23914047410680997,1.0006523157208171,0.3-0.5
professional_law,mistralai_mistral_7b_instruct_v0_2,0.4048239895697523,0.24109869698446498,1.0006523157208116,0.3-0.5
professional_law,mistralai_mistral_7b_instruct_v0_2,0.4028683181225554,0.24072236099168925,1.0006523157208058,0.3-0.5
professional_law,mistralai_mistral_7b_instruct_v0_2,0.41395045632333766,0.24275372487584643,1.0006523157207872,0.3-0.5
professional_law,mistralai_mistral_7b_instruct_v0_2,0.41590612777053454,0.24308668655081447,1.0006523157208078,0.3-0.5
professional_law,mistralai_mistral_7b_instruct_v0_2,0.4217731421121252,0.2440396458274296,1.0006523157207943,0.3-0.5
professional_law,mistralai_mistral_7b_instruct_v0_2,0.41003911342894395,0.24206483865178946,1.0006523157208063,0.3-0.5
professional_law,mistralai_mistral_7b_instruct_v0_2,0.42046936114732725,0.24383383043702622,1.0006523157207747,0.3-0.5
professional_law,mistralai_mistral_7b_instruct_v0_2,0.423728813559322,0.24434199033688342,1.0006523157208131,0.3-0.5
professional_law,mistralai_mistral_7b_instruct_v0_2,0.4165580182529335,0.2431959728221565,1.0006523157207832,0.3-0.5
professional_law,mistralai_mistral_7b_instruct_v0_2,0.4217731421121252,0.24403964582742968,1.0006523157207945,0.3-0.5
professional_law,mistralai_mistral_7b_instruct_v0_2,0.42633637548891784,0.24473320967400025,1.0006523157207945,0.3-0.5
professional_law,mistralai_mistral_7b_instruct_v0_2,0.40091264667535853,0.2403383707075348,1.000652315720799,0.3-0.5
professional_law,mistralai_mistral_7b_instruct_v0_2,0.4061277705345502,0.24134533526221652,1.0006523157208163,0.3-0.5
professional_law,mistralai_mistral_7b_instruct_v0_2,0.4172099087353325,0.24330440861669086,1.0006523157208085,0.3-0.5
professional_law,mistralai_mistral_7b_instruct_v0_2,0.4198174706649283,0.24372964702660033,1.0006523157207876,0.3-0.5
professional_law,mistralai_mistral_7b_instruct_v0_2,0.4015645371577575,0.24046721794574127,1.0006523157208087,0.3-0.5
professional_law,mistralai_mistral_7b_instruct_v0_2,0.40808344198174706,0.2417089141026946,1.000652315720821,0.3-0.5
professional_law,mistralai_mistral_7b_instruct_v0_2,0.41134289439374183,0.2422978693004274,1.000652315720826,0.3-0.5
professional_law,mistralai_mistral_7b_instruct_v0_2,0.41395045632333766,0.24275372487584637,1.000652315720787,0.3-0.5
professional_law,mistralai_mistral_7b_instruct_v0_2,0.4152542372881356,0.2429765498026499,1.0006523157208214,0.3-0.5
professional_law,tiiuae_falcon_40b,0.40221642764015647,0.24059521470713016,1.0006523157208282,0.3-0.5
professional_law,tiiuae_falcon_40b,0.40808344198174706,0.24170891410269457,1.000652315720821,0.3-0.5
professional_law,tiiuae_falcon_40b,0.39374185136897,0.23886491961718126,1.0006523157208,0.3-0.5
professional_law,tiiuae_falcon_40b,0.3970013037809648,0.23954742726509642,1.0006523157208098,0.3-0.5
professional_law,tiiuae_falcon_40b,0.41134289439374183,0.24229786930042693,1.000652315720824,0.3-0.5
professional_law,tiiuae_falcon_40b,0.4172099087353325,0.24330440861669078,1.0006523157208083,0.3-0.5
professional_law,tiiuae_falcon_40b,0.39504563233376794,0.23914047410680941,1.000652315720815,0.3-0.5
professional_law,tiiuae_falcon_40b,0.3963494132985658,0.23941262668915964,1.0006523157208356,0.3-0.5
professional_law,tiiuae_falcon_40b,0.4106910039113429,0.24218177921451758,1.000652315720813,0.3-0.5
professional_law,tiiuae_falcon_40b,0.39308996088657105,0.2387258666571411,1.0006523157208078,0.3-0.5
professional_law,tiiuae_falcon_40b,0.3924380704041721,0.2385859632202788,1.000652315720806,0.3-0.5
professional_law,tiiuae_falcon_40b,0.4048239895697523,0.2410986969844654,1.0006523157208134,0.3-0.5
professional_law,tiiuae_falcon_40b,0.40221642764015647,0.24059521470713016,1.0006523157208282,0.3-0.5
professional_law,tiiuae_falcon_40b,0.3859191655801825,0.2371401526265689,1.0006523157208038,0.3-0.5
professional_law,tiiuae_falcon_40b,0.38070404172099087,0.23592226982057427,1.000652315720806,0.3-0.5
professional_law,tiiuae_falcon_40b,0.3859191655801825,0.2371401526265689,1.0006523157208038,0.3-0.5
professional_law,tiiuae_falcon_40b,0.3956975228161669,0.23927697563639425,1.0006523157208242,0.3-0.5
professional_law,tiiuae_falcon_40b,0.4048239895697523,0.24109869698446543,1.0006523157208134,0.3-0.5
professional_law,tiiuae_falcon_40b,0.3728813559322034,0.23399338839319658,1.000652315720783,0.3-0.5
professional_law,tiiuae_falcon_40b,0.4028683181225554,0.24072236099168934,1.000652315720806,0.3-0.5
professional_law,tiiuae_falcon_40b,0.4061277705345502,0.24134533526221677,1.0006523157208171,0.3-0.5
professional_law,tiiuae_falcon_40b,0.40352020860495436,0.24084865679943945,1.000652315720829,0.3-0.5
professional_law,tiiuae_falcon_40b,0.4048239895697523,0.24109869698446504,1.0006523157208118,0.3-0.5
professional_law,tiiuae_falcon_40b,0.40547588005215124,0.2412224413617525,1.0006523157208214,0.3-0.5
professional_law,tiiuae_falcon_40b,0.4106910039113429,0.2421817792145176,1.0006523157208131,0.3-0.5
professional_law,tiiuae_falcon_40b,0.41134289439374183,0.24229786930042693,1.000652315720824,0.3-0.5
professional_law,tiiuae_falcon_40b,0.39895697522816165,0.23994672613201046,1.0006523157208278,0.3-0.5
professional_law,tiiuae_falcon_40b,0.39504563233376794,0.23914047410680953,1.0006523157208154,0.3-0.5
professional_law,tiiuae_falcon_40b,0.4002607561929596,0.2402086729925137,1.0006523157208107,0.3-0.5
professional_law,tiiuae_falcon_40b,0.408735332464146,0.24182840609587247,1.0006523157207876,0.3-0.5
professional_law,tiiuae_falcon_40b,0.4041720990873533,0.24097410213035914,1.0006523157208078,0.3-0.5
professional_law,tiiuae_falcon_40b,0.40808344198174706,0.24170891410269443,1.0006523157208203,0.3-0.5
professional_law,tiiuae_falcon_40b,0.4067796610169492,0.24146737868585794,1.0006523157207994,0.3-0.5
professional_law,tiiuae_falcon_40b,0.40547588005215124,0.24122244136175247,1.0006523157208214,0.3-0.5
professional_law,tiiuae_falcon_40b,0.40352020860495436,0.24084865679943931,1.0006523157208285,0.3-0.5
professional_law,tiiuae_falcon_40b,0.4132985658409387,0.24264103669721898,1.000652315720787,0.3-0.5
professional_law,tiiuae_falcon_40b,0.4178617992177314,0.24341199393440305,1.000652315720824,0.3-0.5
professional_law,tiiuae_falcon_40b,0.37027379400260757,0.2333232126591839,1.000652315720837,0.3-0.5
professional_law,tiiuae_falcon_40b,0.3970013037809648,0.23954742726509642,1.0006523157208098,0.3-0.5
professional_law,tiiuae_falcon_40b,0.3970013037809648,0.23954742726509642,1.0006523157208098,0.3-0.5
professional_law,tiiuae_falcon_40b,0.3898305084745763,0.23801784470462822,1.000652315720786,0.3-0.5
professional_law,tiiuae_falcon_40b,0.4172099087353325,0.24330440861669078,1.0006523157208083,0.3-0.5
professional_law,tiiuae_falcon_40b,0.41199478487614083,0.24241310890950682,1.0006523157207952,0.3-0.5
professional_law,tiiuae_falcon_40b,0.40547588005215124,0.24122244136175236,1.000652315720821,0.3-0.5
professional_law,tiiuae_falcon_40b,0.39895697522816165,0.23994672613201068,1.0006523157208287,0.3-0.5
professional_law,tiiuae_falcon_40b,0.39960886571056065,0.24007812480067328,1.0006523157208247,0.3-0.5
professional_law,tiiuae_falcon_40b,0.41590612777053454,0.243086686550815,1.0006523157208098,0.3-0.5
professional_law,tiiuae_falcon_40b,0.4048239895697523,0.24109869698446562,1.0006523157208143,0.3-0.5
professional_law,tiiuae_falcon_40b,0.41460234680573665,0.24286556257766392,1.0006523157208287,0.3-0.5
professional_law,tiiuae_falcon_40b,0.39048239895697523,0.2381611500487712,1.0006523157207936,0.3-0.5
professional_law,tiiuae_falcon_40b,0.4041720990873533,0.24097410213035925,1.0006523157208083,0.3-0.5
professional_law,tiiuae_falcon_40b,0.40352020860495436,0.2408486567994395,1.0006523157208291,0.3-0.5
professional_law,tiiuae_falcon_40b,0.3983050847457627,0.23981447698652283,1.0006523157208105,0.3-0.5
professional_law,tiiuae_falcon_40b,0.3859191655801825,0.2371401526265688,1.0006523157208034,0.3-0.5
professional_law,tiiuae_falcon_40b,0.3741851368970013,0.23432337339929374,1.0006523157207978,0.3-0.5
professional_law,tiiuae_falcon_40b,0.3754889178617992,0.23464995649811513,1.000652315720828,0.3-0.5
professional_law,tiiuae_falcon_40b,0.38722294654498046,0.23743611855987173,1.0006523157208138,0.3-0.5
professional_law,tiiuae_falcon_40b,0.4067796610169492,0.2414673786858582,1.0006523157208005,0.3-0.5
professional_law,tiiuae_falcon_40b,0.4061277705345502,0.24134533526221677,1.0006523157208171,0.3-0.5
professional_law,tiiuae_falcon_40b,0.39895697522816165,0.23994672613201046,1.0006523157208278,0.3-0.5
professional_law,tiiuae_falcon_40b,0.38070404172099087,0.23592226982057415,1.0006523157208056,0.3-0.5
professional_law,tiiuae_falcon_40b,0.4028683181225554,0.24072236099168928,1.0006523157208058,0.3-0.5
professional_law,tiiuae_falcon_40b,0.4041720990873533,0.2409741021303592,1.000652315720808,0.3-0.5
professional_law,tiiuae_falcon_40b,0.408735332464146,0.24182840609587244,1.0006523157207874,0.3-0.5
professional_law,tiiuae_falcon_40b,0.4061277705345502,0.24134533526221671,1.000652315720817,0.3-0.5
professional_law,tiiuae_falcon_40b,0.4211212516297262,0.24393716337063706,1.0006523157207816,0.3-0.5
professional_law,tiiuae_falcon_40b,0.41460234680573665,0.24286556257766392,1.0006523157208287,0.3-0.5
professional_law,tiiuae_falcon_40b,0.4074315514993481,0.2415885716326812,1.0006523157207894,0.3-0.5
professional_law,tiiuae_falcon_40b,0.41003911342894395,0.24206483865178988,1.0006523157208078,0.3-0.5
professional_law,tiiuae_falcon_40b,0.41395045632333766,0.2427537248758464,1.0006523157207872,0.3-0.5
professional_law,tiiuae_falcon_40b,0.40352020860495436,0.2408486567994395,1.0006523157208291,0.3-0.5
professional_law,tiiuae_falcon_40b,0.4002607561929596,0.24020867299251383,1.0006523157208114,0.3-0.5
professional_law,tiiuae_falcon_40b,0.4015645371577575,0.2404672179457411,1.000652315720808,0.3-0.5
professional_law,tiiuae_falcon_40b,0.3963494132985658,0.23941262668915972,1.000652315720836,0.3-0.5
professional_law,tiiuae_falcon_40b,0.4074315514993481,0.2415885716326812,1.0006523157207894,0.3-0.5
professional_law,tiiuae_falcon_40b,0.378748370273794,0.2354515309008031,1.000652315720824,0.3-0.5
professional_law,tiiuae_falcon_40b,0.4015645371577575,0.24046721794574094,1.0006523157208074,0.3-0.5
professional_law,tiiuae_falcon_40b,0.40091264667535853,0.24033837070753525,1.0006523157208007,0.3-0.5
professional_law,tiiuae_falcon_40b,0.4230769230769231,0.24424205931054815,1.0006523157207914,0.3-0.5
professional_law,tiiuae_falcon_40b,0.4048239895697523,0.24109869698446543,1.0006523157208134,0.3-0.5
professional_law,tiiuae_falcon_40b,0.3891786179921773,0.23787368888367594,1.0006523157208227,0.3-0.5
professional_law,tiiuae_falcon_40b,0.3767926988265971,0.23497313768964745,1.0006523157208163,0.3-0.5
professional_law,tiiuae_falcon_40b,0.4002607561929596,0.24020867299251372,1.000652315720811,0.3-0.5
professional_law,tiiuae_falcon_40b,0.394393741851369,0.23900312210039945,1.0006523157207832,0.3-0.5
professional_law,tiiuae_falcon_40b,0.3917861799217731,0.2384452093065983,1.0006523157208111,0.3-0.5
professional_law,tiiuae_falcon_40b,0.3859191655801825,0.2371401526265688,1.0006523157208034,0.3-0.5
professional_law,tiiuae_falcon_40b,0.38461538461538464,0.2368407847859932,1.0006523157208214,0.3-0.5
professional_law,tiiuae_falcon_40b,0.4002607561929596,0.24020867299251372,1.000652315720811,0.3-0.5
professional_law,tiiuae_falcon_40b,0.39895697522816165,0.23994672613201046,1.0006523157208278,0.3-0.5
professional_law,tiiuae_falcon_40b,0.38852672750977835,0.23772868258589253,1.000652315720812,0.3-0.5
professional_law,tiiuae_falcon_40b,0.38461538461538464,0.23684078478599313,1.000652315720821,0.3-0.5
professional_law,tiiuae_falcon_40b,0.39765319426336376,0.23968137736421563,1.0006523157207938,0.3-0.5
professional_law,tiiuae_falcon_40b,0.40221642764015647,0.24059521470713016,1.0006523157208282,0.3-0.5
professional_law,tiiuae_falcon_40b,0.41134289439374183,0.24229786930042677,1.0006523157208234,0.3-0.5
professional_law,tiiuae_falcon_40b,0.41916558018252936,0.24362461313934958,1.00065231572078,0.3-0.5
professional_law,tiiuae_falcon_40b,0.38657105606258146,0.2372885608316271,1.0006523157207956,0.3-0.5
professional_law,tiiuae_falcon_40b,0.3970013037809648,0.23954742726509642,1.0006523157208098,0.3-0.5
professional_law,tiiuae_falcon_40b,0.3983050847457627,0.23981447698652283,1.0006523157208105,0.3-0.5
professional_law,tiiuae_falcon_40b,0.39895697522816165,0.23994672613201054,1.0006523157208282,0.3-0.5
professional_law,tiiuae_falcon_40b,0.39895697522816165,0.23994672613201054,1.0006523157208282,0.3-0.5
us_foreign_policy,codellama_codellama_34b_instruct,0.78,0.173333333333333,1.0101010101010084,0.7-0.9
us_foreign_policy,codellama_codellama_34b_instruct,0.78,0.173333333333333,1.0101010101010084,0.7-0.9
us_foreign_policy,codellama_codellama_34b_instruct,0.78,0.17333333333333298,1.0101010101010082,0.7-0.9
us_foreign_policy,codellama_codellama_34b_instruct,0.81,0.15545454545454518,1.0101010101010086,0.7-0.9
us_foreign_policy,codellama_codellama_34b_instruct,0.77,0.1788888888888888,1.0101010101010097,0.7-0.9
us_foreign_policy,codellama_codellama_34b_instruct,0.78,0.17333333333333295,1.010101010101008,0.7-0.9
us_foreign_policy,codellama_codellama_34b_instruct,0.78,0.1733333333333329,1.0101010101010077,0.7-0.9
us_foreign_policy,codellama_codellama_34b_instruct,0.8,0.16161616161616127,1.0101010101010082,0.7-0.9
us_foreign_policy,codellama_codellama_34b_instruct,0.77,0.1788888888888888,1.0101010101010097,0.7-0.9
us_foreign_policy,codellama_codellama_34b_instruct,0.78,0.1733333333333329,1.0101010101010077,0.7-0.9
us_foreign_policy,codellama_codellama_34b_instruct,0.8,0.16161616161616127,1.0101010101010082,0.7-0.9
us_foreign_policy,codellama_codellama_34b_instruct,0.78,0.17333333333333295,1.010101010101008,0.7-0.9
us_foreign_policy,codellama_codellama_34b_instruct,0.8,0.16161616161616132,1.0101010101010084,0.7-0.9
us_foreign_policy,codellama_codellama_34b_instruct,0.78,0.173333333333333,1.0101010101010084,0.7-0.9
us_foreign_policy,codellama_codellama_34b_instruct,0.79,0.16757575757575777,1.0101010101010113,0.7-0.9
us_foreign_policy,codellama_codellama_34b_instruct,0.82,0.1490909090909094,1.010101010101012,0.7-0.9
us_foreign_policy,codellama_codellama_34b_instruct,0.8,0.16161616161616132,1.0101010101010084,0.7-0.9
us_foreign_policy,codellama_codellama_34b_instruct,0.78,0.17333333333333295,1.010101010101008,0.7-0.9
us_foreign_policy,codellama_codellama_34b_instruct,0.78,0.173333333333333,1.0101010101010084,0.7-0.9
us_foreign_policy,codellama_codellama_34b_instruct,0.78,0.173333333333333,1.0101010101010084,0.7-0.9
us_foreign_policy,codellama_codellama_34b_instruct,0.78,0.173333333333333,1.0101010101010084,0.7-0.9
us_foreign_policy,codellama_codellama_34b_instruct,0.77,0.17888888888888882,1.0101010101010097,0.7-0.9
us_foreign_policy,codellama_codellama_34b_instruct,0.74,0.1943434343434342,1.0101010101010093,0.7-0.9
us_foreign_policy,codellama_codellama_34b_instruct,0.79,0.16757575757575777,1.0101010101010113,0.7-0.9
us_foreign_policy,codellama_codellama_34b_instruct,0.8,0.16161616161616132,1.0101010101010084,0.7-0.9
us_foreign_policy,codellama_codellama_34b_instruct,0.8,0.16161616161616132,1.0101010101010084,0.7-0.9
us_foreign_policy,codellama_codellama_34b_instruct,0.76,0.18424242424242462,1.0101010101010122,0.7-0.9
us_foreign_policy,codellama_codellama_34b_instruct,0.76,0.18424242424242462,1.0101010101010122,0.7-0.9
us_foreign_policy,codellama_codellama_34b_instruct,0.76,0.18424242424242462,1.0101010101010122,0.7-0.9
us_foreign_policy,codellama_codellama_34b_instruct,0.77,0.17888888888888876,1.0101010101010095,0.7-0.9
us_foreign_policy,codellama_codellama_34b_instruct,0.76,0.18424242424242462,1.0101010101010122,0.7-0.9
us_foreign_policy,codellama_codellama_34b_instruct,0.74,0.19434343434343426,1.0101010101010095,0.7-0.9
us_foreign_policy,codellama_codellama_34b_instruct,0.77,0.17888888888888868,1.010101010101009,0.7-0.9
us_foreign_policy,codellama_codellama_34b_instruct,0.76,0.18424242424242462,1.0101010101010122,0.7-0.9
us_foreign_policy,codellama_codellama_34b_instruct,0.79,0.16757575757575777,1.0101010101010113,0.7-0.9
us_foreign_policy,codellama_codellama_34b_instruct,0.78,0.17333333333333303,1.0101010101010086,0.7-0.9
us_foreign_policy,codellama_codellama_34b_instruct,0.77,0.1788888888888888,1.0101010101010097,0.7-0.9
us_foreign_policy,codellama_codellama_34b_instruct,0.78,0.17333333333333295,1.010101010101008,0.7-0.9
us_foreign_policy,codellama_codellama_34b_instruct,0.77,0.1788888888888888,1.0101010101010097,0.7-0.9
us_foreign_policy,codellama_codellama_34b_instruct,0.77,0.1788888888888888,1.0101010101010097,0.7-0.9
us_foreign_policy,codellama_codellama_34b_instruct,0.77,0.17888888888888868,1.010101010101009,0.7-0.9
us_foreign_policy,codellama_codellama_34b_instruct,0.81,0.15545454545454526,1.010101010101009,0.7-0.9
us_foreign_policy,codellama_codellama_34b_instruct,0.79,0.1675757575757578,1.0101010101010115,0.7-0.9
us_foreign_policy,codellama_codellama_34b_instruct,0.79,0.16757575757575777,1.0101010101010113,0.7-0.9
us_foreign_policy,codellama_codellama_34b_instruct,0.79,0.16757575757575777,1.0101010101010113,0.7-0.9
us_foreign_policy,codellama_codellama_34b_instruct,0.8,0.16161616161616135,1.0101010101010086,0.7-0.9
us_foreign_policy,codellama_codellama_34b_instruct,0.79,0.16757575757575777,1.0101010101010113,0.7-0.9
us_foreign_policy,codellama_codellama_34b_instruct,0.78,0.1733333333333329,1.0101010101010077,0.7-0.9
us_foreign_policy,codellama_codellama_34b_instruct,0.76,0.18424242424242462,1.0101010101010122,0.7-0.9
us_foreign_policy,codellama_codellama_34b_instruct,0.77,0.17888888888888865,1.0101010101010088,0.7-0.9
us_foreign_policy,codellama_codellama_34b_instruct,0.76,0.18424242424242462,1.0101010101010122,0.7-0.9
us_foreign_policy,codellama_codellama_34b_instruct,0.76,0.18424242424242462,1.0101010101010122,0.7-0.9
us_foreign_policy,codellama_codellama_34b_instruct,0.77,0.1788888888888888,1.0101010101010097,0.7-0.9
us_foreign_policy,codellama_codellama_34b_instruct,0.77,0.17888888888888876,1.0101010101010095,0.7-0.9
us_foreign_policy,codellama_codellama_34b_instruct,0.74,0.19434343434343426,1.0101010101010095,0.7-0.9
us_foreign_policy,codellama_codellama_34b_instruct,0.79,0.16757575757575777,1.0101010101010113,0.7-0.9
us_foreign_policy,codellama_codellama_34b_instruct,0.76,0.18424242424242462,1.0101010101010122,0.7-0.9
us_foreign_policy,codellama_codellama_34b_instruct,0.76,0.18424242424242462,1.0101010101010122,0.7-0.9
us_foreign_policy,codellama_codellama_34b_instruct,0.76,0.18424242424242462,1.0101010101010122,0.7-0.9
us_foreign_policy,codellama_codellama_34b_instruct,0.77,0.17888888888888868,1.010101010101009,0.7-0.9
us_foreign_policy,codellama_codellama_34b_instruct,0.78,0.1733333333333329,1.0101010101010077,0.7-0.9
us_foreign_policy,codellama_codellama_34b_instruct,0.77,0.1788888888888888,1.0101010101010097,0.7-0.9
us_foreign_policy,codellama_codellama_34b_instruct,0.77,0.1788888888888888,1.0101010101010097,0.7-0.9
us_foreign_policy,codellama_codellama_34b_instruct,0.76,0.18424242424242462,1.0101010101010122,0.7-0.9
us_foreign_policy,codellama_codellama_34b_instruct,0.81,0.1554545454545453,1.0101010101010093,0.7-0.9
us_foreign_policy,codellama_codellama_34b_instruct,0.8,0.16161616161616132,1.0101010101010084,0.7-0.9
us_foreign_policy,codellama_codellama_34b_instruct,0.76,0.18424242424242462,1.0101010101010122,0.7-0.9
us_foreign_policy,codellama_codellama_34b_instruct,0.81,0.1554545454545453,1.0101010101010093,0.7-0.9
us_foreign_policy,codellama_codellama_34b_instruct,0.77,0.17888888888888888,1.0101010101010102,0.7-0.9
us_foreign_policy,codellama_codellama_34b_instruct,0.77,0.17888888888888876,1.0101010101010095,0.7-0.9
us_foreign_policy,codellama_codellama_34b_instruct,0.78,0.1733333333333329,1.0101010101010077,0.7-0.9
us_foreign_policy,codellama_codellama_34b_instruct,0.78,0.1733333333333329,1.0101010101010077,0.7-0.9
us_foreign_policy,codellama_codellama_34b_instruct,0.75,0.1893939393939394,1.0101010101010102,0.7-0.9
us_foreign_policy,codellama_codellama_34b_instruct,0.76,0.18424242424242462,1.0101010101010122,0.7-0.9
us_foreign_policy,codellama_codellama_34b_instruct,0.76,0.18424242424242462,1.0101010101010122,0.7-0.9
us_foreign_policy,codellama_codellama_34b_instruct,0.73,0.19909090909090937,1.0101010101010115,0.7-0.9
us_foreign_policy,codellama_codellama_34b_instruct,0.73,0.19909090909090937,1.0101010101010115,0.7-0.9
us_foreign_policy,codellama_codellama_34b_instruct,0.73,0.19909090909090937,1.0101010101010115,0.7-0.9
us_foreign_policy,codellama_codellama_34b_instruct,0.74,0.19434343434343415,1.010101010101009,0.7-0.9
us_foreign_policy,codellama_codellama_34b_instruct,0.77,0.1788888888888888,1.0101010101010097,0.7-0.9
us_foreign_policy,codellama_codellama_34b_instruct,0.78,0.173333333333333,1.0101010101010084,0.7-0.9
us_foreign_policy,codellama_codellama_34b_instruct,0.79,0.16757575757575777,1.0101010101010113,0.7-0.9
us_foreign_policy,codellama_codellama_34b_instruct,0.76,0.18424242424242462,1.0101010101010122,0.7-0.9
us_foreign_policy,codellama_codellama_34b_instruct,0.78,0.17333333333333295,1.010101010101008,0.7-0.9
us_foreign_policy,codellama_codellama_34b_instruct,0.75,0.1893939393939394,1.0101010101010102,0.7-0.9
us_foreign_policy,codellama_codellama_34b_instruct,0.77,0.17888888888888865,1.0101010101010088,0.7-0.9
us_foreign_policy,codellama_codellama_34b_instruct,0.78,0.173333333333333,1.0101010101010084,0.7-0.9
us_foreign_policy,codellama_codellama_34b_instruct,0.77,0.17888888888888868,1.010101010101009,0.7-0.9
us_foreign_policy,codellama_codellama_34b_instruct,0.78,0.1733333333333329,1.0101010101010077,0.7-0.9
us_foreign_policy,codellama_codellama_34b_instruct,0.76,0.18424242424242462,1.0101010101010122,0.7-0.9
us_foreign_policy,codellama_codellama_34b_instruct,0.79,0.16757575757575777,1.0101010101010113,0.7-0.9
us_foreign_policy,codellama_codellama_34b_instruct,0.78,0.173333333333333,1.0101010101010084,0.7-0.9
us_foreign_policy,codellama_codellama_34b_instruct,0.76,0.18424242424242454,1.0101010101010117,0.7-0.9
us_foreign_policy,codellama_codellama_34b_instruct,0.77,0.17888888888888876,1.0101010101010095,0.7-0.9
us_foreign_policy,codellama_codellama_34b_instruct,0.75,0.1893939393939394,1.0101010101010102,0.7-0.9
us_foreign_policy,codellama_codellama_34b_instruct,0.79,0.16757575757575777,1.0101010101010113,0.7-0.9
us_foreign_policy,codellama_codellama_34b_instruct,0.79,0.16757575757575777,1.0101010101010113,0.7-0.9
us_foreign_policy,codellama_codellama_34b_instruct,0.8,0.16161616161616135,1.0101010101010086,0.7-0.9
us_foreign_policy,codellama_codellama_34b_instruct,0.78,0.17333333333333298,1.0101010101010082,0.7-0.9
us_foreign_policy,codellama_codellama_34b_instruct,0.78,0.17333333333333298,1.0101010101010082,0.7-0.9
us_foreign_policy,google_flan_t5_xl,0.72,0.20363636363636356,1.0101010101010097,0.7-0.9
us_foreign_policy,google_flan_t5_xl,0.72,0.20363636363636356,1.0101010101010097,0.7-0.9
us_foreign_policy,google_flan_t5_xl,0.7,0.21212121212121193,1.010101010101009,0.5-0.7
us_foreign_policy,google_flan_t5_xl,0.69,0.21606060606060593,1.0101010101010095,0.5-0.7
us_foreign_policy,google_flan_t5_xl,0.67,0.2233333333333334,1.0101010101010104,0.5-0.7
us_foreign_policy,google_flan_t5_xl,0.72,0.20363636363636356,1.0101010101010097,0.7-0.9
us_foreign_policy,google_flan_t5_xl,0.7,0.21212121212121193,1.010101010101009,0.5-0.7
us_foreign_policy,google_flan_t5_xl,0.72,0.20363636363636356,1.0101010101010097,0.7-0.9
us_foreign_policy,google_flan_t5_xl,0.68,0.21979797979797946,1.0101010101010086,0.5-0.7
us_foreign_policy,google_flan_t5_xl,0.71,0.20797979797979776,1.0101010101010088,0.7-0.9
us_foreign_policy,google_flan_t5_xl,0.72,0.20363636363636356,1.0101010101010097,0.7-0.9
us_foreign_policy,google_flan_t5_xl,0.67,0.2233333333333334,1.0101010101010104,0.5-0.7
us_foreign_policy,google_flan_t5_xl,0.69,0.21606060606060593,1.0101010101010095,0.5-0.7
us_foreign_policy,google_flan_t5_xl,0.72,0.20363636363636356,1.0101010101010097,0.7-0.9
us_foreign_policy,google_flan_t5_xl,0.7,0.21212121212121193,1.010101010101009,0.5-0.7
us_foreign_policy,google_flan_t5_xl,0.72,0.20363636363636356,1.0101010101010097,0.7-0.9
us_foreign_policy,google_flan_t5_xl,0.7,0.21212121212121193,1.010101010101009,0.5-0.7
us_foreign_policy,google_flan_t5_xl,0.69,0.21606060606060593,1.0101010101010095,0.5-0.7
us_foreign_policy,google_flan_t5_xl,0.7,0.21212121212121193,1.010101010101009,0.5-0.7
us_foreign_policy,google_flan_t5_xl,0.7,0.21212121212121193,1.010101010101009,0.5-0.7
us_foreign_policy,google_flan_t5_xl,0.72,0.20363636363636356,1.0101010101010097,0.7-0.9
us_foreign_policy,google_flan_t5_xl,0.7,0.21212121212121193,1.010101010101009,0.5-0.7
us_foreign_policy,google_flan_t5_xl,0.7,0.21212121212121193,1.010101010101009,0.5-0.7
us_foreign_policy,google_flan_t5_xl,0.72,0.20363636363636356,1.0101010101010097,0.7-0.9
us_foreign_policy,google_flan_t5_xl,0.72,0.20363636363636356,1.0101010101010097,0.7-0.9
us_foreign_policy,google_flan_t5_xl,0.72,0.20363636363636356,1.0101010101010097,0.7-0.9
us_foreign_policy,google_flan_t5_xl,0.69,0.21606060606060593,1.0101010101010095,0.5-0.7
us_foreign_policy,google_flan_t5_xl,0.69,0.21606060606060593,1.0101010101010095,0.5-0.7
us_foreign_policy,google_flan_t5_xl,0.68,0.2197979797979795,1.0101010101010088,0.5-0.7
us_foreign_policy,google_flan_t5_xl,0.7,0.21212121212121193,1.010101010101009,0.5-0.7
us_foreign_policy,google_flan_t5_xl,0.68,0.2197979797979795,1.0101010101010088,0.5-0.7
us_foreign_policy,google_flan_t5_xl,0.69,0.2160606060606059,1.0101010101010093,0.5-0.7
us_foreign_policy,google_flan_t5_xl,0.7,0.21212121212121193,1.010101010101009,0.5-0.7
us_foreign_policy,google_flan_t5_xl,0.68,0.2197979797979795,1.0101010101010088,0.5-0.7
us_foreign_policy,google_flan_t5_xl,0.72,0.20363636363636356,1.0101010101010097,0.7-0.9
us_foreign_policy,google_flan_t5_xl,0.67,0.2233333333333334,1.0101010101010104,0.5-0.7
us_foreign_policy,google_flan_t5_xl,0.68,0.21979797979797946,1.0101010101010086,0.5-0.7
us_foreign_policy,google_flan_t5_xl,0.7,0.21212121212121193,1.010101010101009,0.5-0.7
us_foreign_policy,google_flan_t5_xl,0.7,0.21212121212121193,1.010101010101009,0.5-0.7
us_foreign_policy,google_flan_t5_xl,0.7,0.21212121212121193,1.010101010101009,0.5-0.7
us_foreign_policy,google_flan_t5_xl,0.71,0.20797979797979776,1.0101010101010088,0.7-0.9
us_foreign_policy,google_flan_t5_xl,0.69,0.21606060606060593,1.0101010101010095,0.5-0.7
us_foreign_policy,google_flan_t5_xl,0.71,0.20797979797979776,1.0101010101010088,0.7-0.9
us_foreign_policy,google_flan_t5_xl,0.69,0.21606060606060593,1.0101010101010095,0.5-0.7
us_foreign_policy,google_flan_t5_xl,0.7,0.21212121212121193,1.010101010101009,0.5-0.7
us_foreign_policy,google_flan_t5_xl,0.7,0.21212121212121193,1.010101010101009,0.5-0.7
us_foreign_policy,google_flan_t5_xl,0.68,0.2197979797979795,1.0101010101010088,0.5-0.7
us_foreign_policy,google_flan_t5_xl,0.7,0.21212121212121193,1.010101010101009,0.5-0.7
us_foreign_policy,google_flan_t5_xl,0.68,0.2197979797979795,1.0101010101010088,0.5-0.7
us_foreign_policy,google_flan_t5_xl,0.7,0.21212121212121193,1.010101010101009,0.5-0.7
us_foreign_policy,google_flan_t5_xl,0.72,0.20363636363636356,1.0101010101010097,0.7-0.9
us_foreign_policy,google_flan_t5_xl,0.71,0.20797979797979776,1.0101010101010088,0.7-0.9
us_foreign_policy,google_flan_t5_xl,0.69,0.21606060606060593,1.0101010101010095,0.5-0.7
us_foreign_policy,google_flan_t5_xl,0.71,0.2079797979797978,1.010101010101009,0.7-0.9
us_foreign_policy,google_flan_t5_xl,0.71,0.20797979797979776,1.0101010101010088,0.7-0.9
us_foreign_policy,google_flan_t5_xl,0.7,0.21212121212121193,1.010101010101009,0.5-0.7
us_foreign_policy,google_flan_t5_xl,0.69,0.2160606060606059,1.0101010101010093,0.5-0.7
us_foreign_policy,google_flan_t5_xl,0.71,0.20797979797979776,1.0101010101010088,0.7-0.9
us_foreign_policy,google_flan_t5_xl,0.7,0.21212121212121193,1.010101010101009,0.5-0.7
us_foreign_policy,google_flan_t5_xl,0.7,0.2121212121212119,1.010101010101009,0.5-0.7
us_foreign_policy,google_flan_t5_xl,0.7,0.21212121212121193,1.010101010101009,0.5-0.7
us_foreign_policy,google_flan_t5_xl,0.7,0.21212121212121193,1.010101010101009,0.5-0.7
us_foreign_policy,google_flan_t5_xl,0.7,0.21212121212121193,1.010101010101009,0.5-0.7
us_foreign_policy,google_flan_t5_xl,0.68,0.21979797979797946,1.0101010101010086,0.5-0.7
us_foreign_policy,google_flan_t5_xl,0.72,0.20363636363636356,1.0101010101010097,0.7-0.9
us_foreign_policy,google_flan_t5_xl,0.72,0.20363636363636356,1.0101010101010097,0.7-0.9
us_foreign_policy,google_flan_t5_xl,0.7,0.2121212121212119,1.010101010101009,0.5-0.7
us_foreign_policy,google_flan_t5_xl,0.71,0.20797979797979776,1.0101010101010088,0.7-0.9
us_foreign_policy,google_flan_t5_xl,0.71,0.20797979797979776,1.0101010101010088,0.7-0.9
us_foreign_policy,google_flan_t5_xl,0.71,0.20797979797979776,1.0101010101010088,0.7-0.9
us_foreign_policy,google_flan_t5_xl,0.73,0.19909090909090937,1.0101010101010115,0.7-0.9
us_foreign_policy,google_flan_t5_xl,0.7,0.21212121212121193,1.010101010101009,0.5-0.7
us_foreign_policy,google_flan_t5_xl,0.7,0.2121212121212119,1.010101010101009,0.5-0.7
us_foreign_policy,google_flan_t5_xl,0.69,0.2160606060606059,1.0101010101010093,0.5-0.7
us_foreign_policy,google_flan_t5_xl,0.72,0.20363636363636353,1.0101010101010095,0.7-0.9
us_foreign_policy,google_flan_t5_xl,0.69,0.2160606060606059,1.0101010101010093,0.5-0.7
us_foreign_policy,google_flan_t5_xl,0.69,0.2160606060606059,1.0101010101010093,0.5-0.7
us_foreign_policy,google_flan_t5_xl,0.69,0.2160606060606059,1.0101010101010093,0.5-0.7
us_foreign_policy,google_flan_t5_xl,0.71,0.20797979797979776,1.0101010101010088,0.7-0.9
us_foreign_policy,google_flan_t5_xl,0.69,0.21606060606060593,1.0101010101010095,0.5-0.7
us_foreign_policy,google_flan_t5_xl,0.67,0.2233333333333334,1.0101010101010104,0.5-0.7
us_foreign_policy,google_flan_t5_xl,0.71,0.20797979797979776,1.0101010101010088,0.7-0.9
us_foreign_policy,google_flan_t5_xl,0.68,0.21979797979797946,1.0101010101010086,0.5-0.7
us_foreign_policy,google_flan_t5_xl,0.7,0.21212121212121193,1.010101010101009,0.5-0.7
us_foreign_policy,google_flan_t5_xl,0.67,0.2233333333333334,1.0101010101010104,0.5-0.7
us_foreign_policy,google_flan_t5_xl,0.69,0.21606060606060593,1.0101010101010095,0.5-0.7
us_foreign_policy,google_flan_t5_xl,0.68,0.21979797979797946,1.0101010101010086,0.5-0.7
us_foreign_policy,google_flan_t5_xl,0.68,0.21979797979797946,1.0101010101010086,0.5-0.7
us_foreign_policy,google_flan_t5_xl,0.71,0.20797979797979776,1.0101010101010088,0.7-0.9
us_foreign_policy,google_flan_t5_xl,0.7,0.21212121212121193,1.010101010101009,0.5-0.7
us_foreign_policy,google_flan_t5_xl,0.68,0.2197979797979795,1.0101010101010088,0.5-0.7
us_foreign_policy,google_flan_t5_xl,0.68,0.21979797979797946,1.0101010101010086,0.5-0.7
us_foreign_policy,google_flan_t5_xl,0.66,0.22666666666666707,1.010101010101012,0.5-0.7
us_foreign_policy,google_flan_t5_xl,0.66,0.22666666666666707,1.010101010101012,0.5-0.7
us_foreign_policy,google_flan_t5_xl,0.68,0.2197979797979795,1.0101010101010088,0.5-0.7
us_foreign_policy,google_flan_t5_xl,0.67,0.2233333333333334,1.0101010101010104,0.5-0.7
us_foreign_policy,google_flan_t5_xl,0.68,0.21979797979797946,1.0101010101010086,0.5-0.7
us_foreign_policy,google_flan_t5_xl,0.67,0.2233333333333334,1.0101010101010104,0.5-0.7
us_foreign_policy,google_flan_t5_xl,0.66,0.22666666666666707,1.010101010101012,0.5-0.7
us_foreign_policy,google_flan_t5_xl,0.66,0.22666666666666707,1.010101010101012,0.5-0.7
us_foreign_policy,google_gemma_7b_it,0.7,0.21212121212121193,1.010101010101009,0.5-0.7
us_foreign_policy,google_gemma_7b_it,0.69,0.21606060606060593,1.0101010101010095,0.5-0.7
us_foreign_policy,google_gemma_7b_it,0.7,0.21212121212121193,1.010101010101009,0.5-0.7
us_foreign_policy,google_gemma_7b_it,0.71,0.20797979797979774,1.0101010101010088,0.7-0.9
us_foreign_policy,google_gemma_7b_it,0.69,0.21606060606060593,1.0101010101010095,0.5-0.7
us_foreign_policy,google_gemma_7b_it,0.72,0.20363636363636353,1.0101010101010095,0.7-0.9
us_foreign_policy,google_gemma_7b_it,0.71,0.20797979797979774,1.0101010101010088,0.7-0.9
us_foreign_policy,google_gemma_7b_it,0.7,0.21212121212121193,1.010101010101009,0.5-0.7
us_foreign_policy,google_gemma_7b_it,0.71,0.20797979797979774,1.0101010101010088,0.7-0.9
us_foreign_policy,google_gemma_7b_it,0.71,0.20797979797979774,1.0101010101010088,0.7-0.9
us_foreign_policy,google_gemma_7b_it,0.68,0.21979797979797946,1.0101010101010086,0.5-0.7
us_foreign_policy,google_gemma_7b_it,0.69,0.21606060606060593,1.0101010101010095,0.5-0.7
us_foreign_policy,google_gemma_7b_it,0.7,0.21212121212121193,1.010101010101009,0.5-0.7
us_foreign_policy,google_gemma_7b_it,0.68,0.21979797979797946,1.0101010101010086,0.5-0.7
us_foreign_policy,google_gemma_7b_it,0.69,0.21606060606060593,1.0101010101010095,0.5-0.7
us_foreign_policy,google_gemma_7b_it,0.65,0.22979797979797956,1.010101010101009,0.5-0.7
us_foreign_policy,google_gemma_7b_it,0.67,0.2233333333333334,1.0101010101010104,0.5-0.7
us_foreign_policy,google_gemma_7b_it,0.7,0.21212121212121193,1.010101010101009,0.5-0.7
us_foreign_policy,google_gemma_7b_it,0.69,0.21606060606060593,1.0101010101010095,0.5-0.7
us_foreign_policy,google_gemma_7b_it,0.68,0.21979797979797946,1.0101010101010086,0.5-0.7
us_foreign_policy,google_gemma_7b_it,0.7,0.21212121212121193,1.010101010101009,0.5-0.7
us_foreign_policy,google_gemma_7b_it,0.66,0.2266666666666671,1.0101010101010122,0.5-0.7
us_foreign_policy,google_gemma_7b_it,0.66,0.2266666666666671,1.0101010101010122,0.5-0.7
us_foreign_policy,google_gemma_7b_it,0.69,0.21606060606060595,1.0101010101010095,0.5-0.7
us_foreign_policy,google_gemma_7b_it,0.69,0.21606060606060593,1.0101010101010095,0.5-0.7
us_foreign_policy,google_gemma_7b_it,0.69,0.21606060606060593,1.0101010101010095,0.5-0.7
us_foreign_policy,google_gemma_7b_it,0.67,0.2233333333333332,1.0101010101010095,0.5-0.7
us_foreign_policy,google_gemma_7b_it,0.64,0.23272727272727275,1.0101010101010102,0.5-0.7
us_foreign_policy,google_gemma_7b_it,0.64,0.23272727272727275,1.0101010101010102,0.5-0.7
us_foreign_policy,google_gemma_7b_it,0.66,0.22666666666666707,1.010101010101012,0.5-0.7
us_foreign_policy,google_gemma_7b_it,0.69,0.21606060606060593,1.0101010101010095,0.5-0.7
us_foreign_policy,google_gemma_7b_it,0.68,0.2197979797979795,1.0101010101010088,0.5-0.7
us_foreign_policy,google_gemma_7b_it,0.68,0.21979797979797946,1.0101010101010086,0.5-0.7
us_foreign_policy,google_gemma_7b_it,0.67,0.22333333333333333,1.0101010101010102,0.5-0.7
us_foreign_policy,google_gemma_7b_it,0.68,0.21979797979797946,1.0101010101010086,0.5-0.7
us_foreign_policy,google_gemma_7b_it,0.71,0.20797979797979774,1.0101010101010088,0.7-0.9
us_foreign_policy,google_gemma_7b_it,0.7,0.21212121212121193,1.010101010101009,0.5-0.7
us_foreign_policy,google_gemma_7b_it,0.71,0.20797979797979774,1.0101010101010088,0.7-0.9
us_foreign_policy,google_gemma_7b_it,0.7,0.21212121212121193,1.010101010101009,0.5-0.7
us_foreign_policy,google_gemma_7b_it,0.7,0.21212121212121193,1.010101010101009,0.5-0.7
us_foreign_policy,google_gemma_7b_it,0.69,0.21606060606060595,1.0101010101010095,0.5-0.7
us_foreign_policy,google_gemma_7b_it,0.7,0.21212121212121193,1.010101010101009,0.5-0.7
us_foreign_policy,google_gemma_7b_it,0.69,0.21606060606060593,1.0101010101010095,0.5-0.7
us_foreign_policy,google_gemma_7b_it,0.71,0.20797979797979774,1.0101010101010088,0.7-0.9
us_foreign_policy,google_gemma_7b_it,0.68,0.21979797979797946,1.0101010101010086,0.5-0.7
us_foreign_policy,google_gemma_7b_it,0.69,0.21606060606060593,1.0101010101010095,0.5-0.7
us_foreign_policy,google_gemma_7b_it,0.68,0.2197979797979795,1.0101010101010088,0.5-0.7
us_foreign_policy,google_gemma_7b_it,0.67,0.22333333333333333,1.0101010101010102,0.5-0.7
us_foreign_policy,google_gemma_7b_it,0.69,0.21606060606060593,1.0101010101010095,0.5-0.7
us_foreign_policy,google_gemma_7b_it,0.7,0.21212121212121193,1.010101010101009,0.5-0.7
us_foreign_policy,google_gemma_7b_it,0.66,0.22666666666666707,1.010101010101012,0.5-0.7
us_foreign_policy,google_gemma_7b_it,0.66,0.22666666666666707,1.010101010101012,0.5-0.7
us_foreign_policy,google_gemma_7b_it,0.67,0.22333333333333333,1.0101010101010102,0.5-0.7
us_foreign_policy,google_gemma_7b_it,0.68,0.21979797979797946,1.0101010101010086,0.5-0.7
us_foreign_policy,google_gemma_7b_it,0.71,0.20797979797979774,1.0101010101010088,0.7-0.9
us_foreign_policy,google_gemma_7b_it,0.7,0.21212121212121193,1.010101010101009,0.5-0.7
us_foreign_policy,google_gemma_7b_it,0.65,0.22979797979797958,1.0101010101010093,0.5-0.7
us_foreign_policy,google_gemma_7b_it,0.68,0.21979797979797946,1.0101010101010086,0.5-0.7
us_foreign_policy,google_gemma_7b_it,0.68,0.21979797979797946,1.0101010101010086,0.5-0.7
us_foreign_policy,google_gemma_7b_it,0.67,0.22333333333333333,1.0101010101010102,0.5-0.7
us_foreign_policy,google_gemma_7b_it,0.67,0.2233333333333334,1.0101010101010104,0.5-0.7
us_foreign_policy,google_gemma_7b_it,0.69,0.21606060606060593,1.0101010101010095,0.5-0.7
us_foreign_policy,google_gemma_7b_it,0.69,0.21606060606060593,1.0101010101010095,0.5-0.7
us_foreign_policy,google_gemma_7b_it,0.71,0.20797979797979774,1.0101010101010088,0.7-0.9
us_foreign_policy,google_gemma_7b_it,0.71,0.20797979797979774,1.0101010101010088,0.7-0.9
us_foreign_policy,google_gemma_7b_it,0.7,0.21212121212121193,1.010101010101009,0.5-0.7
us_foreign_policy,google_gemma_7b_it,0.7,0.21212121212121193,1.010101010101009,0.5-0.7
us_foreign_policy,google_gemma_7b_it,0.71,0.20797979797979774,1.0101010101010088,0.7-0.9
us_foreign_policy,google_gemma_7b_it,0.7,0.21212121212121193,1.010101010101009,0.5-0.7
us_foreign_policy,google_gemma_7b_it,0.69,0.21606060606060593,1.0101010101010095,0.5-0.7
us_foreign_policy,google_gemma_7b_it,0.68,0.21979797979797946,1.0101010101010086,0.5-0.7
us_foreign_policy,google_gemma_7b_it,0.69,0.21606060606060593,1.0101010101010095,0.5-0.7
us_foreign_policy,google_gemma_7b_it,0.71,0.20797979797979776,1.0101010101010088,0.7-0.9
us_foreign_policy,google_gemma_7b_it,0.7,0.21212121212121193,1.010101010101009,0.5-0.7
us_foreign_policy,google_gemma_7b_it,0.71,0.20797979797979774,1.0101010101010088,0.7-0.9
us_foreign_policy,google_gemma_7b_it,0.61,0.24030303030303055,1.010101010101011,0.5-0.7
us_foreign_policy,google_gemma_7b_it,0.7,0.212121212121212,1.0101010101010093,0.5-0.7
us_foreign_policy,google_gemma_7b_it,0.7,0.212121212121212,1.0101010101010093,0.5-0.7
us_foreign_policy,google_gemma_7b_it,0.62,0.23797979797979785,1.0101010101010095,0.5-0.7
us_foreign_policy,google_gemma_7b_it,0.69,0.21606060606060593,1.0101010101010095,0.5-0.7
us_foreign_policy,google_gemma_7b_it,0.7,0.21212121212121193,1.010101010101009,0.5-0.7
us_foreign_policy,google_gemma_7b_it,0.69,0.21606060606060593,1.0101010101010095,0.5-0.7
us_foreign_policy,google_gemma_7b_it,0.68,0.21979797979797946,1.0101010101010086,0.5-0.7
us_foreign_policy,google_gemma_7b_it,0.69,0.21606060606060593,1.0101010101010095,0.5-0.7
us_foreign_policy,google_gemma_7b_it,0.68,0.21979797979797946,1.0101010101010086,0.5-0.7
us_foreign_policy,google_gemma_7b_it,0.69,0.21606060606060593,1.0101010101010095,0.5-0.7
us_foreign_policy,google_gemma_7b_it,0.71,0.20797979797979776,1.0101010101010088,0.7-0.9
us_foreign_policy,google_gemma_7b_it,0.68,0.21979797979797946,1.0101010101010086,0.5-0.7
us_foreign_policy,google_gemma_7b_it,0.68,0.21979797979797946,1.0101010101010086,0.5-0.7
us_foreign_policy,google_gemma_7b_it,0.62,0.23797979797979782,1.0101010101010095,0.5-0.7
us_foreign_policy,google_gemma_7b_it,0.66,0.2266666666666671,1.0101010101010122,0.5-0.7
us_foreign_policy,google_gemma_7b_it,0.67,0.22333333333333324,1.0101010101010097,0.5-0.7
us_foreign_policy,google_gemma_7b_it,0.73,0.19909090909090946,1.010101010101012,0.7-0.9
us_foreign_policy,google_gemma_7b_it,0.7,0.21212121212121193,1.010101010101009,0.5-0.7
us_foreign_policy,google_gemma_7b_it,0.65,0.22979797979797956,1.010101010101009,0.5-0.7
us_foreign_policy,google_gemma_7b_it,0.67,0.2233333333333332,1.0101010101010095,0.5-0.7
us_foreign_policy,google_gemma_7b_it,0.64,0.23272727272727275,1.0101010101010102,0.5-0.7
us_foreign_policy,google_gemma_7b_it,0.68,0.21979797979797946,1.0101010101010086,0.5-0.7
us_foreign_policy,google_gemma_7b_it,0.71,0.20797979797979776,1.0101010101010088,0.7-0.9
us_foreign_policy,google_gemma_7b_it,0.71,0.20797979797979776,1.0101010101010088,0.7-0.9
us_foreign_policy,meta_llama_llama_3_70b_instruct,0.92,0.07434343434343443,1.0101010101010117,0.9-0.99
us_foreign_policy,meta_llama_llama_3_70b_instruct,0.92,0.07434343434343443,1.0101010101010117,0.9-0.99
us_foreign_policy,meta_llama_llama_3_70b_instruct,0.92,0.07434343434343443,1.0101010101010117,0.9-0.99
us_foreign_policy,meta_llama_llama_3_70b_instruct,0.93,0.06575757575757583,1.010101010101012,0.9-0.99
us_foreign_policy,meta_llama_llama_3_70b_instruct,0.94,0.05696969696969695,1.0101010101010088,0.9-0.99
us_foreign_policy,meta_llama_llama_3_70b_instruct,0.93,0.06575757575757583,1.010101010101012,0.9-0.99
us_foreign_policy,meta_llama_llama_3_70b_instruct,0.92,0.07434343434343443,1.0101010101010117,0.9-0.99
us_foreign_policy,meta_llama_llama_3_70b_instruct,0.93,0.06575757575757583,1.010101010101012,0.9-0.99
us_foreign_policy,meta_llama_llama_3_70b_instruct,0.92,0.07434343434343443,1.0101010101010117,0.9-0.99
us_foreign_policy,meta_llama_llama_3_70b_instruct,0.93,0.06575757575757583,1.010101010101012,0.9-0.99
us_foreign_policy,meta_llama_llama_3_70b_instruct,0.91,0.08272727272727265,1.0101010101010095,0.9-0.99
us_foreign_policy,meta_llama_llama_3_70b_instruct,0.91,0.08272727272727265,1.0101010101010095,0.9-0.99
us_foreign_policy,meta_llama_llama_3_70b_instruct,0.91,0.08272727272727265,1.0101010101010095,0.9-0.99
us_foreign_policy,meta_llama_llama_3_70b_instruct,0.91,0.08272727272727265,1.0101010101010095,0.9-0.99
us_foreign_policy,meta_llama_llama_3_70b_instruct,0.91,0.08272727272727265,1.0101010101010095,0.9-0.99
us_foreign_policy,meta_llama_llama_3_70b_instruct,0.92,0.07434343434343443,1.0101010101010117,0.9-0.99
us_foreign_policy,meta_llama_llama_3_70b_instruct,0.91,0.08272727272727265,1.0101010101010095,0.9-0.99
us_foreign_policy,meta_llama_llama_3_70b_instruct,0.92,0.07434343434343443,1.0101010101010117,0.9-0.99
us_foreign_policy,meta_llama_llama_3_70b_instruct,0.91,0.08272727272727265,1.0101010101010095,0.9-0.99
us_foreign_policy,meta_llama_llama_3_70b_instruct,0.92,0.07434343434343443,1.0101010101010117,0.9-0.99
us_foreign_policy,meta_llama_llama_3_70b_instruct,0.91,0.08272727272727265,1.0101010101010095,0.9-0.99
us_foreign_policy,meta_llama_llama_3_70b_instruct,0.93,0.06575757575757583,1.010101010101012,0.9-0.99
us_foreign_policy,meta_llama_llama_3_70b_instruct,0.91,0.08272727272727264,1.0101010101010093,0.9-0.99
us_foreign_policy,meta_llama_llama_3_70b_instruct,0.9,0.0909090909090908,1.010101010101009,0.7-0.9
us_foreign_policy,meta_llama_llama_3_70b_instruct,0.91,0.08272727272727264,1.0101010101010093,0.9-0.99
us_foreign_policy,meta_llama_llama_3_70b_instruct,0.9,0.0909090909090908,1.010101010101009,0.7-0.9
us_foreign_policy,meta_llama_llama_3_70b_instruct,0.93,0.06575757575757583,1.010101010101012,0.9-0.99
us_foreign_policy,meta_llama_llama_3_70b_instruct,0.93,0.06575757575757583,1.010101010101012,0.9-0.99
us_foreign_policy,meta_llama_llama_3_70b_instruct,0.94,0.05696969696969682,1.0101010101010066,0.9-0.99
us_foreign_policy,meta_llama_llama_3_70b_instruct,0.94,0.05696969696969682,1.0101010101010066,0.9-0.99
us_foreign_policy,meta_llama_llama_3_70b_instruct,0.93,0.06575757575757583,1.010101010101012,0.9-0.99
us_foreign_policy,meta_llama_llama_3_70b_instruct,0.92,0.07434343434343443,1.0101010101010117,0.9-0.99
us_foreign_policy,meta_llama_llama_3_70b_instruct,0.93,0.06575757575757583,1.010101010101012,0.9-0.99
us_foreign_policy,meta_llama_llama_3_70b_instruct,0.93,0.06575757575757583,1.010101010101012,0.9-0.99
us_foreign_policy,meta_llama_llama_3_70b_instruct,0.92,0.07434343434343443,1.0101010101010117,0.9-0.99
us_foreign_policy,meta_llama_llama_3_70b_instruct,0.92,0.07434343434343443,1.0101010101010117,0.9-0.99
us_foreign_policy,meta_llama_llama_3_70b_instruct,0.93,0.06575757575757583,1.010101010101012,0.9-0.99
us_foreign_policy,meta_llama_llama_3_70b_instruct,0.92,0.07434343434343443,1.0101010101010117,0.9-0.99
us_foreign_policy,meta_llama_llama_3_70b_instruct,0.93,0.06575757575757583,1.010101010101012,0.9-0.99
us_foreign_policy,meta_llama_llama_3_70b_instruct,0.93,0.06575757575757583,1.010101010101012,0.9-0.99
us_foreign_policy,meta_llama_llama_3_70b_instruct,0.92,0.07434343434343443,1.0101010101010117,0.9-0.99
us_foreign_policy,meta_llama_llama_3_70b_instruct,0.91,0.08272727272727265,1.0101010101010095,0.9-0.99
us_foreign_policy,meta_llama_llama_3_70b_instruct,0.92,0.07434343434343443,1.0101010101010117,0.9-0.99
us_foreign_policy,meta_llama_llama_3_70b_instruct,0.91,0.08272727272727265,1.0101010101010095,0.9-0.99
us_foreign_policy,meta_llama_llama_3_70b_instruct,0.92,0.07434343434343443,1.0101010101010117,0.9-0.99
us_foreign_policy,meta_llama_llama_3_70b_instruct,0.92,0.07434343434343443,1.0101010101010117,0.9-0.99
us_foreign_policy,meta_llama_llama_3_70b_instruct,0.93,0.06575757575757583,1.010101010101012,0.9-0.99
us_foreign_policy,meta_llama_llama_3_70b_instruct,0.92,0.07434343434343443,1.0101010101010117,0.9-0.99
us_foreign_policy,meta_llama_llama_3_70b_instruct,0.92,0.07434343434343443,1.0101010101010117,0.9-0.99
us_foreign_policy,meta_llama_llama_3_70b_instruct,0.92,0.07434343434343443,1.0101010101010117,0.9-0.99
us_foreign_policy,meta_llama_llama_3_70b_instruct,0.93,0.06575757575757583,1.010101010101012,0.9-0.99
us_foreign_policy,meta_llama_llama_3_70b_instruct,0.92,0.07434343434343443,1.0101010101010117,0.9-0.99
us_foreign_policy,meta_llama_llama_3_70b_instruct,0.92,0.07434343434343443,1.0101010101010117,0.9-0.99
us_foreign_policy,meta_llama_llama_3_70b_instruct,0.92,0.07434343434343443,1.0101010101010117,0.9-0.99
us_foreign_policy,meta_llama_llama_3_70b_instruct,0.92,0.07434343434343443,1.0101010101010117,0.9-0.99
us_foreign_policy,meta_llama_llama_3_70b_instruct,0.92,0.07434343434343443,1.0101010101010117,0.9-0.99
us_foreign_policy,meta_llama_llama_3_70b_instruct,0.92,0.07434343434343443,1.0101010101010117,0.9-0.99
us_foreign_policy,meta_llama_llama_3_70b_instruct,0.93,0.06575757575757583,1.010101010101012,0.9-0.99
us_foreign_policy,meta_llama_llama_3_70b_instruct,0.92,0.07434343434343443,1.0101010101010117,0.9-0.99
us_foreign_policy,meta_llama_llama_3_70b_instruct,0.92,0.07434343434343443,1.0101010101010117,0.9-0.99
us_foreign_policy,meta_llama_llama_3_70b_instruct,0.93,0.06575757575757583,1.010101010101012,0.9-0.99
us_foreign_policy,meta_llama_llama_3_70b_instruct,0.93,0.06575757575757583,1.010101010101012,0.9-0.99
us_foreign_policy,meta_llama_llama_3_70b_instruct,0.92,0.07434343434343443,1.0101010101010117,0.9-0.99
us_foreign_policy,meta_llama_llama_3_70b_instruct,0.93,0.06575757575757583,1.010101010101012,0.9-0.99
us_foreign_policy,meta_llama_llama_3_70b_instruct,0.92,0.07434343434343443,1.0101010101010117,0.9-0.99
us_foreign_policy,meta_llama_llama_3_70b_instruct,0.93,0.06575757575757583,1.010101010101012,0.9-0.99
us_foreign_policy,meta_llama_llama_3_70b_instruct,0.92,0.07434343434343443,1.0101010101010117,0.9-0.99
us_foreign_policy,meta_llama_llama_3_70b_instruct,0.92,0.07434343434343443,1.0101010101010117,0.9-0.99
us_foreign_policy,meta_llama_llama_3_70b_instruct,0.93,0.06575757575757583,1.010101010101012,0.9-0.99
us_foreign_policy,meta_llama_llama_3_70b_instruct,0.92,0.07434343434343443,1.0101010101010117,0.9-0.99
us_foreign_policy,meta_llama_llama_3_70b_instruct,0.92,0.07434343434343443,1.0101010101010117,0.9-0.99
us_foreign_policy,meta_llama_llama_3_70b_instruct,0.92,0.07434343434343443,1.0101010101010117,0.9-0.99
us_foreign_policy,meta_llama_llama_3_70b_instruct,0.93,0.06575757575757583,1.010101010101012,0.9-0.99
us_foreign_policy,meta_llama_llama_3_70b_instruct,0.92,0.07434343434343443,1.0101010101010117,0.9-0.99
us_foreign_policy,meta_llama_llama_3_70b_instruct,0.92,0.07434343434343443,1.0101010101010117,0.9-0.99
us_foreign_policy,meta_llama_llama_3_70b_instruct,0.92,0.07434343434343443,1.0101010101010117,0.9-0.99
us_foreign_policy,meta_llama_llama_3_70b_instruct,0.91,0.08272727272727265,1.0101010101010095,0.9-0.99
us_foreign_policy,meta_llama_llama_3_70b_instruct,0.92,0.07434343434343443,1.0101010101010117,0.9-0.99
us_foreign_policy,meta_llama_llama_3_70b_instruct,0.92,0.07434343434343443,1.0101010101010117,0.9-0.99
us_foreign_policy,meta_llama_llama_3_70b_instruct,0.92,0.07434343434343443,1.0101010101010117,0.9-0.99
us_foreign_policy,meta_llama_llama_3_70b_instruct,0.92,0.07434343434343443,1.0101010101010117,0.9-0.99
us_foreign_policy,meta_llama_llama_3_70b_instruct,0.92,0.07434343434343443,1.0101010101010117,0.9-0.99
us_foreign_policy,meta_llama_llama_3_70b_instruct,0.93,0.06575757575757583,1.010101010101012,0.9-0.99
us_foreign_policy,meta_llama_llama_3_70b_instruct,0.94,0.05696969696969682,1.0101010101010066,0.9-0.99
us_foreign_policy,meta_llama_llama_3_70b_instruct,0.93,0.06575757575757583,1.010101010101012,0.9-0.99
us_foreign_policy,meta_llama_llama_3_70b_instruct,0.93,0.06575757575757583,1.010101010101012,0.9-0.99
us_foreign_policy,meta_llama_llama_3_70b_instruct,0.93,0.06575757575757583,1.010101010101012,0.9-0.99
us_foreign_policy,meta_llama_llama_3_70b_instruct,0.93,0.06575757575757583,1.010101010101012,0.9-0.99
us_foreign_policy,meta_llama_llama_3_70b_instruct,0.94,0.05696969696969682,1.0101010101010066,0.9-0.99
us_foreign_policy,meta_llama_llama_3_70b_instruct,0.93,0.06575757575757583,1.010101010101012,0.9-0.99
us_foreign_policy,meta_llama_llama_3_70b_instruct,0.93,0.06575757575757583,1.010101010101012,0.9-0.99
us_foreign_policy,meta_llama_llama_3_70b_instruct,0.93,0.06575757575757583,1.010101010101012,0.9-0.99
us_foreign_policy,meta_llama_llama_3_70b_instruct,0.92,0.07434343434343443,1.0101010101010117,0.9-0.99
us_foreign_policy,meta_llama_llama_3_70b_instruct,0.93,0.06575757575757583,1.010101010101012,0.9-0.99
us_foreign_policy,meta_llama_llama_3_70b_instruct,0.93,0.06575757575757583,1.010101010101012,0.9-0.99
us_foreign_policy,meta_llama_llama_3_70b_instruct,0.93,0.06575757575757583,1.010101010101012,0.9-0.99
us_foreign_policy,meta_llama_llama_3_70b_instruct,0.92,0.07434343434343443,1.0101010101010117,0.9-0.99
us_foreign_policy,meta_llama_llama_3_70b_instruct,0.93,0.06575757575757583,1.010101010101012,0.9-0.99
us_foreign_policy,meta_llama_llama_3_70b_instruct,0.92,0.07434343434343443,1.0101010101010117,0.9-0.99
us_foreign_policy,meta_llama_llama_3_70b_instruct,0.93,0.06575757575757583,1.010101010101012,0.9-0.99
us_foreign_policy,meta_llama_llama_3_8b_instruct,0.84,0.13575757575757585,1.0101010101010106,0.7-0.9
us_foreign_policy,meta_llama_llama_3_8b_instruct,0.83,0.14252525252525264,1.0101010101010106,0.7-0.9
us_foreign_policy,meta_llama_llama_3_8b_instruct,0.85,0.12878787878787895,1.0101010101010113,0.7-0.9
us_foreign_policy,meta_llama_llama_3_8b_instruct,0.84,0.13575757575757585,1.0101010101010106,0.7-0.9
us_foreign_policy,meta_llama_llama_3_8b_instruct,0.85,0.12878787878787892,1.010101010101011,0.7-0.9
us_foreign_policy,meta_llama_llama_3_8b_instruct,0.85,0.12878787878787892,1.010101010101011,0.7-0.9
us_foreign_policy,meta_llama_llama_3_8b_instruct,0.86,0.12161616161616155,1.0101010101010095,0.7-0.9
us_foreign_policy,meta_llama_llama_3_8b_instruct,0.84,0.13575757575757585,1.0101010101010106,0.7-0.9
us_foreign_policy,meta_llama_llama_3_8b_instruct,0.85,0.12878787878787892,1.010101010101011,0.7-0.9
us_foreign_policy,meta_llama_llama_3_8b_instruct,0.84,0.13575757575757585,1.0101010101010106,0.7-0.9
us_foreign_policy,meta_llama_llama_3_8b_instruct,0.85,0.12878787878787895,1.0101010101010113,0.7-0.9
us_foreign_policy,meta_llama_llama_3_8b_instruct,0.85,0.12878787878787892,1.010101010101011,0.7-0.9
us_foreign_policy,meta_llama_llama_3_8b_instruct,0.85,0.12878787878787892,1.010101010101011,0.7-0.9
us_foreign_policy,meta_llama_llama_3_8b_instruct,0.84,0.13575757575757585,1.0101010101010106,0.7-0.9
us_foreign_policy,meta_llama_llama_3_8b_instruct,0.85,0.12878787878787892,1.010101010101011,0.7-0.9
us_foreign_policy,meta_llama_llama_3_8b_instruct,0.83,0.14252525252525264,1.0101010101010106,0.7-0.9
us_foreign_policy,meta_llama_llama_3_8b_instruct,0.84,0.13575757575757585,1.0101010101010106,0.7-0.9
us_foreign_policy,meta_llama_llama_3_8b_instruct,0.86,0.12161616161616155,1.0101010101010095,0.7-0.9
us_foreign_policy,meta_llama_llama_3_8b_instruct,0.85,0.12878787878787892,1.010101010101011,0.7-0.9
us_foreign_policy,meta_llama_llama_3_8b_instruct,0.85,0.12878787878787898,1.0101010101010115,0.7-0.9
us_foreign_policy,meta_llama_llama_3_8b_instruct,0.85,0.12878787878787895,1.0101010101010113,0.7-0.9
us_foreign_policy,meta_llama_llama_3_8b_instruct,0.84,0.13575757575757585,1.0101010101010106,0.7-0.9
us_foreign_policy,meta_llama_llama_3_8b_instruct,0.86,0.12161616161616157,1.0101010101010097,0.7-0.9
us_foreign_policy,meta_llama_llama_3_8b_instruct,0.86,0.12161616161616155,1.0101010101010095,0.7-0.9
us_foreign_policy,meta_llama_llama_3_8b_instruct,0.85,0.12878787878787895,1.0101010101010113,0.7-0.9
us_foreign_policy,meta_llama_llama_3_8b_instruct,0.86,0.12161616161616155,1.0101010101010095,0.7-0.9
us_foreign_policy,meta_llama_llama_3_8b_instruct,0.87,0.1142424242424241,1.0101010101010088,0.7-0.9
us_foreign_policy,meta_llama_llama_3_8b_instruct,0.87,0.1142424242424241,1.0101010101010088,0.7-0.9
us_foreign_policy,meta_llama_llama_3_8b_instruct,0.86,0.12161616161616154,1.0101010101010095,0.7-0.9
us_foreign_policy,meta_llama_llama_3_8b_instruct,0.84,0.13575757575757585,1.0101010101010106,0.7-0.9
us_foreign_policy,meta_llama_llama_3_8b_instruct,0.87,0.1142424242424241,1.0101010101010088,0.7-0.9
us_foreign_policy,meta_llama_llama_3_8b_instruct,0.87,0.1142424242424241,1.0101010101010088,0.7-0.9
us_foreign_policy,meta_llama_llama_3_8b_instruct,0.87,0.1142424242424241,1.0101010101010088,0.7-0.9
us_foreign_policy,meta_llama_llama_3_8b_instruct,0.85,0.12878787878787895,1.0101010101010113,0.7-0.9
us_foreign_policy,meta_llama_llama_3_8b_instruct,0.86,0.12161616161616155,1.0101010101010095,0.7-0.9
us_foreign_policy,meta_llama_llama_3_8b_instruct,0.86,0.12161616161616155,1.0101010101010095,0.7-0.9
us_foreign_policy,meta_llama_llama_3_8b_instruct,0.86,0.12161616161616155,1.0101010101010095,0.7-0.9
us_foreign_policy,meta_llama_llama_3_8b_instruct,0.85,0.12878787878787892,1.010101010101011,0.7-0.9
us_foreign_policy,meta_llama_llama_3_8b_instruct,0.83,0.14252525252525264,1.0101010101010106,0.7-0.9
us_foreign_policy,meta_llama_llama_3_8b_instruct,0.85,0.12878787878787895,1.0101010101010113,0.7-0.9
us_foreign_policy,meta_llama_llama_3_8b_instruct,0.86,0.12161616161616155,1.0101010101010095,0.7-0.9
us_foreign_policy,meta_llama_llama_3_8b_instruct,0.86,0.12161616161616155,1.0101010101010095,0.7-0.9
us_foreign_policy,meta_llama_llama_3_8b_instruct,0.85,0.12878787878787895,1.0101010101010113,0.7-0.9
us_foreign_policy,meta_llama_llama_3_8b_instruct,0.86,0.12161616161616155,1.0101010101010095,0.7-0.9
us_foreign_policy,meta_llama_llama_3_8b_instruct,0.87,0.1142424242424241,1.0101010101010088,0.7-0.9
us_foreign_policy,meta_llama_llama_3_8b_instruct,0.86,0.12161616161616155,1.0101010101010095,0.7-0.9
us_foreign_policy,meta_llama_llama_3_8b_instruct,0.85,0.12878787878787895,1.0101010101010113,0.7-0.9
us_foreign_policy,meta_llama_llama_3_8b_instruct,0.86,0.12161616161616155,1.0101010101010095,0.7-0.9
us_foreign_policy,meta_llama_llama_3_8b_instruct,0.86,0.12161616161616155,1.0101010101010095,0.7-0.9
us_foreign_policy,meta_llama_llama_3_8b_instruct,0.85,0.12878787878787895,1.0101010101010113,0.7-0.9
us_foreign_policy,meta_llama_llama_3_8b_instruct,0.86,0.12161616161616155,1.0101010101010095,0.7-0.9
us_foreign_policy,meta_llama_llama_3_8b_instruct,0.85,0.12878787878787892,1.010101010101011,0.7-0.9
us_foreign_policy,meta_llama_llama_3_8b_instruct,0.85,0.12878787878787892,1.010101010101011,0.7-0.9
us_foreign_policy,meta_llama_llama_3_8b_instruct,0.87,0.1142424242424241,1.0101010101010088,0.7-0.9
us_foreign_policy,meta_llama_llama_3_8b_instruct,0.86,0.12161616161616155,1.0101010101010095,0.7-0.9
us_foreign_policy,meta_llama_llama_3_8b_instruct,0.86,0.12161616161616155,1.0101010101010095,0.7-0.9
us_foreign_policy,meta_llama_llama_3_8b_instruct,0.85,0.12878787878787895,1.0101010101010113,0.7-0.9
us_foreign_policy,meta_llama_llama_3_8b_instruct,0.87,0.1142424242424241,1.0101010101010088,0.7-0.9
us_foreign_policy,meta_llama_llama_3_8b_instruct,0.86,0.12161616161616155,1.0101010101010095,0.7-0.9
us_foreign_policy,meta_llama_llama_3_8b_instruct,0.85,0.12878787878787892,1.010101010101011,0.7-0.9
us_foreign_policy,meta_llama_llama_3_8b_instruct,0.86,0.12161616161616157,1.0101010101010097,0.7-0.9
us_foreign_policy,meta_llama_llama_3_8b_instruct,0.85,0.12878787878787892,1.010101010101011,0.7-0.9
us_foreign_policy,meta_llama_llama_3_8b_instruct,0.85,0.12878787878787892,1.010101010101011,0.7-0.9
us_foreign_policy,meta_llama_llama_3_8b_instruct,0.85,0.12878787878787892,1.010101010101011,0.7-0.9
us_foreign_policy,meta_llama_llama_3_8b_instruct,0.85,0.12878787878787895,1.0101010101010113,0.7-0.9
us_foreign_policy,meta_llama_llama_3_8b_instruct,0.84,0.13575757575757585,1.0101010101010106,0.7-0.9
us_foreign_policy,meta_llama_llama_3_8b_instruct,0.85,0.12878787878787892,1.010101010101011,0.7-0.9
us_foreign_policy,meta_llama_llama_3_8b_instruct,0.83,0.14252525252525264,1.0101010101010106,0.7-0.9
us_foreign_policy,meta_llama_llama_3_8b_instruct,0.85,0.12878787878787892,1.010101010101011,0.7-0.9
us_foreign_policy,meta_llama_llama_3_8b_instruct,0.85,0.12878787878787892,1.010101010101011,0.7-0.9
us_foreign_policy,meta_llama_llama_3_8b_instruct,0.85,0.12878787878787892,1.010101010101011,0.7-0.9
us_foreign_policy,meta_llama_llama_3_8b_instruct,0.85,0.12878787878787892,1.010101010101011,0.7-0.9
us_foreign_policy,meta_llama_llama_3_8b_instruct,0.86,0.12161616161616155,1.0101010101010095,0.7-0.9
us_foreign_policy,meta_llama_llama_3_8b_instruct,0.86,0.12161616161616155,1.0101010101010095,0.7-0.9
us_foreign_policy,meta_llama_llama_3_8b_instruct,0.84,0.13575757575757585,1.0101010101010106,0.7-0.9
us_foreign_policy,meta_llama_llama_3_8b_instruct,0.83,0.14252525252525264,1.0101010101010106,0.7-0.9
us_foreign_policy,meta_llama_llama_3_8b_instruct,0.84,0.135757575757576,1.0101010101010117,0.7-0.9
us_foreign_policy,meta_llama_llama_3_8b_instruct,0.83,0.14252525252525264,1.0101010101010106,0.7-0.9
us_foreign_policy,meta_llama_llama_3_8b_instruct,0.81,0.1554545454545453,1.0101010101010093,0.7-0.9
us_foreign_policy,meta_llama_llama_3_8b_instruct,0.83,0.14252525252525264,1.0101010101010106,0.7-0.9
us_foreign_policy,meta_llama_llama_3_8b_instruct,0.84,0.13575757575757594,1.0101010101010113,0.7-0.9
us_foreign_policy,meta_llama_llama_3_8b_instruct,0.84,0.135757575757576,1.0101010101010117,0.7-0.9
us_foreign_policy,meta_llama_llama_3_8b_instruct,0.85,0.12878787878787892,1.010101010101011,0.7-0.9
us_foreign_policy,meta_llama_llama_3_8b_instruct,0.85,0.12878787878787895,1.0101010101010113,0.7-0.9
us_foreign_policy,meta_llama_llama_3_8b_instruct,0.86,0.12161616161616155,1.0101010101010095,0.7-0.9
us_foreign_policy,meta_llama_llama_3_8b_instruct,0.84,0.13575757575757585,1.0101010101010106,0.7-0.9
us_foreign_policy,meta_llama_llama_3_8b_instruct,0.86,0.12161616161616155,1.0101010101010095,0.7-0.9
us_foreign_policy,meta_llama_llama_3_8b_instruct,0.86,0.12161616161616155,1.0101010101010095,0.7-0.9
us_foreign_policy,meta_llama_llama_3_8b_instruct,0.84,0.13575757575757585,1.0101010101010106,0.7-0.9
us_foreign_policy,meta_llama_llama_3_8b_instruct,0.86,0.12161616161616157,1.0101010101010097,0.7-0.9
us_foreign_policy,meta_llama_llama_3_8b_instruct,0.86,0.12161616161616155,1.0101010101010095,0.7-0.9
us_foreign_policy,meta_llama_llama_3_8b_instruct,0.87,0.1142424242424241,1.0101010101010088,0.7-0.9
us_foreign_policy,meta_llama_llama_3_8b_instruct,0.86,0.12161616161616155,1.0101010101010095,0.7-0.9
us_foreign_policy,meta_llama_llama_3_8b_instruct,0.87,0.1142424242424241,1.0101010101010088,0.7-0.9
us_foreign_policy,meta_llama_llama_3_8b_instruct,0.84,0.13575757575757585,1.0101010101010106,0.7-0.9
us_foreign_policy,meta_llama_llama_3_8b_instruct,0.83,0.14252525252525264,1.0101010101010106,0.7-0.9
us_foreign_policy,meta_llama_llama_3_8b_instruct,0.86,0.12161616161616155,1.0101010101010095,0.7-0.9
us_foreign_policy,meta_llama_llama_3_8b_instruct,0.87,0.1142424242424241,1.0101010101010088,0.7-0.9
us_foreign_policy,meta_llama_llama_3_8b_instruct,0.86,0.12161616161616155,1.0101010101010095,0.7-0.9
us_foreign_policy,meta_llama_llama_3_8b_instruct,0.85,0.12878787878787892,1.010101010101011,0.7-0.9
us_foreign_policy,mistralai_mistral_7b_instruct_v0_2,0.8,0.1616161616161614,1.010101010101009,0.7-0.9
us_foreign_policy,mistralai_mistral_7b_instruct_v0_2,0.83,0.14252525252525264,1.0101010101010106,0.7-0.9
us_foreign_policy,mistralai_mistral_7b_instruct_v0_2,0.81,0.15545454545454535,1.0101010101010097,0.7-0.9
us_foreign_policy,mistralai_mistral_7b_instruct_v0_2,0.82,0.14909090909090922,1.0101010101010106,0.7-0.9
us_foreign_policy,mistralai_mistral_7b_instruct_v0_2,0.8,0.1616161616161614,1.010101010101009,0.7-0.9
us_foreign_policy,mistralai_mistral_7b_instruct_v0_2,0.81,0.15545454545454535,1.0101010101010097,0.7-0.9
us_foreign_policy,mistralai_mistral_7b_instruct_v0_2,0.83,0.14252525252525264,1.0101010101010106,0.7-0.9
us_foreign_policy,mistralai_mistral_7b_instruct_v0_2,0.83,0.14252525252525264,1.0101010101010106,0.7-0.9
us_foreign_policy,mistralai_mistral_7b_instruct_v0_2,0.8,0.1616161616161614,1.010101010101009,0.7-0.9
us_foreign_policy,mistralai_mistral_7b_instruct_v0_2,0.79,0.16757575757575777,1.0101010101010113,0.7-0.9
us_foreign_policy,mistralai_mistral_7b_instruct_v0_2,0.8,0.1616161616161614,1.010101010101009,0.7-0.9
us_foreign_policy,mistralai_mistral_7b_instruct_v0_2,0.8,0.1616161616161614,1.010101010101009,0.7-0.9
us_foreign_policy,mistralai_mistral_7b_instruct_v0_2,0.8,0.1616161616161614,1.010101010101009,0.7-0.9
us_foreign_policy,mistralai_mistral_7b_instruct_v0_2,0.82,0.14909090909090933,1.0101010101010115,0.7-0.9
us_foreign_policy,mistralai_mistral_7b_instruct_v0_2,0.81,0.15545454545454532,1.0101010101010095,0.7-0.9
us_foreign_policy,mistralai_mistral_7b_instruct_v0_2,0.83,0.14252525252525264,1.0101010101010106,0.7-0.9
us_foreign_policy,mistralai_mistral_7b_instruct_v0_2,0.8,0.1616161616161614,1.010101010101009,0.7-0.9
us_foreign_policy,mistralai_mistral_7b_instruct_v0_2,0.83,0.14252525252525267,1.0101010101010108,0.7-0.9
us_foreign_policy,mistralai_mistral_7b_instruct_v0_2,0.83,0.14252525252525264,1.0101010101010106,0.7-0.9
us_foreign_policy,mistralai_mistral_7b_instruct_v0_2,0.79,0.16757575757575777,1.0101010101010113,0.7-0.9
us_foreign_policy,mistralai_mistral_7b_instruct_v0_2,0.82,0.14909090909090933,1.0101010101010115,0.7-0.9
us_foreign_policy,mistralai_mistral_7b_instruct_v0_2,0.8,0.16161616161616144,1.010101010101009,0.7-0.9
us_foreign_policy,mistralai_mistral_7b_instruct_v0_2,0.81,0.15545454545454535,1.0101010101010097,0.7-0.9
us_foreign_policy,mistralai_mistral_7b_instruct_v0_2,0.82,0.14909090909090933,1.0101010101010115,0.7-0.9
us_foreign_policy,mistralai_mistral_7b_instruct_v0_2,0.81,0.15545454545454535,1.0101010101010097,0.7-0.9
us_foreign_policy,mistralai_mistral_7b_instruct_v0_2,0.81,0.15545454545454535,1.0101010101010097,0.7-0.9
us_foreign_policy,mistralai_mistral_7b_instruct_v0_2,0.78,0.173333333333333,1.0101010101010084,0.7-0.9
us_foreign_policy,mistralai_mistral_7b_instruct_v0_2,0.83,0.14252525252525264,1.0101010101010106,0.7-0.9
us_foreign_policy,mistralai_mistral_7b_instruct_v0_2,0.76,0.18424242424242454,1.0101010101010117,0.7-0.9
us_foreign_policy,mistralai_mistral_7b_instruct_v0_2,0.79,0.16757575757575777,1.0101010101010113,0.7-0.9
us_foreign_policy,mistralai_mistral_7b_instruct_v0_2,0.78,0.173333333333333,1.0101010101010084,0.7-0.9
us_foreign_policy,mistralai_mistral_7b_instruct_v0_2,0.81,0.15545454545454535,1.0101010101010097,0.7-0.9
us_foreign_policy,mistralai_mistral_7b_instruct_v0_2,0.84,0.13575757575757594,1.0101010101010113,0.7-0.9
us_foreign_policy,mistralai_mistral_7b_instruct_v0_2,0.82,0.14909090909090933,1.0101010101010115,0.7-0.9
us_foreign_policy,mistralai_mistral_7b_instruct_v0_2,0.82,0.14909090909090933,1.0101010101010115,0.7-0.9
us_foreign_policy,mistralai_mistral_7b_instruct_v0_2,0.82,0.14909090909090927,1.010101010101011,0.7-0.9
us_foreign_policy,mistralai_mistral_7b_instruct_v0_2,0.83,0.14252525252525264,1.0101010101010106,0.7-0.9
us_foreign_policy,mistralai_mistral_7b_instruct_v0_2,0.81,0.1554545454545454,1.0101010101010102,0.7-0.9
us_foreign_policy,mistralai_mistral_7b_instruct_v0_2,0.81,0.1554545454545454,1.0101010101010102,0.7-0.9
us_foreign_policy,mistralai_mistral_7b_instruct_v0_2,0.82,0.14909090909090927,1.010101010101011,0.7-0.9
us_foreign_policy,mistralai_mistral_7b_instruct_v0_2,0.84,0.13575757575757594,1.0101010101010113,0.7-0.9
us_foreign_policy,mistralai_mistral_7b_instruct_v0_2,0.8,0.1616161616161614,1.010101010101009,0.7-0.9
us_foreign_policy,mistralai_mistral_7b_instruct_v0_2,0.81,0.15545454545454535,1.0101010101010097,0.7-0.9
us_foreign_policy,mistralai_mistral_7b_instruct_v0_2,0.79,0.16757575757575777,1.0101010101010113,0.7-0.9
us_foreign_policy,mistralai_mistral_7b_instruct_v0_2,0.81,0.15545454545454535,1.0101010101010097,0.7-0.9
us_foreign_policy,mistralai_mistral_7b_instruct_v0_2,0.81,0.15545454545454535,1.0101010101010097,0.7-0.9
us_foreign_policy,mistralai_mistral_7b_instruct_v0_2,0.79,0.16757575757575777,1.0101010101010113,0.7-0.9
us_foreign_policy,mistralai_mistral_7b_instruct_v0_2,0.81,0.15545454545454535,1.0101010101010097,0.7-0.9
us_foreign_policy,mistralai_mistral_7b_instruct_v0_2,0.82,0.14909090909090933,1.0101010101010115,0.7-0.9
us_foreign_policy,mistralai_mistral_7b_instruct_v0_2,0.81,0.15545454545454535,1.0101010101010097,0.7-0.9
us_foreign_policy,mistralai_mistral_7b_instruct_v0_2,0.81,0.15545454545454535,1.0101010101010097,0.7-0.9
us_foreign_policy,mistralai_mistral_7b_instruct_v0_2,0.83,0.14252525252525267,1.0101010101010108,0.7-0.9
us_foreign_policy,mistralai_mistral_7b_instruct_v0_2,0.81,0.15545454545454535,1.0101010101010097,0.7-0.9
us_foreign_policy,mistralai_mistral_7b_instruct_v0_2,0.8,0.16161616161616135,1.0101010101010086,0.7-0.9
us_foreign_policy,mistralai_mistral_7b_instruct_v0_2,0.85,0.12878787878787892,1.010101010101011,0.7-0.9
us_foreign_policy,mistralai_mistral_7b_instruct_v0_2,0.84,0.13575757575757585,1.0101010101010106,0.7-0.9
us_foreign_policy,mistralai_mistral_7b_instruct_v0_2,0.84,0.13575757575757594,1.0101010101010113,0.7-0.9
us_foreign_policy,mistralai_mistral_7b_instruct_v0_2,0.84,0.13575757575757594,1.0101010101010113,0.7-0.9
us_foreign_policy,mistralai_mistral_7b_instruct_v0_2,0.84,0.13575757575757594,1.0101010101010113,0.7-0.9
us_foreign_policy,mistralai_mistral_7b_instruct_v0_2,0.83,0.14252525252525264,1.0101010101010106,0.7-0.9
us_foreign_policy,mistralai_mistral_7b_instruct_v0_2,0.81,0.15545454545454535,1.0101010101010097,0.7-0.9
us_foreign_policy,mistralai_mistral_7b_instruct_v0_2,0.83,0.14252525252525264,1.0101010101010106,0.7-0.9
us_foreign_policy,mistralai_mistral_7b_instruct_v0_2,0.83,0.14252525252525264,1.0101010101010106,0.7-0.9
us_foreign_policy,mistralai_mistral_7b_instruct_v0_2,0.82,0.14909090909090933,1.0101010101010115,0.7-0.9
us_foreign_policy,mistralai_mistral_7b_instruct_v0_2,0.81,0.15545454545454535,1.0101010101010097,0.7-0.9
us_foreign_policy,mistralai_mistral_7b_instruct_v0_2,0.81,0.15545454545454535,1.0101010101010097,0.7-0.9
us_foreign_policy,mistralai_mistral_7b_instruct_v0_2,0.82,0.14909090909090933,1.0101010101010115,0.7-0.9
us_foreign_policy,mistralai_mistral_7b_instruct_v0_2,0.82,0.14909090909090927,1.010101010101011,0.7-0.9
us_foreign_policy,mistralai_mistral_7b_instruct_v0_2,0.83,0.14252525252525264,1.0101010101010106,0.7-0.9
us_foreign_policy,mistralai_mistral_7b_instruct_v0_2,0.8,0.1616161616161614,1.010101010101009,0.7-0.9
us_foreign_policy,mistralai_mistral_7b_instruct_v0_2,0.81,0.15545454545454535,1.0101010101010097,0.7-0.9
us_foreign_policy,mistralai_mistral_7b_instruct_v0_2,0.82,0.14909090909090927,1.010101010101011,0.7-0.9
us_foreign_policy,mistralai_mistral_7b_instruct_v0_2,0.83,0.14252525252525264,1.0101010101010106,0.7-0.9
us_foreign_policy,mistralai_mistral_7b_instruct_v0_2,0.81,0.15545454545454535,1.0101010101010097,0.7-0.9
us_foreign_policy,mistralai_mistral_7b_instruct_v0_2,0.81,0.15545454545454535,1.0101010101010097,0.7-0.9
us_foreign_policy,mistralai_mistral_7b_instruct_v0_2,0.81,0.15545454545454535,1.0101010101010097,0.7-0.9
us_foreign_policy,mistralai_mistral_7b_instruct_v0_2,0.81,0.1554545454545454,1.0101010101010102,0.7-0.9
us_foreign_policy,mistralai_mistral_7b_instruct_v0_2,0.81,0.15545454545454535,1.0101010101010097,0.7-0.9
us_foreign_policy,mistralai_mistral_7b_instruct_v0_2,0.81,0.15545454545454535,1.0101010101010097,0.7-0.9
us_foreign_policy,mistralai_mistral_7b_instruct_v0_2,0.82,0.14909090909090927,1.010101010101011,0.7-0.9
us_foreign_policy,mistralai_mistral_7b_instruct_v0_2,0.81,0.15545454545454535,1.0101010101010097,0.7-0.9
us_foreign_policy,mistralai_mistral_7b_instruct_v0_2,0.78,0.173333333333333,1.0101010101010084,0.7-0.9
us_foreign_policy,mistralai_mistral_7b_instruct_v0_2,0.81,0.15545454545454535,1.0101010101010097,0.7-0.9
us_foreign_policy,mistralai_mistral_7b_instruct_v0_2,0.8,0.1616161616161614,1.010101010101009,0.7-0.9
us_foreign_policy,mistralai_mistral_7b_instruct_v0_2,0.78,0.173333333333333,1.0101010101010084,0.7-0.9
us_foreign_policy,mistralai_mistral_7b_instruct_v0_2,0.81,0.15545454545454535,1.0101010101010097,0.7-0.9
us_foreign_policy,mistralai_mistral_7b_instruct_v0_2,0.78,0.173333333333333,1.0101010101010084,0.7-0.9
us_foreign_policy,mistralai_mistral_7b_instruct_v0_2,0.81,0.15545454545454532,1.0101010101010095,0.7-0.9
us_foreign_policy,mistralai_mistral_7b_instruct_v0_2,0.81,0.15545454545454535,1.0101010101010097,0.7-0.9
us_foreign_policy,mistralai_mistral_7b_instruct_v0_2,0.82,0.14909090909090933,1.0101010101010115,0.7-0.9
us_foreign_policy,mistralai_mistral_7b_instruct_v0_2,0.81,0.15545454545454535,1.0101010101010097,0.7-0.9
us_foreign_policy,mistralai_mistral_7b_instruct_v0_2,0.83,0.14252525252525264,1.0101010101010106,0.7-0.9
us_foreign_policy,mistralai_mistral_7b_instruct_v0_2,0.81,0.1554545454545453,1.0101010101010093,0.7-0.9
us_foreign_policy,mistralai_mistral_7b_instruct_v0_2,0.83,0.14252525252525264,1.0101010101010106,0.7-0.9
us_foreign_policy,mistralai_mistral_7b_instruct_v0_2,0.8,0.1616161616161614,1.010101010101009,0.7-0.9
us_foreign_policy,mistralai_mistral_7b_instruct_v0_2,0.82,0.14909090909090933,1.0101010101010115,0.7-0.9
us_foreign_policy,mistralai_mistral_7b_instruct_v0_2,0.81,0.15545454545454535,1.0101010101010097,0.7-0.9
us_foreign_policy,mistralai_mistral_7b_instruct_v0_2,0.81,0.15545454545454535,1.0101010101010097,0.7-0.9
us_foreign_policy,mistralai_mistral_7b_instruct_v0_2,0.82,0.14909090909090927,1.010101010101011,0.7-0.9
us_foreign_policy,mistralai_mistral_7b_instruct_v0_2,0.81,0.15545454545454535,1.0101010101010097,0.7-0.9
us_foreign_policy,tiiuae_falcon_40b,0.81,0.15545454545454526,1.010101010101009,0.7-0.9
us_foreign_policy,tiiuae_falcon_40b,0.78,0.17333333333333303,1.0101010101010086,0.7-0.9
us_foreign_policy,tiiuae_falcon_40b,0.79,0.1675757575757578,1.0101010101010115,0.7-0.9
us_foreign_policy,tiiuae_falcon_40b,0.82,0.14909090909090933,1.0101010101010115,0.7-0.9
us_foreign_policy,tiiuae_falcon_40b,0.84,0.135757575757576,1.0101010101010117,0.7-0.9
us_foreign_policy,tiiuae_falcon_40b,0.85,0.12878787878787912,1.0101010101010126,0.7-0.9
us_foreign_policy,tiiuae_falcon_40b,0.84,0.13575757575757594,1.0101010101010113,0.7-0.9
us_foreign_policy,tiiuae_falcon_40b,0.85,0.12878787878787912,1.0101010101010126,0.7-0.9
us_foreign_policy,tiiuae_falcon_40b,0.86,0.12161616161616161,1.01010101010101,0.7-0.9
us_foreign_policy,tiiuae_falcon_40b,0.83,0.14252525252525267,1.0101010101010108,0.7-0.9
us_foreign_policy,tiiuae_falcon_40b,0.82,0.14909090909090933,1.0101010101010115,0.7-0.9
us_foreign_policy,tiiuae_falcon_40b,0.84,0.13575757575757594,1.0101010101010113,0.7-0.9
us_foreign_policy,tiiuae_falcon_40b,0.82,0.1490909090909095,1.0101010101010126,0.7-0.9
us_foreign_policy,tiiuae_falcon_40b,0.84,0.135757575757576,1.0101010101010117,0.7-0.9
us_foreign_policy,tiiuae_falcon_40b,0.8,0.16161616161616127,1.0101010101010082,0.7-0.9
us_foreign_policy,tiiuae_falcon_40b,0.82,0.14909090909090933,1.0101010101010115,0.7-0.9
us_foreign_policy,tiiuae_falcon_40b,0.84,0.13575757575757605,1.0101010101010122,0.7-0.9
us_foreign_policy,tiiuae_falcon_40b,0.84,0.13575757575757594,1.0101010101010113,0.7-0.9
us_foreign_policy,tiiuae_falcon_40b,0.82,0.1490909090909095,1.0101010101010126,0.7-0.9
us_foreign_policy,tiiuae_falcon_40b,0.79,0.16757575757575777,1.0101010101010113,0.7-0.9
us_foreign_policy,tiiuae_falcon_40b,0.8,0.16161616161616127,1.0101010101010082,0.7-0.9
us_foreign_policy,tiiuae_falcon_40b,0.8,0.16161616161616127,1.0101010101010082,0.7-0.9
us_foreign_policy,tiiuae_falcon_40b,0.81,0.15545454545454523,1.010101010101009,0.7-0.9
us_foreign_policy,tiiuae_falcon_40b,0.8,0.16161616161616135,1.0101010101010086,0.7-0.9
us_foreign_policy,tiiuae_falcon_40b,0.8,0.16161616161616127,1.0101010101010082,0.7-0.9
us_foreign_policy,tiiuae_falcon_40b,0.8,0.16161616161616127,1.0101010101010082,0.7-0.9
us_foreign_policy,tiiuae_falcon_40b,0.82,0.14909090909090933,1.0101010101010115,0.7-0.9
us_foreign_policy,tiiuae_falcon_40b,0.79,0.1675757575757578,1.0101010101010115,0.7-0.9
us_foreign_policy,tiiuae_falcon_40b,0.78,0.17333333333333295,1.010101010101008,0.7-0.9
us_foreign_policy,tiiuae_falcon_40b,0.81,0.15545454545454526,1.010101010101009,0.7-0.9
us_foreign_policy,tiiuae_falcon_40b,0.8,0.16161616161616135,1.0101010101010086,0.7-0.9
us_foreign_policy,tiiuae_falcon_40b,0.86,0.12161616161616161,1.01010101010101,0.7-0.9
us_foreign_policy,tiiuae_falcon_40b,0.86,0.12161616161616169,1.0101010101010106,0.7-0.9
us_foreign_policy,tiiuae_falcon_40b,0.79,0.16757575757575777,1.0101010101010113,0.7-0.9
us_foreign_policy,tiiuae_falcon_40b,0.84,0.13575757575757597,1.0101010101010115,0.7-0.9
us_foreign_policy,tiiuae_falcon_40b,0.86,0.12161616161616169,1.0101010101010106,0.7-0.9
us_foreign_policy,tiiuae_falcon_40b,0.85,0.12878787878787912,1.0101010101010126,0.7-0.9
us_foreign_policy,tiiuae_falcon_40b,0.8,0.16161616161616127,1.0101010101010082,0.7-0.9
us_foreign_policy,tiiuae_falcon_40b,0.81,0.15545454545454526,1.010101010101009,0.7-0.9
us_foreign_policy,tiiuae_falcon_40b,0.81,0.15545454545454526,1.010101010101009,0.7-0.9
us_foreign_policy,tiiuae_falcon_40b,0.8,0.16161616161616135,1.0101010101010086,0.7-0.9
us_foreign_policy,tiiuae_falcon_40b,0.81,0.15545454545454526,1.010101010101009,0.7-0.9
us_foreign_policy,tiiuae_falcon_40b,0.84,0.13575757575757594,1.0101010101010113,0.7-0.9
us_foreign_policy,tiiuae_falcon_40b,0.84,0.13575757575757594,1.0101010101010113,0.7-0.9
us_foreign_policy,tiiuae_falcon_40b,0.76,0.1842424242424246,1.010101010101012,0.7-0.9
us_foreign_policy,tiiuae_falcon_40b,0.81,0.15545454545454523,1.010101010101009,0.7-0.9
us_foreign_policy,tiiuae_falcon_40b,0.82,0.14909090909090933,1.0101010101010115,0.7-0.9
us_foreign_policy,tiiuae_falcon_40b,0.84,0.13575757575757594,1.0101010101010113,0.7-0.9
us_foreign_policy,tiiuae_falcon_40b,0.85,0.12878787878787906,1.0101010101010122,0.7-0.9
us_foreign_policy,tiiuae_falcon_40b,0.81,0.15545454545454523,1.010101010101009,0.7-0.9
us_foreign_policy,tiiuae_falcon_40b,0.82,0.14909090909090933,1.0101010101010115,0.7-0.9
us_foreign_policy,tiiuae_falcon_40b,0.82,0.14909090909090933,1.0101010101010115,0.7-0.9
us_foreign_policy,tiiuae_falcon_40b,0.85,0.12878787878787898,1.0101010101010115,0.7-0.9
us_foreign_policy,tiiuae_falcon_40b,0.83,0.14252525252525267,1.0101010101010108,0.7-0.9
us_foreign_policy,tiiuae_falcon_40b,0.77,0.1788888888888888,1.0101010101010097,0.7-0.9
us_foreign_policy,tiiuae_falcon_40b,0.78,0.1733333333333331,1.0101010101010088,0.7-0.9
us_foreign_policy,tiiuae_falcon_40b,0.83,0.14252525252525267,1.0101010101010108,0.7-0.9
us_foreign_policy,tiiuae_falcon_40b,0.79,0.16757575757575777,1.0101010101010113,0.7-0.9
us_foreign_policy,tiiuae_falcon_40b,0.79,0.16757575757575777,1.0101010101010113,0.7-0.9
us_foreign_policy,tiiuae_falcon_40b,0.84,0.13575757575757608,1.0101010101010124,0.7-0.9
us_foreign_policy,tiiuae_falcon_40b,0.85,0.12878787878787923,1.0101010101010135,0.7-0.9
us_foreign_policy,tiiuae_falcon_40b,0.82,0.1490909090909094,1.010101010101012,0.7-0.9
us_foreign_policy,tiiuae_falcon_40b,0.82,0.1490909090909094,1.010101010101012,0.7-0.9
us_foreign_policy,tiiuae_falcon_40b,0.82,0.1490909090909094,1.010101010101012,0.7-0.9
us_foreign_policy,tiiuae_falcon_40b,0.8,0.16161616161616135,1.0101010101010086,0.7-0.9
us_foreign_policy,tiiuae_falcon_40b,0.83,0.14252525252525267,1.0101010101010108,0.7-0.9
us_foreign_policy,tiiuae_falcon_40b,0.82,0.14909090909090933,1.0101010101010115,0.7-0.9
us_foreign_policy,tiiuae_falcon_40b,0.79,0.1675757575757578,1.0101010101010115,0.7-0.9
us_foreign_policy,tiiuae_falcon_40b,0.83,0.14252525252525267,1.0101010101010108,0.7-0.9
us_foreign_policy,tiiuae_falcon_40b,0.82,0.14909090909090933,1.0101010101010115,0.7-0.9
us_foreign_policy,tiiuae_falcon_40b,0.84,0.135757575757576,1.0101010101010117,0.7-0.9
us_foreign_policy,tiiuae_falcon_40b,0.82,0.1490909090909095,1.0101010101010126,0.7-0.9
us_foreign_policy,tiiuae_falcon_40b,0.79,0.16757575757575777,1.0101010101010113,0.7-0.9
us_foreign_policy,tiiuae_falcon_40b,0.81,0.15545454545454523,1.010101010101009,0.7-0.9
us_foreign_policy,tiiuae_falcon_40b,0.84,0.13575757575757594,1.0101010101010113,0.7-0.9
us_foreign_policy,tiiuae_falcon_40b,0.81,0.15545454545454526,1.010101010101009,0.7-0.9
us_foreign_policy,tiiuae_falcon_40b,0.82,0.14909090909090933,1.0101010101010115,0.7-0.9
us_foreign_policy,tiiuae_falcon_40b,0.82,0.14909090909090933,1.0101010101010115,0.7-0.9
us_foreign_policy,tiiuae_falcon_40b,0.8,0.16161616161616135,1.0101010101010086,0.7-0.9
us_foreign_policy,tiiuae_falcon_40b,0.84,0.135757575757576,1.0101010101010117,0.7-0.9
us_foreign_policy,tiiuae_falcon_40b,0.8,0.16161616161616135,1.0101010101010086,0.7-0.9
us_foreign_policy,tiiuae_falcon_40b,0.8,0.1616161616161614,1.010101010101009,0.7-0.9
us_foreign_policy,tiiuae_falcon_40b,0.82,0.1490909090909094,1.010101010101012,0.7-0.9
us_foreign_policy,tiiuae_falcon_40b,0.81,0.15545454545454535,1.0101010101010097,0.7-0.9
us_foreign_policy,tiiuae_falcon_40b,0.82,0.14909090909090933,1.0101010101010115,0.7-0.9
us_foreign_policy,tiiuae_falcon_40b,0.81,0.15545454545454526,1.010101010101009,0.7-0.9
us_foreign_policy,tiiuae_falcon_40b,0.8,0.16161616161616135,1.0101010101010086,0.7-0.9
us_foreign_policy,tiiuae_falcon_40b,0.82,0.1490909090909094,1.010101010101012,0.7-0.9
us_foreign_policy,tiiuae_falcon_40b,0.81,0.15545454545454532,1.0101010101010095,0.7-0.9
us_foreign_policy,tiiuae_falcon_40b,0.82,0.1490909090909094,1.010101010101012,0.7-0.9
us_foreign_policy,tiiuae_falcon_40b,0.8,0.16161616161616135,1.0101010101010086,0.7-0.9
us_foreign_policy,tiiuae_falcon_40b,0.81,0.15545454545454532,1.0101010101010095,0.7-0.9
us_foreign_policy,tiiuae_falcon_40b,0.82,0.1490909090909094,1.010101010101012,0.7-0.9
us_foreign_policy,tiiuae_falcon_40b,0.85,0.12878787878787912,1.0101010101010126,0.7-0.9
us_foreign_policy,tiiuae_falcon_40b,0.84,0.13575757575757588,1.0101010101010108,0.7-0.9
us_foreign_policy,tiiuae_falcon_40b,0.8,0.16161616161616135,1.0101010101010086,0.7-0.9
us_foreign_policy,tiiuae_falcon_40b,0.83,0.14252525252525267,1.0101010101010108,0.7-0.9
us_foreign_policy,tiiuae_falcon_40b,0.82,0.14909090909090933,1.0101010101010115,0.7-0.9
us_foreign_policy,tiiuae_falcon_40b,0.82,0.1490909090909094,1.010101010101012,0.7-0.9
us_foreign_policy,tiiuae_falcon_40b,0.82,0.1490909090909094,1.010101010101012,0.7-0.9
world_religions,codellama_codellama_34b_instruct,0.7251461988304093,0.20048159614723138,1.0058823529411791,0.7-0.9
world_religions,codellama_codellama_34b_instruct,0.7309941520467836,0.1977984176126588,1.005882352941175,0.7-0.9
world_religions,codellama_codellama_34b_instruct,0.7134502923976608,0.2056415548675608,1.0058823529411751,0.7-0.9
world_religions,codellama_codellama_34b_instruct,0.7426900584795322,0.1922256621947022,1.0058823529411751,0.7-0.9
world_religions,codellama_codellama_34b_instruct,0.7309941520467836,0.19779841761265882,1.0058823529411751,0.7-0.9
world_religions,codellama_codellama_34b_instruct,0.7309941520467836,0.19779841761265882,1.0058823529411751,0.7-0.9
world_religions,codellama_codellama_34b_instruct,0.7426900584795322,0.1922256621947022,1.0058823529411751,0.7-0.9
world_religions,codellama_codellama_34b_instruct,0.7368421052631579,0.1950464396284836,1.0058823529411796,0.7-0.9
world_religions,codellama_codellama_34b_instruct,0.7309941520467836,0.19779841761265882,1.0058823529411751,0.7-0.9
world_religions,codellama_codellama_34b_instruct,0.7485380116959064,0.1893360853113174,1.0058823529411758,0.7-0.9
world_religions,codellama_codellama_34b_instruct,0.7426900584795322,0.1922256621947022,1.0058823529411751,0.7-0.9
world_religions,codellama_codellama_34b_instruct,0.7485380116959064,0.1893360853113174,1.0058823529411758,0.7-0.9
world_religions,codellama_codellama_34b_instruct,0.7309941520467836,0.19779841761265882,1.0058823529411751,0.7-0.9
world_religions,codellama_codellama_34b_instruct,0.7309941520467836,0.19779841761265882,1.0058823529411751,0.7-0.9
world_religions,codellama_codellama_34b_instruct,0.7309941520467836,0.19779841761265887,1.0058823529411753,0.7-0.9
world_religions,codellama_codellama_34b_instruct,0.7309941520467836,0.19779841761265882,1.0058823529411751,0.7-0.9
world_religions,codellama_codellama_34b_instruct,0.7192982456140351,0.2030959752321978,1.005882352941175,0.7-0.9
world_religions,codellama_codellama_34b_instruct,0.7485380116959064,0.1893360853113174,1.0058823529411758,0.7-0.9
world_religions,codellama_codellama_34b_instruct,0.7309941520467836,0.19779841761265887,1.0058823529411753,0.7-0.9
world_religions,codellama_codellama_34b_instruct,0.7192982456140351,0.20309597523219777,1.0058823529411747,0.7-0.9
world_religions,codellama_codellama_34b_instruct,0.7309941520467836,0.19779841761265882,1.0058823529411751,0.7-0.9
world_religions,codellama_codellama_34b_instruct,0.695906432748538,0.21286549707602362,1.0058823529411776,0.5-0.7
world_religions,codellama_codellama_34b_instruct,0.7076023391812866,0.20811833505331975,1.0058823529411773,0.7-0.9
world_religions,codellama_codellama_34b_instruct,0.7017543859649122,0.21052631578947412,1.0058823529411784,0.7-0.9
world_religions,codellama_codellama_34b_instruct,0.7134502923976608,0.2056415548675608,1.0058823529411751,0.7-0.9
world_religions,codellama_codellama_34b_instruct,0.7134502923976608,0.2056415548675608,1.0058823529411751,0.7-0.9
world_religions,codellama_codellama_34b_instruct,0.695906432748538,0.2128654970760236,1.0058823529411776,0.5-0.7
world_religions,codellama_codellama_34b_instruct,0.6783625730994152,0.2194702442380462,1.005882352941177,0.5-0.7
world_religions,codellama_codellama_34b_instruct,0.6783625730994152,0.2194702442380462,1.005882352941177,0.5-0.7
world_religions,codellama_codellama_34b_instruct,0.672514619883041,0.2215342277261785,1.005882352941178,0.5-0.7
world_religions,codellama_codellama_34b_instruct,0.6491228070175439,0.22910216718266244,1.005882352941176,0.5-0.7
world_religions,codellama_codellama_34b_instruct,0.7017543859649122,0.21052631578947403,1.005882352941178,0.7-0.9
world_religions,codellama_codellama_34b_instruct,0.6900584795321637,0.215135878912968,1.0058823529411733,0.5-0.7
world_religions,codellama_codellama_34b_instruct,0.7076023391812866,0.20811833505331975,1.0058823529411773,0.7-0.9
world_religions,codellama_codellama_34b_instruct,0.7134502923976608,0.2056415548675608,1.0058823529411751,0.7-0.9
world_religions,codellama_codellama_34b_instruct,0.7192982456140351,0.2030959752321978,1.005882352941175,0.7-0.9
world_religions,codellama_codellama_34b_instruct,0.7134502923976608,0.2056415548675608,1.0058823529411751,0.7-0.9
world_religions,codellama_codellama_34b_instruct,0.7543859649122807,0.18637770897832762,1.0058823529411736,0.7-0.9
world_religions,codellama_codellama_34b_instruct,0.7368421052631579,0.1950464396284836,1.0058823529411796,0.7-0.9
world_religions,codellama_codellama_34b_instruct,0.7368421052631579,0.1950464396284836,1.0058823529411796,0.7-0.9
world_religions,codellama_codellama_34b_instruct,0.7309941520467836,0.19779841761265882,1.0058823529411751,0.7-0.9
world_religions,codellama_codellama_34b_instruct,0.7076023391812866,0.20811833505331973,1.0058823529411773,0.7-0.9
world_religions,codellama_codellama_34b_instruct,0.7017543859649122,0.21052631578947403,1.005882352941178,0.7-0.9
world_religions,codellama_codellama_34b_instruct,0.7076023391812866,0.20811833505331975,1.0058823529411773,0.7-0.9
world_religions,codellama_codellama_34b_instruct,0.7076023391812866,0.20811833505331975,1.0058823529411773,0.7-0.9
world_religions,codellama_codellama_34b_instruct,0.7192982456140351,0.20309597523219777,1.0058823529411747,0.7-0.9
world_religions,codellama_codellama_34b_instruct,0.7134502923976608,0.2056415548675608,1.0058823529411751,0.7-0.9
world_religions,codellama_codellama_34b_instruct,0.695906432748538,0.21286549707602362,1.0058823529411776,0.5-0.7
world_religions,codellama_codellama_34b_instruct,0.6900584795321637,0.215135878912968,1.0058823529411733,0.5-0.7
world_religions,codellama_codellama_34b_instruct,0.7309941520467836,0.1977984176126588,1.005882352941175,0.7-0.9
world_religions,codellama_codellama_34b_instruct,0.7134502923976608,0.2056415548675608,1.0058823529411751,0.7-0.9
world_religions,codellama_codellama_34b_instruct,0.7134502923976608,0.2056415548675608,1.0058823529411751,0.7-0.9
world_religions,codellama_codellama_34b_instruct,0.7076023391812866,0.20811833505331973,1.0058823529411773,0.7-0.9
world_religions,codellama_codellama_34b_instruct,0.7251461988304093,0.20048159614723143,1.0058823529411796,0.7-0.9
world_religions,codellama_codellama_34b_instruct,0.7485380116959064,0.1893360853113174,1.0058823529411758,0.7-0.9
world_religions,codellama_codellama_34b_instruct,0.7309941520467836,0.1977984176126588,1.005882352941175,0.7-0.9
world_religions,codellama_codellama_34b_instruct,0.7017543859649122,0.21052631578947406,1.0058823529411782,0.7-0.9
world_religions,codellama_codellama_34b_instruct,0.7134502923976608,0.2056415548675608,1.0058823529411751,0.7-0.9
world_religions,codellama_codellama_34b_instruct,0.7134502923976608,0.2056415548675608,1.0058823529411751,0.7-0.9
world_religions,codellama_codellama_34b_instruct,0.695906432748538,0.21286549707602367,1.005882352941178,0.5-0.7
world_religions,codellama_codellama_34b_instruct,0.7368421052631579,0.1950464396284836,1.0058823529411796,0.7-0.9
world_religions,codellama_codellama_34b_instruct,0.7134502923976608,0.2056415548675608,1.0058823529411751,0.7-0.9
world_religions,codellama_codellama_34b_instruct,0.7134502923976608,0.2056415548675608,1.0058823529411751,0.7-0.9
world_religions,codellama_codellama_34b_instruct,0.7368421052631579,0.1950464396284836,1.0058823529411796,0.7-0.9
world_religions,codellama_codellama_34b_instruct,0.7251461988304093,0.20048159614723138,1.0058823529411791,0.7-0.9
world_religions,codellama_codellama_34b_instruct,0.7192982456140351,0.2030959752321978,1.005882352941175,0.7-0.9
world_religions,codellama_codellama_34b_instruct,0.695906432748538,0.2128654970760237,1.005882352941178,0.5-0.7
world_religions,codellama_codellama_34b_instruct,0.7192982456140351,0.2030959752321978,1.005882352941175,0.7-0.9
world_religions,codellama_codellama_34b_instruct,0.7134502923976608,0.2056415548675608,1.0058823529411751,0.7-0.9
world_religions,codellama_codellama_34b_instruct,0.7076023391812866,0.20811833505331975,1.0058823529411773,0.7-0.9
world_religions,codellama_codellama_34b_instruct,0.7076023391812866,0.20811833505331975,1.0058823529411773,0.7-0.9
world_religions,codellama_codellama_34b_instruct,0.7192982456140351,0.20309597523219777,1.0058823529411747,0.7-0.9
world_religions,codellama_codellama_34b_instruct,0.6842105263157895,0.21733746130031034,1.00588235294118,0.5-0.7
world_religions,codellama_codellama_34b_instruct,0.6842105263157895,0.2173374613003103,1.0058823529411798,0.5-0.7
world_religions,codellama_codellama_34b_instruct,0.7076023391812866,0.20811833505331984,1.0058823529411778,0.7-0.9
world_religions,codellama_codellama_34b_instruct,0.6666666666666666,0.22352941176470575,1.0058823529411758,0.5-0.7
world_religions,codellama_codellama_34b_instruct,0.6783625730994152,0.2194702442380462,1.005882352941177,0.5-0.7
world_religions,codellama_codellama_34b_instruct,0.6783625730994152,0.2194702442380462,1.005882352941177,0.5-0.7
world_religions,codellama_codellama_34b_instruct,0.6900584795321637,0.215135878912968,1.0058823529411733,0.5-0.7
world_religions,codellama_codellama_34b_instruct,0.7076023391812866,0.20811833505331973,1.0058823529411773,0.7-0.9
world_religions,codellama_codellama_34b_instruct,0.7251461988304093,0.20048159614723138,1.0058823529411791,0.7-0.9
world_religions,codellama_codellama_34b_instruct,0.7076023391812866,0.20811833505331975,1.0058823529411773,0.7-0.9
world_religions,codellama_codellama_34b_instruct,0.7309941520467836,0.19779841761265882,1.0058823529411751,0.7-0.9
world_religions,codellama_codellama_34b_instruct,0.7485380116959064,0.1893360853113174,1.0058823529411758,0.7-0.9
world_religions,codellama_codellama_34b_instruct,0.7134502923976608,0.2056415548675608,1.0058823529411751,0.7-0.9
world_religions,codellama_codellama_34b_instruct,0.7309941520467836,0.19779841761265887,1.0058823529411753,0.7-0.9
world_religions,codellama_codellama_34b_instruct,0.7309941520467836,0.19779841761265882,1.0058823529411751,0.7-0.9
world_religions,codellama_codellama_34b_instruct,0.7309941520467836,0.19779841761265882,1.0058823529411751,0.7-0.9
world_religions,codellama_codellama_34b_instruct,0.7134502923976608,0.2056415548675608,1.0058823529411751,0.7-0.9
world_religions,codellama_codellama_34b_instruct,0.7076023391812866,0.20811833505331973,1.0058823529411773,0.7-0.9
world_religions,codellama_codellama_34b_instruct,0.695906432748538,0.21286549707602362,1.0058823529411776,0.5-0.7
world_religions,codellama_codellama_34b_instruct,0.7017543859649122,0.21052631578947403,1.005882352941178,0.7-0.9
world_religions,codellama_codellama_34b_instruct,0.7134502923976608,0.2056415548675608,1.0058823529411751,0.7-0.9
world_religions,codellama_codellama_34b_instruct,0.695906432748538,0.21286549707602362,1.0058823529411776,0.5-0.7
world_religions,codellama_codellama_34b_instruct,0.7134502923976608,0.20564155486756083,1.0058823529411753,0.7-0.9
world_religions,codellama_codellama_34b_instruct,0.7076023391812866,0.20811833505331973,1.0058823529411773,0.7-0.9
world_religions,codellama_codellama_34b_instruct,0.695906432748538,0.21286549707602362,1.0058823529411776,0.5-0.7
world_religions,codellama_codellama_34b_instruct,0.7192982456140351,0.2030959752321978,1.005882352941175,0.7-0.9
world_religions,codellama_codellama_34b_instruct,0.7076023391812866,0.20811833505331975,1.0058823529411773,0.7-0.9
world_religions,codellama_codellama_34b_instruct,0.7076023391812866,0.20811833505331975,1.0058823529411773,0.7-0.9
world_religions,google_flan_t5_xl,0.5263157894736842,0.2507739938080491,1.0058823529411747,0.5-0.7
world_religions,google_flan_t5_xl,0.5263157894736842,0.2507739938080491,1.0058823529411747,0.5-0.7
world_religions,google_flan_t5_xl,0.5321637426900585,0.2504299965600273,1.0058823529411756,0.5-0.7
world_religions,google_flan_t5_xl,0.5263157894736842,0.25077399380804916,1.005882352941175,0.5-0.7
world_religions,google_flan_t5_xl,0.5263157894736842,0.2507739938080491,1.0058823529411747,0.5-0.7
world_religions,google_flan_t5_xl,0.5380116959064327,0.25001719986240123,1.0058823529411771,0.5-0.7
world_religions,google_flan_t5_xl,0.5321637426900585,0.2504299965600273,1.0058823529411756,0.5-0.7
world_religions,google_flan_t5_xl,0.5146198830409356,0.2512555899552802,1.0058823529411758,0.5-0.7
world_religions,google_flan_t5_xl,0.5263157894736842,0.2507739938080491,1.0058823529411747,0.5-0.7
world_religions,google_flan_t5_xl,0.5380116959064327,0.25001719986240123,1.0058823529411771,0.5-0.7
world_religions,google_flan_t5_xl,0.5263157894736842,0.2507739938080491,1.0058823529411747,0.5-0.7
world_religions,google_flan_t5_xl,0.5263157894736842,0.2507739938080491,1.0058823529411747,0.5-0.7
world_religions,google_flan_t5_xl,0.5263157894736842,0.25077399380804916,1.005882352941175,0.5-0.7
world_religions,google_flan_t5_xl,0.5321637426900585,0.2504299965600273,1.0058823529411756,0.5-0.7
world_religions,google_flan_t5_xl,0.5380116959064327,0.2500171998624013,1.0058823529411773,0.5-0.7
world_religions,google_flan_t5_xl,0.52046783625731,0.25104919160646644,1.0058823529411736,0.5-0.7
world_religions,google_flan_t5_xl,0.5263157894736842,0.2507739938080491,1.0058823529411747,0.5-0.7
world_religions,google_flan_t5_xl,0.5263157894736842,0.2507739938080491,1.0058823529411747,0.5-0.7
world_religions,google_flan_t5_xl,0.5263157894736842,0.2507739938080491,1.0058823529411747,0.5-0.7
world_religions,google_flan_t5_xl,0.52046783625731,0.2510491916064665,1.0058823529411738,0.5-0.7
world_religions,google_flan_t5_xl,0.5321637426900585,0.2504299965600273,1.0058823529411756,0.5-0.7
world_religions,google_flan_t5_xl,0.5263157894736842,0.2507739938080491,1.0058823529411747,0.5-0.7
world_religions,google_flan_t5_xl,0.5380116959064327,0.2500171998624013,1.0058823529411773,0.5-0.7
world_religions,google_flan_t5_xl,0.5321637426900585,0.2504299965600273,1.0058823529411756,0.5-0.7
world_religions,google_flan_t5_xl,0.5380116959064327,0.25001719986240123,1.0058823529411771,0.5-0.7
world_religions,google_flan_t5_xl,0.543859649122807,0.2495356037151707,1.0058823529411782,0.5-0.7
world_religions,google_flan_t5_xl,0.5380116959064327,0.25001719986240123,1.0058823529411771,0.5-0.7
world_religions,google_flan_t5_xl,0.5263157894736842,0.2507739938080491,1.0058823529411747,0.5-0.7
world_religions,google_flan_t5_xl,0.5380116959064327,0.25001719986240123,1.0058823529411771,0.5-0.7
world_religions,google_flan_t5_xl,0.5263157894736842,0.2507739938080491,1.0058823529411747,0.5-0.7
world_religions,google_flan_t5_xl,0.52046783625731,0.2510491916064665,1.0058823529411738,0.5-0.7
world_religions,google_flan_t5_xl,0.5321637426900585,0.2504299965600273,1.0058823529411756,0.5-0.7
world_religions,google_flan_t5_xl,0.5263157894736842,0.2507739938080491,1.0058823529411747,0.5-0.7
world_religions,google_flan_t5_xl,0.5380116959064327,0.2500171998624013,1.0058823529411773,0.5-0.7
world_religions,google_flan_t5_xl,0.5263157894736842,0.2507739938080491,1.0058823529411747,0.5-0.7
world_religions,google_flan_t5_xl,0.5263157894736842,0.2507739938080491,1.0058823529411747,0.5-0.7
world_religions,google_flan_t5_xl,0.5263157894736842,0.2507739938080491,1.0058823529411747,0.5-0.7
world_religions,google_flan_t5_xl,0.5263157894736842,0.2507739938080491,1.0058823529411747,0.5-0.7
world_religions,google_flan_t5_xl,0.5263157894736842,0.2507739938080491,1.0058823529411747,0.5-0.7
world_religions,google_flan_t5_xl,0.5263157894736842,0.2507739938080491,1.0058823529411747,0.5-0.7
world_religions,google_flan_t5_xl,0.52046783625731,0.2510491916064665,1.0058823529411738,0.5-0.7
world_religions,google_flan_t5_xl,0.52046783625731,0.25104919160646644,1.0058823529411736,0.5-0.7
world_religions,google_flan_t5_xl,0.5380116959064327,0.2500171998624012,1.005882352941177,0.5-0.7
world_religions,google_flan_t5_xl,0.52046783625731,0.25104919160646644,1.0058823529411736,0.5-0.7
world_religions,google_flan_t5_xl,0.5263157894736842,0.2507739938080491,1.0058823529411747,0.5-0.7
world_religions,google_flan_t5_xl,0.52046783625731,0.25104919160646644,1.0058823529411736,0.5-0.7
world_religions,google_flan_t5_xl,0.5146198830409356,0.2512555899552802,1.0058823529411758,0.5-0.7
world_religions,google_flan_t5_xl,0.5263157894736842,0.2507739938080491,1.0058823529411747,0.5-0.7
world_religions,google_flan_t5_xl,0.5146198830409356,0.2512555899552802,1.0058823529411758,0.5-0.7
world_religions,google_flan_t5_xl,0.52046783625731,0.25104919160646644,1.0058823529411736,0.5-0.7
world_religions,google_flan_t5_xl,0.5321637426900585,0.2504299965600273,1.0058823529411756,0.5-0.7
world_religions,google_flan_t5_xl,0.5321637426900585,0.2504299965600273,1.0058823529411756,0.5-0.7
world_religions,google_flan_t5_xl,0.52046783625731,0.2510491916064665,1.0058823529411738,0.5-0.7
world_religions,google_flan_t5_xl,0.5263157894736842,0.25077399380804916,1.005882352941175,0.5-0.7
world_religions,google_flan_t5_xl,0.543859649122807,0.24953560371517072,1.0058823529411782,0.5-0.7
world_religions,google_flan_t5_xl,0.543859649122807,0.24953560371517072,1.0058823529411782,0.5-0.7
world_religions,google_flan_t5_xl,0.5263157894736842,0.2507739938080491,1.0058823529411747,0.5-0.7
world_religions,google_flan_t5_xl,0.543859649122807,0.24953560371517072,1.0058823529411782,0.5-0.7
world_religions,google_flan_t5_xl,0.5497076023391813,0.24898520811833527,1.0058823529411773,0.5-0.7
world_religions,google_flan_t5_xl,0.5146198830409356,0.2512555899552802,1.0058823529411758,0.5-0.7
world_religions,google_flan_t5_xl,0.5263157894736842,0.2507739938080491,1.0058823529411747,0.5-0.7
world_religions,google_flan_t5_xl,0.5263157894736842,0.2507739938080491,1.0058823529411747,0.5-0.7
world_religions,google_flan_t5_xl,0.5263157894736842,0.2507739938080491,1.0058823529411747,0.5-0.7
world_religions,google_flan_t5_xl,0.5263157894736842,0.2507739938080491,1.0058823529411747,0.5-0.7
world_religions,google_flan_t5_xl,0.5380116959064327,0.25001719986240123,1.0058823529411771,0.5-0.7
world_religions,google_flan_t5_xl,0.5380116959064327,0.25001719986240123,1.0058823529411771,0.5-0.7
world_religions,google_flan_t5_xl,0.5146198830409356,0.25125558995528013,1.0058823529411756,0.5-0.7
world_religions,google_flan_t5_xl,0.5321637426900585,0.2504299965600273,1.0058823529411756,0.5-0.7
world_religions,google_flan_t5_xl,0.5380116959064327,0.25001719986240123,1.0058823529411771,0.5-0.7
world_religions,google_flan_t5_xl,0.5321637426900585,0.2504299965600273,1.0058823529411756,0.5-0.7
world_religions,google_flan_t5_xl,0.5263157894736842,0.2507739938080491,1.0058823529411747,0.5-0.7
world_religions,google_flan_t5_xl,0.5497076023391813,0.24898520811833533,1.0058823529411776,0.5-0.7
world_religions,google_flan_t5_xl,0.5029239766081871,0.2514619883040931,1.0058823529411747,0.5-0.7
world_religions,google_flan_t5_xl,0.49707602339181284,0.2514619883040931,1.0058823529411745,0.3-0.5
world_religions,google_flan_t5_xl,0.5146198830409356,0.2512555899552802,1.0058823529411758,0.5-0.7
world_religions,google_flan_t5_xl,0.5029239766081871,0.2514619883040931,1.0058823529411747,0.5-0.7
world_religions,google_flan_t5_xl,0.5087719298245614,0.2513931888544901,1.0058823529411802,0.5-0.7
world_religions,google_flan_t5_xl,0.5087719298245614,0.2513931888544901,1.0058823529411802,0.5-0.7
world_religions,google_flan_t5_xl,0.5087719298245614,0.2513931888544901,1.0058823529411802,0.5-0.7
world_religions,google_flan_t5_xl,0.5263157894736842,0.2507739938080491,1.0058823529411747,0.5-0.7
world_religions,google_flan_t5_xl,0.5146198830409356,0.2512555899552802,1.0058823529411758,0.5-0.7
world_religions,google_flan_t5_xl,0.52046783625731,0.2510491916064665,1.0058823529411738,0.5-0.7
world_religions,google_flan_t5_xl,0.5029239766081871,0.2514619883040931,1.0058823529411747,0.5-0.7
world_religions,google_flan_t5_xl,0.5146198830409356,0.2512555899552802,1.0058823529411758,0.5-0.7
world_religions,google_flan_t5_xl,0.52046783625731,0.2510491916064665,1.0058823529411738,0.5-0.7
world_religions,google_flan_t5_xl,0.5146198830409356,0.25125558995528025,1.005882352941176,0.5-0.7
world_religions,google_flan_t5_xl,0.5146198830409356,0.2512555899552802,1.0058823529411758,0.5-0.7
world_religions,google_flan_t5_xl,0.5087719298245614,0.2513931888544901,1.0058823529411802,0.5-0.7
world_religions,google_flan_t5_xl,0.5380116959064327,0.25001719986240123,1.0058823529411771,0.5-0.7
world_religions,google_flan_t5_xl,0.5321637426900585,0.2504299965600273,1.0058823529411756,0.5-0.7
world_religions,google_flan_t5_xl,0.5380116959064327,0.25001719986240123,1.0058823529411771,0.5-0.7
world_religions,google_flan_t5_xl,0.5263157894736842,0.25077399380804904,1.0058823529411745,0.5-0.7
world_religions,google_flan_t5_xl,0.5321637426900585,0.25042999656002735,1.0058823529411758,0.5-0.7
world_religions,google_flan_t5_xl,0.5087719298245614,0.2513931888544901,1.0058823529411802,0.5-0.7
world_religions,google_flan_t5_xl,0.5321637426900585,0.25042999656002735,1.0058823529411758,0.5-0.7
world_religions,google_flan_t5_xl,0.5380116959064327,0.25001719986240123,1.0058823529411771,0.5-0.7
world_religions,google_flan_t5_xl,0.5263157894736842,0.25077399380804904,1.0058823529411745,0.5-0.7
world_religions,google_flan_t5_xl,0.5263157894736842,0.2507739938080491,1.0058823529411747,0.5-0.7
world_religions,google_flan_t5_xl,0.5263157894736842,0.2507739938080491,1.0058823529411747,0.5-0.7
world_religions,google_flan_t5_xl,0.5263157894736842,0.2507739938080491,1.0058823529411747,0.5-0.7
world_religions,google_gemma_7b_it,0.6257309941520468,0.23556931544547677,1.0058823529411778,0.5-0.7
world_religions,google_gemma_7b_it,0.631578947368421,0.2340557275541792,1.005882352941175,0.5-0.7
world_religions,google_gemma_7b_it,0.6374269005847953,0.23247334021327745,1.005882352941173,0.5-0.7
world_religions,google_gemma_7b_it,0.6432748538011696,0.23082215342277237,1.0058823529411753,0.5-0.7
world_religions,google_gemma_7b_it,0.6432748538011696,0.23082215342277232,1.0058823529411751,0.5-0.7
world_religions,google_gemma_7b_it,0.631578947368421,0.2340557275541792,1.005882352941175,0.5-0.7
world_religions,google_gemma_7b_it,0.631578947368421,0.2340557275541792,1.005882352941175,0.5-0.7
world_religions,google_gemma_7b_it,0.6140350877192983,0.23839009287925755,1.0058823529411791,0.5-0.7
world_religions,google_gemma_7b_it,0.6549707602339181,0.22731338149294825,1.0058823529411771,0.5-0.7
world_religions,google_gemma_7b_it,0.631578947368421,0.2340557275541792,1.005882352941175,0.5-0.7
world_religions,google_gemma_7b_it,0.6491228070175439,0.2291021671826625,1.0058823529411762,0.5-0.7
world_religions,google_gemma_7b_it,0.6374269005847953,0.23247334021327745,1.005882352941173,0.5-0.7
world_religions,google_gemma_7b_it,0.6549707602339181,0.22731338149294825,1.0058823529411771,0.5-0.7
world_religions,google_gemma_7b_it,0.6198830409356725,0.2370141038871695,1.0058823529411791,0.5-0.7
world_religions,google_gemma_7b_it,0.6198830409356725,0.2370141038871695,1.0058823529411791,0.5-0.7
world_religions,google_gemma_7b_it,0.6081871345029239,0.2396972824217402,1.0058823529411747,0.5-0.7
world_religions,google_gemma_7b_it,0.6081871345029239,0.2396972824217402,1.0058823529411747,0.5-0.7
world_religions,google_gemma_7b_it,0.631578947368421,0.2340557275541792,1.005882352941175,0.5-0.7
world_religions,google_gemma_7b_it,0.6491228070175439,0.2291021671826625,1.0058823529411762,0.5-0.7
world_religions,google_gemma_7b_it,0.6198830409356725,0.2370141038871695,1.0058823529411791,0.5-0.7
world_religions,google_gemma_7b_it,0.631578947368421,0.2340557275541792,1.005882352941175,0.5-0.7
world_religions,google_gemma_7b_it,0.5789473684210527,0.24520123839009236,1.0058823529411742,0.5-0.7
world_religions,google_gemma_7b_it,0.6081871345029239,0.23969728242174024,1.005882352941175,0.5-0.7
world_religions,google_gemma_7b_it,0.5964912280701754,0.24210526315789493,1.0058823529411773,0.5-0.7
world_religions,google_gemma_7b_it,0.6081871345029239,0.23969728242174015,1.0058823529411745,0.5-0.7
world_religions,google_gemma_7b_it,0.6081871345029239,0.23969728242174015,1.0058823529411745,0.5-0.7
world_religions,google_gemma_7b_it,0.5730994152046783,0.24609563123495012,1.0058823529411764,0.5-0.7
world_religions,google_gemma_7b_it,0.5847953216374269,0.24423804609563085,1.005882352941175,0.5-0.7
world_religions,google_gemma_7b_it,0.5847953216374269,0.2442380460956309,1.0058823529411751,0.5-0.7
world_religions,google_gemma_7b_it,0.6081871345029239,0.23969728242174024,1.005882352941175,0.5-0.7
world_religions,google_gemma_7b_it,0.5672514619883041,0.24692122463020288,1.0058823529411762,0.5-0.7
world_religions,google_gemma_7b_it,0.5964912280701754,0.24210526315789493,1.0058823529411773,0.5-0.7
world_religions,google_gemma_7b_it,0.631578947368421,0.2340557275541792,1.005882352941175,0.5-0.7
world_religions,google_gemma_7b_it,0.6374269005847953,0.23247334021327742,1.0058823529411727,0.5-0.7
world_religions,google_gemma_7b_it,0.6257309941520468,0.23556931544547682,1.005882352941178,0.5-0.7
world_religions,google_gemma_7b_it,0.6081871345029239,0.2396972824217402,1.0058823529411747,0.5-0.7
world_religions,google_gemma_7b_it,0.6257309941520468,0.23556931544547682,1.005882352941178,0.5-0.7
world_religions,google_gemma_7b_it,0.6198830409356725,0.2370141038871695,1.0058823529411791,0.5-0.7
world_religions,google_gemma_7b_it,0.631578947368421,0.2340557275541792,1.005882352941175,0.5-0.7
world_religions,google_gemma_7b_it,0.631578947368421,0.2340557275541792,1.005882352941175,0.5-0.7
world_religions,google_gemma_7b_it,0.6198830409356725,0.2370141038871695,1.0058823529411791,0.5-0.7
world_religions,google_gemma_7b_it,0.6257309941520468,0.23556931544547677,1.0058823529411778,0.5-0.7
world_religions,google_gemma_7b_it,0.6198830409356725,0.2370141038871695,1.0058823529411791,0.5-0.7
world_religions,google_gemma_7b_it,0.631578947368421,0.2340557275541792,1.005882352941175,0.5-0.7
world_religions,google_gemma_7b_it,0.6140350877192983,0.23839009287925755,1.0058823529411791,0.5-0.7
world_religions,google_gemma_7b_it,0.6491228070175439,0.22910216718266257,1.0058823529411767,0.5-0.7
world_religions,google_gemma_7b_it,0.6081871345029239,0.23969728242174024,1.005882352941175,0.5-0.7
world_religions,google_gemma_7b_it,0.6257309941520468,0.23556931544547682,1.005882352941178,0.5-0.7
world_religions,google_gemma_7b_it,0.631578947368421,0.2340557275541792,1.005882352941175,0.5-0.7
world_religions,google_gemma_7b_it,0.6432748538011696,0.23082215342277232,1.0058823529411751,0.5-0.7
world_religions,google_gemma_7b_it,0.6023391812865497,0.24093567251462028,1.0058823529411782,0.5-0.7
world_religions,google_gemma_7b_it,0.5964912280701754,0.24210526315789493,1.0058823529411773,0.5-0.7
world_religions,google_gemma_7b_it,0.6140350877192983,0.2383900928792576,1.0058823529411793,0.5-0.7
world_religions,google_gemma_7b_it,0.631578947368421,0.2340557275541792,1.005882352941175,0.5-0.7
world_religions,google_gemma_7b_it,0.6257309941520468,0.23556931544547677,1.0058823529411778,0.5-0.7
world_religions,google_gemma_7b_it,0.6432748538011696,0.23082215342277237,1.0058823529411753,0.5-0.7
world_religions,google_gemma_7b_it,0.631578947368421,0.23405572755417925,1.0058823529411751,0.5-0.7
world_religions,google_gemma_7b_it,0.6140350877192983,0.2383900928792576,1.0058823529411793,0.5-0.7
world_religions,google_gemma_7b_it,0.6140350877192983,0.2383900928792576,1.0058823529411793,0.5-0.7
world_religions,google_gemma_7b_it,0.6140350877192983,0.2383900928792576,1.0058823529411793,0.5-0.7
world_religions,google_gemma_7b_it,0.6257309941520468,0.23556931544547677,1.0058823529411778,0.5-0.7
world_religions,google_gemma_7b_it,0.6198830409356725,0.2370141038871695,1.0058823529411791,0.5-0.7
world_religions,google_gemma_7b_it,0.6198830409356725,0.2370141038871695,1.0058823529411791,0.5-0.7
world_religions,google_gemma_7b_it,0.6549707602339181,0.22731338149294822,1.0058823529411771,0.5-0.7
world_religions,google_gemma_7b_it,0.6140350877192983,0.23839009287925755,1.0058823529411791,0.5-0.7
world_religions,google_gemma_7b_it,0.6257309941520468,0.23556931544547677,1.0058823529411778,0.5-0.7
world_religions,google_gemma_7b_it,0.6140350877192983,0.2383900928792576,1.0058823529411793,0.5-0.7
world_religions,google_gemma_7b_it,0.631578947368421,0.2340557275541792,1.005882352941175,0.5-0.7
world_religions,google_gemma_7b_it,0.631578947368421,0.2340557275541792,1.005882352941175,0.5-0.7
world_religions,google_gemma_7b_it,0.6198830409356725,0.2370141038871695,1.0058823529411791,0.5-0.7
world_religions,google_gemma_7b_it,0.6374269005847953,0.23247334021327745,1.005882352941173,0.5-0.7
world_religions,google_gemma_7b_it,0.6257309941520468,0.23556931544547677,1.0058823529411778,0.5-0.7
world_religions,google_gemma_7b_it,0.6081871345029239,0.2396972824217402,1.0058823529411747,0.5-0.7
world_religions,google_gemma_7b_it,0.5906432748538012,0.2432060543515656,1.0058823529411782,0.5-0.7
world_religions,google_gemma_7b_it,0.5789473684210527,0.24520123839009236,1.0058823529411742,0.5-0.7
world_religions,google_gemma_7b_it,0.5730994152046783,0.24609563123495018,1.0058823529411767,0.5-0.7
world_religions,google_gemma_7b_it,0.6023391812865497,0.24093567251462034,1.0058823529411784,0.5-0.7
world_religions,google_gemma_7b_it,0.6023391812865497,0.24093567251462034,1.0058823529411784,0.5-0.7
world_religions,google_gemma_7b_it,0.5146198830409356,0.25125558995528025,1.005882352941176,0.5-0.7
world_religions,google_gemma_7b_it,0.6257309941520468,0.23556931544547677,1.0058823529411778,0.5-0.7
world_religions,google_gemma_7b_it,0.631578947368421,0.2340557275541792,1.005882352941175,0.5-0.7
world_religions,google_gemma_7b_it,0.6081871345029239,0.2396972824217402,1.0058823529411747,0.5-0.7
world_religions,google_gemma_7b_it,0.6432748538011696,0.23082215342277232,1.0058823529411751,0.5-0.7
world_religions,google_gemma_7b_it,0.6198830409356725,0.2370141038871695,1.0058823529411791,0.5-0.7
world_religions,google_gemma_7b_it,0.6081871345029239,0.2396972824217402,1.0058823529411747,0.5-0.7
world_religions,google_gemma_7b_it,0.6081871345029239,0.2396972824217402,1.0058823529411747,0.5-0.7
world_religions,google_gemma_7b_it,0.6491228070175439,0.2291021671826625,1.0058823529411762,0.5-0.7
world_religions,google_gemma_7b_it,0.6081871345029239,0.2396972824217402,1.0058823529411747,0.5-0.7
world_religions,google_gemma_7b_it,0.6081871345029239,0.2396972824217402,1.0058823529411747,0.5-0.7
world_religions,google_gemma_7b_it,0.6023391812865497,0.24093567251462034,1.0058823529411784,0.5-0.7
world_religions,google_gemma_7b_it,0.6140350877192983,0.2383900928792576,1.0058823529411793,0.5-0.7
world_religions,google_gemma_7b_it,0.6198830409356725,0.2370141038871695,1.0058823529411791,0.5-0.7
world_religions,google_gemma_7b_it,0.6257309941520468,0.23556931544547682,1.005882352941178,0.5-0.7
world_religions,google_gemma_7b_it,0.631578947368421,0.2340557275541792,1.005882352941175,0.5-0.7
world_religions,google_gemma_7b_it,0.6081871345029239,0.2396972824217402,1.0058823529411747,0.5-0.7
world_religions,google_gemma_7b_it,0.6140350877192983,0.2383900928792576,1.0058823529411793,0.5-0.7
world_religions,google_gemma_7b_it,0.631578947368421,0.2340557275541792,1.005882352941175,0.5-0.7
world_religions,google_gemma_7b_it,0.631578947368421,0.2340557275541792,1.005882352941175,0.5-0.7
world_religions,google_gemma_7b_it,0.6198830409356725,0.2370141038871695,1.0058823529411791,0.5-0.7
world_religions,google_gemma_7b_it,0.6198830409356725,0.2370141038871695,1.0058823529411791,0.5-0.7
world_religions,meta_llama_llama_3_70b_instruct,0.8654970760233918,0.11709666322669392,1.0058823529411738,0.7-0.9
world_religions,meta_llama_llama_3_70b_instruct,0.8713450292397661,0.11276229790161724,1.0058823529411804,0.7-0.9
world_religions,meta_llama_llama_3_70b_instruct,0.8538011695906432,0.12555899552803548,1.0058823529411738,0.7-0.9
world_religions,meta_llama_llama_3_70b_instruct,0.8771929824561403,0.10835913312693478,1.0058823529411742,0.7-0.9
world_religions,meta_llama_llama_3_70b_instruct,0.8596491228070176,0.12136222910216705,1.0058823529411753,0.7-0.9
world_religions,meta_llama_llama_3_70b_instruct,0.8421052631578947,0.13374613003095953,1.0058823529411745,0.7-0.9
world_religions,meta_llama_llama_3_70b_instruct,0.8362573099415205,0.13773649810801528,1.0058823529411776,0.7-0.9
world_religions,meta_llama_llama_3_70b_instruct,0.8421052631578947,0.13374613003095956,1.0058823529411747,0.7-0.9
world_religions,meta_llama_llama_3_70b_instruct,0.8596491228070176,0.12136222910216705,1.0058823529411753,0.7-0.9
world_religions,meta_llama_llama_3_70b_instruct,0.8654970760233918,0.1170966632266939,1.0058823529411738,0.7-0.9
world_religions,meta_llama_llama_3_70b_instruct,0.8538011695906432,0.1255589955280354,1.0058823529411731,0.7-0.9
world_religions,meta_llama_llama_3_70b_instruct,0.8538011695906432,0.1255589955280354,1.0058823529411731,0.7-0.9
world_religions,meta_llama_llama_3_70b_instruct,0.8538011695906432,0.1255589955280354,1.0058823529411731,0.7-0.9
world_religions,meta_llama_llama_3_70b_instruct,0.8538011695906432,0.1255589955280354,1.0058823529411731,0.7-0.9
world_religions,meta_llama_llama_3_70b_instruct,0.8713450292397661,0.11276229790161724,1.0058823529411804,0.7-0.9
world_religions,meta_llama_llama_3_70b_instruct,0.8538011695906432,0.1255589955280354,1.0058823529411731,0.7-0.9
world_religions,meta_llama_llama_3_70b_instruct,0.8538011695906432,0.1255589955280354,1.0058823529411731,0.7-0.9
world_religions,meta_llama_llama_3_70b_instruct,0.8596491228070176,0.12136222910216705,1.0058823529411753,0.7-0.9
world_religions,meta_llama_llama_3_70b_instruct,0.8596491228070176,0.12136222910216705,1.0058823529411753,0.7-0.9
world_religions,meta_llama_llama_3_70b_instruct,0.8538011695906432,0.1255589955280354,1.0058823529411731,0.7-0.9
world_religions,meta_llama_llama_3_70b_instruct,0.8538011695906432,0.1255589955280354,1.0058823529411731,0.7-0.9
world_religions,meta_llama_llama_3_70b_instruct,0.8654970760233918,0.1170966632266939,1.0058823529411738,0.7-0.9
world_religions,meta_llama_llama_3_70b_instruct,0.8596491228070176,0.12136222910216705,1.0058823529411753,0.7-0.9
world_religions,meta_llama_llama_3_70b_instruct,0.847953216374269,0.12968696250429962,1.005882352941174,0.7-0.9
world_religions,meta_llama_llama_3_70b_instruct,0.847953216374269,0.12968696250429962,1.005882352941174,0.7-0.9
world_religions,meta_llama_llama_3_70b_instruct,0.8538011695906432,0.1255589955280354,1.0058823529411731,0.7-0.9
world_religions,meta_llama_llama_3_70b_instruct,0.8596491228070176,0.12136222910216705,1.0058823529411753,0.7-0.9
world_religions,meta_llama_llama_3_70b_instruct,0.8596491228070176,0.12136222910216705,1.0058823529411753,0.7-0.9
world_religions,meta_llama_llama_3_70b_instruct,0.8713450292397661,0.11276229790161724,1.0058823529411804,0.7-0.9
world_religions,meta_llama_llama_3_70b_instruct,0.8713450292397661,0.11276229790161724,1.0058823529411804,0.7-0.9
world_religions,meta_llama_llama_3_70b_instruct,0.8654970760233918,0.11709666322669392,1.0058823529411738,0.7-0.9
world_religions,meta_llama_llama_3_70b_instruct,0.8830409356725146,0.1038871689026486,1.005882352941175,0.7-0.9
world_religions,meta_llama_llama_3_70b_instruct,0.8947368421052632,0.09473684210526345,1.0058823529411798,0.7-0.9
world_religions,meta_llama_llama_3_70b_instruct,0.8947368421052632,0.09473684210526345,1.0058823529411798,0.7-0.9
world_religions,meta_llama_llama_3_70b_instruct,0.8888888888888888,0.09934640522875775,1.0058823529411718,0.7-0.9
world_religions,meta_llama_llama_3_70b_instruct,0.8888888888888888,0.09934640522875779,1.0058823529411722,0.7-0.9
world_religions,meta_llama_llama_3_70b_instruct,0.8830409356725146,0.10388716890264864,1.0058823529411751,0.7-0.9
world_religions,meta_llama_llama_3_70b_instruct,0.8771929824561403,0.10835913312693511,1.0058823529411773,0.7-0.9
world_religions,meta_llama_llama_3_70b_instruct,0.8830409356725146,0.1038871689026486,1.005882352941175,0.7-0.9
world_religions,meta_llama_llama_3_70b_instruct,0.8771929824561403,0.10835913312693511,1.0058823529411773,0.7-0.9
world_religions,meta_llama_llama_3_70b_instruct,0.8888888888888888,0.09934640522875779,1.0058823529411722,0.7-0.9
world_religions,meta_llama_llama_3_70b_instruct,0.8830409356725146,0.1038871689026486,1.005882352941175,0.7-0.9
world_religions,meta_llama_llama_3_70b_instruct,0.8830409356725146,0.10388716890264864,1.0058823529411751,0.7-0.9
world_religions,meta_llama_llama_3_70b_instruct,0.8947368421052632,0.09473684210526345,1.0058823529411798,0.7-0.9
world_religions,meta_llama_llama_3_70b_instruct,0.8888888888888888,0.09934640522875779,1.0058823529411722,0.7-0.9
world_religions,meta_llama_llama_3_70b_instruct,0.8947368421052632,0.09473684210526345,1.0058823529411798,0.7-0.9
world_religions,meta_llama_llama_3_70b_instruct,0.8888888888888888,0.09934640522875779,1.0058823529411722,0.7-0.9
world_religions,meta_llama_llama_3_70b_instruct,0.8947368421052632,0.09473684210526345,1.0058823529411798,0.7-0.9
world_religions,meta_llama_llama_3_70b_instruct,0.8947368421052632,0.09473684210526345,1.0058823529411798,0.7-0.9
world_religions,meta_llama_llama_3_70b_instruct,0.8830409356725146,0.10388716890264868,1.0058823529411756,0.7-0.9
world_religions,meta_llama_llama_3_70b_instruct,0.8888888888888888,0.09934640522875779,1.0058823529411722,0.7-0.9
world_religions,meta_llama_llama_3_70b_instruct,0.8888888888888888,0.09934640522875775,1.0058823529411718,0.7-0.9
world_religions,meta_llama_llama_3_70b_instruct,0.8947368421052632,0.09473684210526345,1.0058823529411798,0.7-0.9
world_religions,meta_llama_llama_3_70b_instruct,0.8947368421052632,0.09473684210526345,1.0058823529411798,0.7-0.9
world_religions,meta_llama_llama_3_70b_instruct,0.8888888888888888,0.09934640522875779,1.0058823529411722,0.7-0.9
world_religions,meta_llama_llama_3_70b_instruct,0.8888888888888888,0.09934640522875779,1.0058823529411722,0.7-0.9
world_religions,meta_llama_llama_3_70b_instruct,0.8830409356725146,0.1038871689026486,1.005882352941175,0.7-0.9
world_religions,meta_llama_llama_3_70b_instruct,0.8888888888888888,0.09934640522875779,1.0058823529411722,0.7-0.9
world_religions,meta_llama_llama_3_70b_instruct,0.8771929824561403,0.10835913312693515,1.0058823529411776,0.7-0.9
world_religions,meta_llama_llama_3_70b_instruct,0.8947368421052632,0.09473684210526345,1.0058823529411798,0.7-0.9
world_religions,meta_llama_llama_3_70b_instruct,0.9005847953216374,0.0900584795321634,1.005882352941172,0.9-0.99
world_religions,meta_llama_llama_3_70b_instruct,0.8888888888888888,0.09934640522875779,1.0058823529411722,0.7-0.9
world_religions,meta_llama_llama_3_70b_instruct,0.8830409356725146,0.10388716890264864,1.0058823529411751,0.7-0.9
world_religions,meta_llama_llama_3_70b_instruct,0.8947368421052632,0.09473684210526345,1.0058823529411798,0.7-0.9
world_religions,meta_llama_llama_3_70b_instruct,0.8947368421052632,0.09473684210526345,1.0058823529411798,0.7-0.9
world_religions,meta_llama_llama_3_70b_instruct,0.8830409356725146,0.10388716890264864,1.0058823529411751,0.7-0.9
world_religions,meta_llama_llama_3_70b_instruct,0.8947368421052632,0.09473684210526347,1.0058823529411798,0.7-0.9
world_religions,meta_llama_llama_3_70b_instruct,0.8830409356725146,0.10388716890264864,1.0058823529411751,0.7-0.9
world_religions,meta_llama_llama_3_70b_instruct,0.8830409356725146,0.10388716890264868,1.0058823529411756,0.7-0.9
world_religions,meta_llama_llama_3_70b_instruct,0.8888888888888888,0.09934640522875779,1.0058823529411722,0.7-0.9
world_religions,meta_llama_llama_3_70b_instruct,0.8830409356725146,0.10388716890264868,1.0058823529411756,0.7-0.9
world_religions,meta_llama_llama_3_70b_instruct,0.8888888888888888,0.09934640522875779,1.0058823529411722,0.7-0.9
world_religions,meta_llama_llama_3_70b_instruct,0.8830409356725146,0.10388716890264864,1.0058823529411751,0.7-0.9
world_religions,meta_llama_llama_3_70b_instruct,0.8888888888888888,0.09934640522875779,1.0058823529411722,0.7-0.9
world_religions,meta_llama_llama_3_70b_instruct,0.8888888888888888,0.09934640522875779,1.0058823529411722,0.7-0.9
world_religions,meta_llama_llama_3_70b_instruct,0.8888888888888888,0.09934640522875775,1.0058823529411718,0.7-0.9
world_religions,meta_llama_llama_3_70b_instruct,0.8830409356725146,0.10388716890264857,1.0058823529411745,0.7-0.9
world_religions,meta_llama_llama_3_70b_instruct,0.8888888888888888,0.09934640522875775,1.0058823529411718,0.7-0.9
world_religions,meta_llama_llama_3_70b_instruct,0.8947368421052632,0.09473684210526347,1.0058823529411798,0.7-0.9
world_religions,meta_llama_llama_3_70b_instruct,0.8888888888888888,0.09934640522875775,1.0058823529411718,0.7-0.9
world_religions,meta_llama_llama_3_70b_instruct,0.8947368421052632,0.09473684210526347,1.0058823529411798,0.7-0.9
world_religions,meta_llama_llama_3_70b_instruct,0.8947368421052632,0.09473684210526347,1.0058823529411798,0.7-0.9
world_religions,meta_llama_llama_3_70b_instruct,0.8830409356725146,0.10388716890264857,1.0058823529411745,0.7-0.9
world_religions,meta_llama_llama_3_70b_instruct,0.8713450292397661,0.11276229790161686,1.0058823529411771,0.7-0.9
world_religions,meta_llama_llama_3_70b_instruct,0.8771929824561403,0.10835913312693515,1.0058823529411776,0.7-0.9
world_religions,meta_llama_llama_3_70b_instruct,0.8771929824561403,0.10835913312693515,1.0058823529411776,0.7-0.9
world_religions,meta_llama_llama_3_70b_instruct,0.8771929824561403,0.10835913312693515,1.0058823529411776,0.7-0.9
world_religions,meta_llama_llama_3_70b_instruct,0.8771929824561403,0.10835913312693515,1.0058823529411776,0.7-0.9
world_religions,meta_llama_llama_3_70b_instruct,0.8830409356725146,0.1038871689026486,1.005882352941175,0.7-0.9
world_religions,meta_llama_llama_3_70b_instruct,0.8713450292397661,0.1127622979016172,1.0058823529411802,0.7-0.9
world_religions,meta_llama_llama_3_70b_instruct,0.8771929824561403,0.10835913312693518,1.005882352941178,0.7-0.9
world_religions,meta_llama_llama_3_70b_instruct,0.9005847953216374,0.0900584795321634,1.005882352941172,0.9-0.99
world_religions,meta_llama_llama_3_70b_instruct,0.8947368421052632,0.09473684210526347,1.0058823529411798,0.7-0.9
world_religions,meta_llama_llama_3_70b_instruct,0.8947368421052632,0.09473684210526345,1.0058823529411798,0.7-0.9
world_religions,meta_llama_llama_3_70b_instruct,0.8888888888888888,0.09934640522875769,1.0058823529411713,0.7-0.9
world_religions,meta_llama_llama_3_70b_instruct,0.9005847953216374,0.0900584795321634,1.005882352941172,0.9-0.99
world_religions,meta_llama_llama_3_70b_instruct,0.9064327485380117,0.08531131750945974,1.0058823529411742,0.9-0.99
world_religions,meta_llama_llama_3_70b_instruct,0.9005847953216374,0.0900584795321634,1.005882352941172,0.9-0.99
world_religions,meta_llama_llama_3_70b_instruct,0.8888888888888888,0.09934640522875775,1.0058823529411718,0.7-0.9
world_religions,meta_llama_llama_3_70b_instruct,0.8888888888888888,0.09934640522875775,1.0058823529411718,0.7-0.9
world_religions,meta_llama_llama_3_8b_instruct,0.7543859649122807,0.18637770897832762,1.0058823529411736,0.7-0.9
world_religions,meta_llama_llama_3_8b_instruct,0.7368421052631579,0.19504643962848361,1.0058823529411798,0.7-0.9
world_religions,meta_llama_llama_3_8b_instruct,0.7368421052631579,0.19504643962848367,1.00588235294118,0.7-0.9
world_religions,meta_llama_llama_3_8b_instruct,0.7368421052631579,0.1950464396284836,1.0058823529411796,0.7-0.9
world_religions,meta_llama_llama_3_8b_instruct,0.7251461988304093,0.20048159614723135,1.0058823529411791,0.7-0.9
world_religions,meta_llama_llama_3_8b_instruct,0.7602339181286549,0.1833505331957341,1.0058823529411745,0.7-0.9
world_religions,meta_llama_llama_3_8b_instruct,0.7426900584795322,0.1922256621947022,1.0058823529411751,0.7-0.9
world_religions,meta_llama_llama_3_8b_instruct,0.7485380116959064,0.1893360853113174,1.0058823529411758,0.7-0.9
world_religions,meta_llama_llama_3_8b_instruct,0.7485380116959064,0.1893360853113174,1.0058823529411758,0.7-0.9
world_religions,meta_llama_llama_3_8b_instruct,0.7426900584795322,0.1922256621947022,1.0058823529411751,0.7-0.9
world_religions,meta_llama_llama_3_8b_instruct,0.7602339181286549,0.18335053319573408,1.0058823529411745,0.7-0.9
world_religions,meta_llama_llama_3_8b_instruct,0.7719298245614035,0.177089783281734,1.0058823529411778,0.7-0.9
world_religions,meta_llama_llama_3_8b_instruct,0.783625730994152,0.17055383556931525,1.0058823529411753,0.7-0.9
world_religions,meta_llama_llama_3_8b_instruct,0.7777777777777778,0.17385620915032698,1.0058823529411776,0.7-0.9
world_religions,meta_llama_llama_3_8b_instruct,0.7719298245614035,0.177089783281734,1.0058823529411778,0.7-0.9
world_religions,meta_llama_llama_3_8b_instruct,0.7660818713450293,0.18025455796353582,1.0058823529411738,0.7-0.9
world_religions,meta_llama_llama_3_8b_instruct,0.7543859649122807,0.18637770897832764,1.0058823529411738,0.7-0.9
world_religions,meta_llama_llama_3_8b_instruct,0.783625730994152,0.17055383556931522,1.0058823529411751,0.7-0.9
world_religions,meta_llama_llama_3_8b_instruct,0.783625730994152,0.17055383556931522,1.0058823529411751,0.7-0.9
world_religions,meta_llama_llama_3_8b_instruct,0.7660818713450293,0.18025455796353582,1.0058823529411738,0.7-0.9
world_religions,meta_llama_llama_3_8b_instruct,0.7660818713450293,0.18025455796353582,1.0058823529411738,0.7-0.9
world_religions,meta_llama_llama_3_8b_instruct,0.7602339181286549,0.18335053319573408,1.0058823529411745,0.7-0.9
world_religions,meta_llama_llama_3_8b_instruct,0.7309941520467836,0.19779841761265882,1.0058823529411751,0.7-0.9
world_religions,meta_llama_llama_3_8b_instruct,0.7368421052631579,0.19504643962848361,1.0058823529411798,0.7-0.9
world_religions,meta_llama_llama_3_8b_instruct,0.7368421052631579,0.19504643962848361,1.0058823529411798,0.7-0.9
world_religions,meta_llama_llama_3_8b_instruct,0.7368421052631579,0.19504643962848361,1.0058823529411798,0.7-0.9
world_religions,meta_llama_llama_3_8b_instruct,0.7543859649122807,0.18637770897832764,1.0058823529411738,0.7-0.9
world_religions,meta_llama_llama_3_8b_instruct,0.7543859649122807,0.18637770897832764,1.0058823529411738,0.7-0.9
world_religions,meta_llama_llama_3_8b_instruct,0.7602339181286549,0.18335053319573408,1.0058823529411745,0.7-0.9
world_religions,meta_llama_llama_3_8b_instruct,0.7660818713450293,0.1802545579635358,1.0058823529411738,0.7-0.9
world_religions,meta_llama_llama_3_8b_instruct,0.7485380116959064,0.1893360853113174,1.0058823529411758,0.7-0.9
world_religions,meta_llama_llama_3_8b_instruct,0.7543859649122807,0.1863777089783276,1.0058823529411733,0.7-0.9
world_religions,meta_llama_llama_3_8b_instruct,0.7309941520467836,0.19779841761265882,1.0058823529411751,0.7-0.9
world_religions,meta_llama_llama_3_8b_instruct,0.7485380116959064,0.1893360853113174,1.0058823529411758,0.7-0.9
world_religions,meta_llama_llama_3_8b_instruct,0.7426900584795322,0.1922256621947022,1.0058823529411751,0.7-0.9
world_religions,meta_llama_llama_3_8b_instruct,0.7543859649122807,0.1863777089783276,1.0058823529411733,0.7-0.9
world_religions,meta_llama_llama_3_8b_instruct,0.695906432748538,0.2128654970760236,1.0058823529411776,0.5-0.7
world_religions,meta_llama_llama_3_8b_instruct,0.7192982456140351,0.2030959752321978,1.005882352941175,0.7-0.9
world_religions,meta_llama_llama_3_8b_instruct,0.7076023391812866,0.20811833505331967,1.0058823529411771,0.7-0.9
world_religions,meta_llama_llama_3_8b_instruct,0.7134502923976608,0.20564155486756083,1.0058823529411753,0.7-0.9
world_religions,meta_llama_llama_3_8b_instruct,0.7309941520467836,0.19779841761265887,1.0058823529411753,0.7-0.9
world_religions,meta_llama_llama_3_8b_instruct,0.7134502923976608,0.20564155486756083,1.0058823529411753,0.7-0.9
world_religions,meta_llama_llama_3_8b_instruct,0.7076023391812866,0.2081183350533198,1.0058823529411778,0.7-0.9
world_religions,meta_llama_llama_3_8b_instruct,0.7134502923976608,0.2056415548675608,1.0058823529411751,0.7-0.9
world_religions,meta_llama_llama_3_8b_instruct,0.7134502923976608,0.20564155486756083,1.0058823529411753,0.7-0.9
world_religions,meta_llama_llama_3_8b_instruct,0.7192982456140351,0.2030959752321978,1.005882352941175,0.7-0.9
world_religions,meta_llama_llama_3_8b_instruct,0.7368421052631579,0.19504643962848361,1.0058823529411798,0.7-0.9
world_religions,meta_llama_llama_3_8b_instruct,0.7192982456140351,0.2030959752321978,1.005882352941175,0.7-0.9
world_religions,meta_llama_llama_3_8b_instruct,0.7309941520467836,0.19779841761265887,1.0058823529411753,0.7-0.9
world_religions,meta_llama_llama_3_8b_instruct,0.7192982456140351,0.2030959752321978,1.005882352941175,0.7-0.9
world_religions,meta_llama_llama_3_8b_instruct,0.7309941520467836,0.19779841761265882,1.0058823529411751,0.7-0.9
world_religions,meta_llama_llama_3_8b_instruct,0.7368421052631579,0.19504643962848361,1.0058823529411798,0.7-0.9
world_religions,meta_llama_llama_3_8b_instruct,0.7192982456140351,0.2030959752321978,1.005882352941175,0.7-0.9
world_religions,meta_llama_llama_3_8b_instruct,0.7426900584795322,0.1922256621947022,1.0058823529411751,0.7-0.9
world_religions,meta_llama_llama_3_8b_instruct,0.7251461988304093,0.20048159614723135,1.0058823529411791,0.7-0.9
world_religions,meta_llama_llama_3_8b_instruct,0.7368421052631579,0.19504643962848361,1.0058823529411798,0.7-0.9
world_religions,meta_llama_llama_3_8b_instruct,0.7192982456140351,0.2030959752321978,1.005882352941175,0.7-0.9
world_religions,meta_llama_llama_3_8b_instruct,0.7426900584795322,0.1922256621947022,1.0058823529411751,0.7-0.9
world_religions,meta_llama_llama_3_8b_instruct,0.7309941520467836,0.19779841761265873,1.0058823529411747,0.7-0.9
world_religions,meta_llama_llama_3_8b_instruct,0.7134502923976608,0.20564155486756075,1.005882352941175,0.7-0.9
world_religions,meta_llama_llama_3_8b_instruct,0.7426900584795322,0.1922256621947022,1.0058823529411751,0.7-0.9
world_religions,meta_llama_llama_3_8b_instruct,0.7251461988304093,0.20048159614723135,1.0058823529411791,0.7-0.9
world_religions,meta_llama_llama_3_8b_instruct,0.7251461988304093,0.20048159614723135,1.0058823529411791,0.7-0.9
world_religions,meta_llama_llama_3_8b_instruct,0.7543859649122807,0.1863777089783276,1.0058823529411733,0.7-0.9
world_religions,meta_llama_llama_3_8b_instruct,0.7426900584795322,0.1922256621947022,1.0058823529411751,0.7-0.9
world_religions,meta_llama_llama_3_8b_instruct,0.7134502923976608,0.20564155486756075,1.005882352941175,0.7-0.9
world_religions,meta_llama_llama_3_8b_instruct,0.7309941520467836,0.19779841761265882,1.0058823529411751,0.7-0.9
world_religions,meta_llama_llama_3_8b_instruct,0.7192982456140351,0.2030959752321978,1.005882352941175,0.7-0.9
world_religions,meta_llama_llama_3_8b_instruct,0.7192982456140351,0.2030959752321978,1.005882352941175,0.7-0.9
world_religions,meta_llama_llama_3_8b_instruct,0.7251461988304093,0.20048159614723135,1.0058823529411791,0.7-0.9
world_religions,meta_llama_llama_3_8b_instruct,0.7309941520467836,0.1977984176126588,1.005882352941175,0.7-0.9
world_religions,meta_llama_llama_3_8b_instruct,0.7192982456140351,0.2030959752321978,1.005882352941175,0.7-0.9
world_religions,meta_llama_llama_3_8b_instruct,0.7076023391812866,0.20811833505331975,1.0058823529411773,0.7-0.9
world_religions,meta_llama_llama_3_8b_instruct,0.7309941520467836,0.1977984176126588,1.005882352941175,0.7-0.9
world_religions,meta_llama_llama_3_8b_instruct,0.783625730994152,0.17055383556931525,1.0058823529411753,0.7-0.9
world_religions,meta_llama_llama_3_8b_instruct,0.8011695906432749,0.16023391812865515,1.0058823529411778,0.7-0.9
world_religions,meta_llama_llama_3_8b_instruct,0.7777777777777778,0.17385620915032693,1.0058823529411773,0.7-0.9
world_religions,meta_llama_llama_3_8b_instruct,0.7953216374269005,0.16374269005847933,1.0058823529411751,0.7-0.9
world_religions,meta_llama_llama_3_8b_instruct,0.7953216374269005,0.16374269005847938,1.0058823529411753,0.7-0.9
world_religions,meta_llama_llama_3_8b_instruct,0.8011695906432749,0.16023391812865515,1.0058823529411778,0.7-0.9
world_religions,meta_llama_llama_3_8b_instruct,0.8070175438596491,0.15665634674922618,1.0058823529411773,0.7-0.9
world_religions,meta_llama_llama_3_8b_instruct,0.7777777777777778,0.1738562091503269,1.0058823529411771,0.7-0.9
world_religions,meta_llama_llama_3_8b_instruct,0.7777777777777778,0.173856209150327,1.0058823529411778,0.7-0.9
world_religions,meta_llama_llama_3_8b_instruct,0.7543859649122807,0.1863777089783276,1.0058823529411733,0.7-0.9
world_religions,meta_llama_llama_3_8b_instruct,0.783625730994152,0.17055383556931522,1.0058823529411751,0.7-0.9
world_religions,meta_llama_llama_3_8b_instruct,0.7894736842105263,0.16718266253869943,1.005882352941175,0.7-0.9
world_religions,meta_llama_llama_3_8b_instruct,0.783625730994152,0.17055383556931522,1.0058823529411751,0.7-0.9
world_religions,meta_llama_llama_3_8b_instruct,0.783625730994152,0.17055383556931525,1.0058823529411753,0.7-0.9
world_religions,meta_llama_llama_3_8b_instruct,0.7777777777777778,0.173856209150327,1.0058823529411778,0.7-0.9
world_religions,meta_llama_llama_3_8b_instruct,0.7543859649122807,0.18637770897832764,1.0058823529411738,0.7-0.9
world_religions,meta_llama_llama_3_8b_instruct,0.7719298245614035,0.177089783281734,1.0058823529411778,0.7-0.9
world_religions,meta_llama_llama_3_8b_instruct,0.7309941520467836,0.19779841761265873,1.0058823529411747,0.7-0.9
world_religions,meta_llama_llama_3_8b_instruct,0.7485380116959064,0.1893360853113174,1.0058823529411758,0.7-0.9
world_religions,meta_llama_llama_3_8b_instruct,0.7485380116959064,0.1893360853113174,1.0058823529411758,0.7-0.9
world_religions,meta_llama_llama_3_8b_instruct,0.7426900584795322,0.1922256621947022,1.0058823529411751,0.7-0.9
world_religions,meta_llama_llama_3_8b_instruct,0.7251461988304093,0.20048159614723138,1.0058823529411791,0.7-0.9
world_religions,meta_llama_llama_3_8b_instruct,0.7426900584795322,0.1922256621947022,1.0058823529411751,0.7-0.9
world_religions,meta_llama_llama_3_8b_instruct,0.7543859649122807,0.1863777089783276,1.0058823529411733,0.7-0.9
world_religions,meta_llama_llama_3_8b_instruct,0.7543859649122807,0.1863777089783276,1.0058823529411733,0.7-0.9
world_religions,meta_llama_llama_3_8b_instruct,0.7368421052631579,0.1950464396284837,1.0058823529411802,0.7-0.9
world_religions,mistralai_mistral_7b_instruct_v0_2,0.783625730994152,0.17055383556931517,1.0058823529411747,0.7-0.9
world_religions,mistralai_mistral_7b_instruct_v0_2,0.7894736842105263,0.16718266253869937,1.0058823529411747,0.7-0.9
world_religions,mistralai_mistral_7b_instruct_v0_2,0.7777777777777778,0.17385620915032696,1.0058823529411776,0.7-0.9
world_religions,mistralai_mistral_7b_instruct_v0_2,0.7953216374269005,0.16374269005847933,1.0058823529411751,0.7-0.9
world_religions,mistralai_mistral_7b_instruct_v0_2,0.7660818713450293,0.18025455796353573,1.0058823529411733,0.7-0.9
world_religions,mistralai_mistral_7b_instruct_v0_2,0.7777777777777778,0.17385620915032696,1.0058823529411776,0.7-0.9
world_religions,mistralai_mistral_7b_instruct_v0_2,0.7660818713450293,0.18025455796353573,1.0058823529411733,0.7-0.9
world_religions,mistralai_mistral_7b_instruct_v0_2,0.7602339181286549,0.18335053319573408,1.0058823529411745,0.7-0.9
world_religions,mistralai_mistral_7b_instruct_v0_2,0.7777777777777778,0.17385620915032696,1.0058823529411776,0.7-0.9
world_religions,mistralai_mistral_7b_instruct_v0_2,0.783625730994152,0.1705538355693152,1.005882352941175,0.7-0.9
world_religions,mistralai_mistral_7b_instruct_v0_2,0.7777777777777778,0.17385620915032696,1.0058823529411776,0.7-0.9
world_religions,mistralai_mistral_7b_instruct_v0_2,0.783625730994152,0.17055383556931522,1.0058823529411751,0.7-0.9
world_religions,mistralai_mistral_7b_instruct_v0_2,0.7719298245614035,0.17708978328173397,1.0058823529411778,0.7-0.9
world_religions,mistralai_mistral_7b_instruct_v0_2,0.7777777777777778,0.1738562091503269,1.0058823529411771,0.7-0.9
world_religions,mistralai_mistral_7b_instruct_v0_2,0.7660818713450293,0.18025455796353573,1.0058823529411733,0.7-0.9
world_religions,mistralai_mistral_7b_instruct_v0_2,0.783625730994152,0.17055383556931522,1.0058823529411751,0.7-0.9
world_religions,mistralai_mistral_7b_instruct_v0_2,0.7719298245614035,0.17708978328173397,1.0058823529411778,0.7-0.9
world_religions,mistralai_mistral_7b_instruct_v0_2,0.7777777777777778,0.17385620915032696,1.0058823529411776,0.7-0.9
world_religions,mistralai_mistral_7b_instruct_v0_2,0.7777777777777778,0.1738562091503269,1.0058823529411771,0.7-0.9
world_religions,mistralai_mistral_7b_instruct_v0_2,0.783625730994152,0.17055383556931522,1.0058823529411751,0.7-0.9
world_religions,mistralai_mistral_7b_instruct_v0_2,0.7719298245614035,0.17708978328173397,1.0058823529411778,0.7-0.9
world_religions,mistralai_mistral_7b_instruct_v0_2,0.783625730994152,0.17055383556931522,1.0058823529411751,0.7-0.9
world_religions,mistralai_mistral_7b_instruct_v0_2,0.7953216374269005,0.16374269005847933,1.0058823529411751,0.7-0.9
world_religions,mistralai_mistral_7b_instruct_v0_2,0.7719298245614035,0.17708978328173397,1.0058823529411778,0.7-0.9
world_religions,mistralai_mistral_7b_instruct_v0_2,0.7777777777777778,0.1738562091503269,1.0058823529411771,0.7-0.9
world_religions,mistralai_mistral_7b_instruct_v0_2,0.7894736842105263,0.16718266253869937,1.0058823529411747,0.7-0.9
world_religions,mistralai_mistral_7b_instruct_v0_2,0.7485380116959064,0.1893360853113174,1.0058823529411758,0.7-0.9
world_religions,mistralai_mistral_7b_instruct_v0_2,0.8070175438596491,0.15665634674922618,1.0058823529411773,0.7-0.9
world_religions,mistralai_mistral_7b_instruct_v0_2,0.7543859649122807,0.1863777089783276,1.0058823529411733,0.7-0.9
world_religions,mistralai_mistral_7b_instruct_v0_2,0.7543859649122807,0.1863777089783276,1.0058823529411733,0.7-0.9
world_religions,mistralai_mistral_7b_instruct_v0_2,0.7485380116959064,0.1893360853113174,1.0058823529411758,0.7-0.9
world_religions,mistralai_mistral_7b_instruct_v0_2,0.7777777777777778,0.1738562091503269,1.0058823529411771,0.7-0.9
world_religions,mistralai_mistral_7b_instruct_v0_2,0.8011695906432749,0.16023391812865512,1.0058823529411776,0.7-0.9
world_religions,mistralai_mistral_7b_instruct_v0_2,0.8011695906432749,0.16023391812865512,1.0058823529411776,0.7-0.9
world_religions,mistralai_mistral_7b_instruct_v0_2,0.7953216374269005,0.16374269005847938,1.0058823529411753,0.7-0.9
world_religions,mistralai_mistral_7b_instruct_v0_2,0.7719298245614035,0.17708978328173397,1.0058823529411778,0.7-0.9
world_religions,mistralai_mistral_7b_instruct_v0_2,0.7953216374269005,0.16374269005847933,1.0058823529411751,0.7-0.9
world_religions,mistralai_mistral_7b_instruct_v0_2,0.8011695906432749,0.16023391812865512,1.0058823529411776,0.7-0.9
world_religions,mistralai_mistral_7b_instruct_v0_2,0.8011695906432749,0.16023391812865515,1.0058823529411778,0.7-0.9
world_religions,mistralai_mistral_7b_instruct_v0_2,0.8070175438596491,0.15665634674922618,1.0058823529411773,0.7-0.9
world_religions,mistralai_mistral_7b_instruct_v0_2,0.7894736842105263,0.1671826625386994,1.0058823529411747,0.7-0.9
world_religions,mistralai_mistral_7b_instruct_v0_2,0.783625730994152,0.17055383556931522,1.0058823529411751,0.7-0.9
world_religions,mistralai_mistral_7b_instruct_v0_2,0.783625730994152,0.17055383556931525,1.0058823529411753,0.7-0.9
world_religions,mistralai_mistral_7b_instruct_v0_2,0.7894736842105263,0.1671826625386994,1.0058823529411747,0.7-0.9
world_religions,mistralai_mistral_7b_instruct_v0_2,0.7894736842105263,0.16718266253869937,1.0058823529411747,0.7-0.9
world_religions,mistralai_mistral_7b_instruct_v0_2,0.7894736842105263,0.1671826625386994,1.0058823529411747,0.7-0.9
world_religions,mistralai_mistral_7b_instruct_v0_2,0.7719298245614035,0.177089783281734,1.0058823529411778,0.7-0.9
world_religions,mistralai_mistral_7b_instruct_v0_2,0.7953216374269005,0.16374269005847933,1.0058823529411751,0.7-0.9
world_religions,mistralai_mistral_7b_instruct_v0_2,0.7953216374269005,0.16374269005847933,1.0058823529411751,0.7-0.9
world_religions,mistralai_mistral_7b_instruct_v0_2,0.8011695906432749,0.16023391812865515,1.0058823529411778,0.7-0.9
world_religions,mistralai_mistral_7b_instruct_v0_2,0.7894736842105263,0.1671826625386994,1.0058823529411747,0.7-0.9
world_religions,mistralai_mistral_7b_instruct_v0_2,0.8011695906432749,0.16023391812865512,1.0058823529411776,0.7-0.9
world_religions,mistralai_mistral_7b_instruct_v0_2,0.8011695906432749,0.16023391812865512,1.0058823529411776,0.7-0.9
world_religions,mistralai_mistral_7b_instruct_v0_2,0.8011695906432749,0.16023391812865512,1.0058823529411776,0.7-0.9
world_religions,mistralai_mistral_7b_instruct_v0_2,0.7953216374269005,0.16374269005847933,1.0058823529411751,0.7-0.9
world_religions,mistralai_mistral_7b_instruct_v0_2,0.7894736842105263,0.1671826625386994,1.0058823529411747,0.7-0.9
world_religions,mistralai_mistral_7b_instruct_v0_2,0.8011695906432749,0.16023391812865512,1.0058823529411776,0.7-0.9
world_religions,mistralai_mistral_7b_instruct_v0_2,0.8011695906432749,0.16023391812865512,1.0058823529411776,0.7-0.9
world_religions,mistralai_mistral_7b_instruct_v0_2,0.783625730994152,0.17055383556931522,1.0058823529411751,0.7-0.9
world_religions,mistralai_mistral_7b_instruct_v0_2,0.7894736842105263,0.1671826625386994,1.0058823529411747,0.7-0.9
world_religions,mistralai_mistral_7b_instruct_v0_2,0.7894736842105263,0.1671826625386994,1.0058823529411747,0.7-0.9
world_religions,mistralai_mistral_7b_instruct_v0_2,0.7953216374269005,0.16374269005847933,1.0058823529411751,0.7-0.9
world_religions,mistralai_mistral_7b_instruct_v0_2,0.7894736842105263,0.1671826625386994,1.0058823529411747,0.7-0.9
world_religions,mistralai_mistral_7b_instruct_v0_2,0.7894736842105263,0.1671826625386994,1.0058823529411747,0.7-0.9
world_religions,mistralai_mistral_7b_instruct_v0_2,0.783625730994152,0.17055383556931525,1.0058823529411753,0.7-0.9
world_religions,mistralai_mistral_7b_instruct_v0_2,0.8011695906432749,0.16023391812865512,1.0058823529411776,0.7-0.9
world_religions,mistralai_mistral_7b_instruct_v0_2,0.7894736842105263,0.1671826625386994,1.0058823529411747,0.7-0.9
world_religions,mistralai_mistral_7b_instruct_v0_2,0.7894736842105263,0.1671826625386994,1.0058823529411747,0.7-0.9
world_religions,mistralai_mistral_7b_instruct_v0_2,0.7894736842105263,0.16718266253869937,1.0058823529411747,0.7-0.9
world_religions,mistralai_mistral_7b_instruct_v0_2,0.7894736842105263,0.16718266253869937,1.0058823529411747,0.7-0.9
world_religions,mistralai_mistral_7b_instruct_v0_2,0.783625730994152,0.17055383556931517,1.0058823529411747,0.7-0.9
world_religions,mistralai_mistral_7b_instruct_v0_2,0.7894736842105263,0.1671826625386994,1.0058823529411747,0.7-0.9
world_religions,mistralai_mistral_7b_instruct_v0_2,0.7894736842105263,0.1671826625386994,1.0058823529411747,0.7-0.9
world_religions,mistralai_mistral_7b_instruct_v0_2,0.7894736842105263,0.1671826625386994,1.0058823529411747,0.7-0.9
world_religions,mistralai_mistral_7b_instruct_v0_2,0.7953216374269005,0.16374269005847933,1.0058823529411751,0.7-0.9
world_religions,mistralai_mistral_7b_instruct_v0_2,0.8011695906432749,0.16023391812865512,1.0058823529411776,0.7-0.9
world_religions,mistralai_mistral_7b_instruct_v0_2,0.7719298245614035,0.17708978328173397,1.0058823529411778,0.7-0.9
world_religions,mistralai_mistral_7b_instruct_v0_2,0.7894736842105263,0.1671826625386994,1.0058823529411747,0.7-0.9
world_religions,mistralai_mistral_7b_instruct_v0_2,0.7894736842105263,0.16718266253869937,1.0058823529411747,0.7-0.9
world_religions,mistralai_mistral_7b_instruct_v0_2,0.8011695906432749,0.16023391812865512,1.0058823529411776,0.7-0.9
world_religions,mistralai_mistral_7b_instruct_v0_2,0.7777777777777778,0.17385620915032696,1.0058823529411776,0.7-0.9
world_religions,mistralai_mistral_7b_instruct_v0_2,0.783625730994152,0.17055383556931517,1.0058823529411747,0.7-0.9
world_religions,mistralai_mistral_7b_instruct_v0_2,0.7660818713450293,0.18025455796353573,1.0058823529411733,0.7-0.9
world_religions,mistralai_mistral_7b_instruct_v0_2,0.7894736842105263,0.1671826625386994,1.0058823529411747,0.7-0.9
world_religions,mistralai_mistral_7b_instruct_v0_2,0.783625730994152,0.17055383556931517,1.0058823529411747,0.7-0.9
world_religions,mistralai_mistral_7b_instruct_v0_2,0.783625730994152,0.17055383556931517,1.0058823529411747,0.7-0.9
world_religions,mistralai_mistral_7b_instruct_v0_2,0.783625730994152,0.17055383556931517,1.0058823529411747,0.7-0.9
world_religions,mistralai_mistral_7b_instruct_v0_2,0.7777777777777778,0.17385620915032696,1.0058823529411776,0.7-0.9
world_religions,mistralai_mistral_7b_instruct_v0_2,0.7485380116959064,0.1893360853113174,1.0058823529411758,0.7-0.9
world_religions,mistralai_mistral_7b_instruct_v0_2,0.7777777777777778,0.17385620915032696,1.0058823529411776,0.7-0.9
world_religions,mistralai_mistral_7b_instruct_v0_2,0.7660818713450293,0.18025455796353573,1.0058823529411733,0.7-0.9
world_religions,mistralai_mistral_7b_instruct_v0_2,0.783625730994152,0.17055383556931522,1.0058823529411751,0.7-0.9
world_religions,mistralai_mistral_7b_instruct_v0_2,0.783625730994152,0.17055383556931522,1.0058823529411751,0.7-0.9
world_religions,mistralai_mistral_7b_instruct_v0_2,0.8011695906432749,0.16023391812865515,1.0058823529411778,0.7-0.9
world_religions,mistralai_mistral_7b_instruct_v0_2,0.7953216374269005,0.16374269005847925,1.0058823529411747,0.7-0.9
world_religions,mistralai_mistral_7b_instruct_v0_2,0.7777777777777778,0.1738562091503269,1.0058823529411771,0.7-0.9
world_religions,mistralai_mistral_7b_instruct_v0_2,0.7777777777777778,0.1738562091503269,1.0058823529411771,0.7-0.9
world_religions,mistralai_mistral_7b_instruct_v0_2,0.7894736842105263,0.1671826625386994,1.0058823529411747,0.7-0.9
world_religions,mistralai_mistral_7b_instruct_v0_2,0.7719298245614035,0.17708978328173397,1.0058823529411778,0.7-0.9
world_religions,mistralai_mistral_7b_instruct_v0_2,0.783625730994152,0.17055383556931517,1.0058823529411747,0.7-0.9
world_religions,tiiuae_falcon_40b,0.7602339181286549,0.18335053319573408,1.0058823529411745,0.7-0.9
world_religions,tiiuae_falcon_40b,0.7368421052631579,0.1950464396284837,1.0058823529411802,0.7-0.9
world_religions,tiiuae_falcon_40b,0.7602339181286549,0.18335053319573408,1.0058823529411745,0.7-0.9
world_religions,tiiuae_falcon_40b,0.7485380116959064,0.18933608531131738,1.0058823529411758,0.7-0.9
world_religions,tiiuae_falcon_40b,0.783625730994152,0.17055383556931522,1.0058823529411751,0.7-0.9
world_religions,tiiuae_falcon_40b,0.7543859649122807,0.18637770897832756,1.0058823529411733,0.7-0.9
world_religions,tiiuae_falcon_40b,0.7368421052631579,0.19504643962848361,1.0058823529411798,0.7-0.9
world_religions,tiiuae_falcon_40b,0.7485380116959064,0.1893360853113174,1.0058823529411758,0.7-0.9
world_religions,tiiuae_falcon_40b,0.7777777777777778,0.17385620915032685,1.005882352941177,0.7-0.9
world_religions,tiiuae_falcon_40b,0.7602339181286549,0.18335053319573408,1.0058823529411745,0.7-0.9
world_religions,tiiuae_falcon_40b,0.7719298245614035,0.177089783281734,1.0058823529411778,0.7-0.9
world_religions,tiiuae_falcon_40b,0.7660818713450293,0.18025455796353582,1.0058823529411738,0.7-0.9
world_religions,tiiuae_falcon_40b,0.7543859649122807,0.18637770897832756,1.0058823529411733,0.7-0.9
world_religions,tiiuae_falcon_40b,0.7719298245614035,0.17708978328173397,1.0058823529411778,0.7-0.9
world_religions,tiiuae_falcon_40b,0.7719298245614035,0.17708978328173397,1.0058823529411778,0.7-0.9
world_religions,tiiuae_falcon_40b,0.7602339181286549,0.18335053319573408,1.0058823529411745,0.7-0.9
world_religions,tiiuae_falcon_40b,0.7602339181286549,0.18335053319573405,1.0058823529411742,0.7-0.9
world_religions,tiiuae_falcon_40b,0.7660818713450293,0.18025455796353582,1.0058823529411738,0.7-0.9
world_religions,tiiuae_falcon_40b,0.7602339181286549,0.18335053319573408,1.0058823529411745,0.7-0.9
world_religions,tiiuae_falcon_40b,0.7485380116959064,0.18933608531131738,1.0058823529411758,0.7-0.9
world_religions,tiiuae_falcon_40b,0.7660818713450293,0.18025455796353576,1.0058823529411736,0.7-0.9
world_religions,tiiuae_falcon_40b,0.7543859649122807,0.1863777089783275,1.005882352941173,0.7-0.9
world_religions,tiiuae_falcon_40b,0.7426900584795322,0.1922256621947022,1.0058823529411751,0.7-0.9
world_religions,tiiuae_falcon_40b,0.7309941520467836,0.19779841761265882,1.0058823529411751,0.7-0.9
world_religions,tiiuae_falcon_40b,0.7485380116959064,0.1893360853113174,1.0058823529411758,0.7-0.9
world_religions,tiiuae_falcon_40b,0.7485380116959064,0.1893360853113174,1.0058823529411758,0.7-0.9
world_religions,tiiuae_falcon_40b,0.7602339181286549,0.18335053319573408,1.0058823529411745,0.7-0.9
world_religions,tiiuae_falcon_40b,0.7485380116959064,0.1893360853113174,1.0058823529411758,0.7-0.9
world_religions,tiiuae_falcon_40b,0.7309941520467836,0.19779841761265873,1.0058823529411747,0.7-0.9
world_religions,tiiuae_falcon_40b,0.7426900584795322,0.1922256621947022,1.0058823529411751,0.7-0.9
world_religions,tiiuae_falcon_40b,0.7719298245614035,0.17708978328173397,1.0058823529411778,0.7-0.9
world_religions,tiiuae_falcon_40b,0.7485380116959064,0.1893360853113174,1.0058823529411758,0.7-0.9
world_religions,tiiuae_falcon_40b,0.7719298245614035,0.17708978328173397,1.0058823529411778,0.7-0.9
world_religions,tiiuae_falcon_40b,0.7543859649122807,0.1863777089783275,1.005882352941173,0.7-0.9
world_religions,tiiuae_falcon_40b,0.7602339181286549,0.18335053319573408,1.0058823529411745,0.7-0.9
world_religions,tiiuae_falcon_40b,0.783625730994152,0.17055383556931522,1.0058823529411751,0.7-0.9
world_religions,tiiuae_falcon_40b,0.783625730994152,0.17055383556931522,1.0058823529411751,0.7-0.9
world_religions,tiiuae_falcon_40b,0.7660818713450293,0.18025455796353576,1.0058823529411736,0.7-0.9
world_religions,tiiuae_falcon_40b,0.7426900584795322,0.1922256621947022,1.0058823529411751,0.7-0.9
world_religions,tiiuae_falcon_40b,0.7426900584795322,0.1922256621947022,1.0058823529411751,0.7-0.9
world_religions,tiiuae_falcon_40b,0.7543859649122807,0.18637770897832756,1.0058823529411733,0.7-0.9
world_religions,tiiuae_falcon_40b,0.7368421052631579,0.1950464396284837,1.0058823529411802,0.7-0.9
world_religions,tiiuae_falcon_40b,0.7485380116959064,0.18933608531131746,1.0058823529411762,0.7-0.9
world_religions,tiiuae_falcon_40b,0.7485380116959064,0.1893360853113174,1.0058823529411758,0.7-0.9
world_religions,tiiuae_falcon_40b,0.7485380116959064,0.1893360853113174,1.0058823529411758,0.7-0.9
world_religions,tiiuae_falcon_40b,0.7485380116959064,0.18933608531131738,1.0058823529411758,0.7-0.9
world_religions,tiiuae_falcon_40b,0.7660818713450293,0.18025455796353576,1.0058823529411736,0.7-0.9
world_religions,tiiuae_falcon_40b,0.7660818713450293,0.18025455796353576,1.0058823529411736,0.7-0.9
world_religions,tiiuae_falcon_40b,0.7426900584795322,0.1922256621947022,1.0058823529411751,0.7-0.9
world_religions,tiiuae_falcon_40b,0.7368421052631579,0.1950464396284837,1.0058823529411802,0.7-0.9
world_religions,tiiuae_falcon_40b,0.7485380116959064,0.1893360853113174,1.0058823529411758,0.7-0.9
world_religions,tiiuae_falcon_40b,0.7485380116959064,0.1893360853113174,1.0058823529411758,0.7-0.9
world_religions,tiiuae_falcon_40b,0.7485380116959064,0.1893360853113174,1.0058823529411758,0.7-0.9
world_religions,tiiuae_falcon_40b,0.7485380116959064,0.18933608531131738,1.0058823529411758,0.7-0.9
world_religions,tiiuae_falcon_40b,0.7719298245614035,0.17708978328173397,1.0058823529411778,0.7-0.9
world_religions,tiiuae_falcon_40b,0.7660818713450293,0.18025455796353576,1.0058823529411736,0.7-0.9
world_religions,tiiuae_falcon_40b,0.7485380116959064,0.1893360853113174,1.0058823529411758,0.7-0.9
world_religions,tiiuae_falcon_40b,0.7660818713450293,0.18025455796353576,1.0058823529411736,0.7-0.9
world_religions,tiiuae_falcon_40b,0.7660818713450293,0.18025455796353576,1.0058823529411736,0.7-0.9
world_religions,tiiuae_falcon_40b,0.7426900584795322,0.1922256621947022,1.0058823529411751,0.7-0.9
world_religions,tiiuae_falcon_40b,0.7660818713450293,0.18025455796353576,1.0058823529411736,0.7-0.9
world_religions,tiiuae_falcon_40b,0.7309941520467836,0.19779841761265882,1.0058823529411751,0.7-0.9
world_religions,tiiuae_falcon_40b,0.7309941520467836,0.19779841761265882,1.0058823529411751,0.7-0.9
world_religions,tiiuae_falcon_40b,0.7602339181286549,0.18335053319573408,1.0058823529411745,0.7-0.9
world_religions,tiiuae_falcon_40b,0.7543859649122807,0.18637770897832756,1.0058823529411733,0.7-0.9
world_religions,tiiuae_falcon_40b,0.7543859649122807,0.1863777089783275,1.005882352941173,0.7-0.9
world_religions,tiiuae_falcon_40b,0.7368421052631579,0.1950464396284837,1.0058823529411802,0.7-0.9
world_religions,tiiuae_falcon_40b,0.7543859649122807,0.18637770897832756,1.0058823529411733,0.7-0.9
world_religions,tiiuae_falcon_40b,0.7543859649122807,0.18637770897832756,1.0058823529411733,0.7-0.9
world_religions,tiiuae_falcon_40b,0.7485380116959064,0.1893360853113174,1.0058823529411758,0.7-0.9
world_religions,tiiuae_falcon_40b,0.7485380116959064,0.18933608531131746,1.0058823529411762,0.7-0.9
world_religions,tiiuae_falcon_40b,0.7719298245614035,0.17708978328173397,1.0058823529411778,0.7-0.9
world_religions,tiiuae_falcon_40b,0.7602339181286549,0.18335053319573405,1.0058823529411742,0.7-0.9
world_religions,tiiuae_falcon_40b,0.7368421052631579,0.19504643962848375,1.0058823529411804,0.7-0.9
world_religions,tiiuae_falcon_40b,0.7602339181286549,0.18335053319573405,1.0058823529411742,0.7-0.9
world_religions,tiiuae_falcon_40b,0.7368421052631579,0.1950464396284837,1.0058823529411802,0.7-0.9
world_religions,tiiuae_falcon_40b,0.7602339181286549,0.18335053319573405,1.0058823529411742,0.7-0.9
world_religions,tiiuae_falcon_40b,0.7602339181286549,0.18335053319573405,1.0058823529411742,0.7-0.9
world_religions,tiiuae_falcon_40b,0.7309941520467836,0.1977984176126587,1.0058823529411745,0.7-0.9
world_religions,tiiuae_falcon_40b,0.7485380116959064,0.1893360853113174,1.0058823529411758,0.7-0.9
world_religions,tiiuae_falcon_40b,0.7426900584795322,0.1922256621947022,1.0058823529411751,0.7-0.9
world_religions,tiiuae_falcon_40b,0.7309941520467836,0.19779841761265873,1.0058823529411747,0.7-0.9
world_religions,tiiuae_falcon_40b,0.7309941520467836,0.19779841761265873,1.0058823529411747,0.7-0.9
world_religions,tiiuae_falcon_40b,0.7368421052631579,0.19504643962848367,1.00588235294118,0.7-0.9
world_religions,tiiuae_falcon_40b,0.7368421052631579,0.19504643962848367,1.00588235294118,0.7-0.9
world_religions,tiiuae_falcon_40b,0.7251461988304093,0.20048159614723143,1.0058823529411796,0.7-0.9
world_religions,tiiuae_falcon_40b,0.7426900584795322,0.1922256621947022,1.0058823529411751,0.7-0.9
world_religions,tiiuae_falcon_40b,0.7309941520467836,0.19779841761265873,1.0058823529411747,0.7-0.9
world_religions,tiiuae_falcon_40b,0.7368421052631579,0.19504643962848367,1.00588235294118,0.7-0.9
world_religions,tiiuae_falcon_40b,0.7543859649122807,0.18637770897832756,1.0058823529411733,0.7-0.9
world_religions,tiiuae_falcon_40b,0.7368421052631579,0.1950464396284837,1.0058823529411802,0.7-0.9
world_religions,tiiuae_falcon_40b,0.7309941520467836,0.19779841761265873,1.0058823529411747,0.7-0.9
world_religions,tiiuae_falcon_40b,0.7368421052631579,0.19504643962848361,1.0058823529411798,0.7-0.9
world_religions,tiiuae_falcon_40b,0.7719298245614035,0.17708978328173397,1.0058823529411778,0.7-0.9
world_religions,tiiuae_falcon_40b,0.7543859649122807,0.1863777089783275,1.005882352941173,0.7-0.9
world_religions,tiiuae_falcon_40b,0.7368421052631579,0.1950464396284837,1.0058823529411802,0.7-0.9
world_religions,tiiuae_falcon_40b,0.7251461988304093,0.20048159614723152,1.0058823529411798,0.7-0.9
world_religions,tiiuae_falcon_40b,0.7309941520467836,0.1977984176126587,1.0058823529411745,0.7-0.9
world_religions,tiiuae_falcon_40b,0.7426900584795322,0.1922256621947022,1.0058823529411751,0.7-0.9
world_religions,tiiuae_falcon_40b,0.7426900584795322,0.1922256621947022,1.0058823529411751,0.7-0.9
